row_kind	priority	content_sha256	promoted_in_release	title	source_path	risk_tier	signal_classes	finding_count	pages	finding_id	pattern_id	page	extraction_path	review_bundle_dir	prior_v1_decision_not_extended	currentness_declared	allowed_options	HUMAN_DECISION	FINDING_DISPOSITION	JUSTIFICATION_CATEGORY	REVIEWER_LOGIN	EVIDENCE_REFERENCE	COMMENT
CURRENTNESS_CONTENT	P1_PROMOTED_BLOCKS_RELEASE	174f273ff25818064be60cd4c7cded89ab8f257de484b32a21250578f323149b	true		01_EDUSCOL_OFFICIEL/LYCEE/TRANSVERSAL_MULTI_NIVEAUX/90_ARCHIVE_CATALOGUE/DGEMC/07_DIAPORAMAS_SUPPORTS/2021/glossaire--174f273ff2.pdf											ARCHIVE_DECLARED	KEEP_IF_STILL_CURRENT_WITH_EVIDENCE|REPLACE_WITH_CURRENT_SOURCE|EXCLUDE_FROM_PROMOTED_RELEASE|HUMAN_REVIEW_REQUIRED	EXCLUDE_FROM_PROMOTED_RELEASE			abenrhouma		Proposition : exclusion. La source déclare ce document archivé et ADR-0055 le refuse ; aucune source en vigueur vérifiée n'est disponible pour un remplacement.
CURRENTNESS_CONTENT	P1_PROMOTED_BLOCKS_RELEASE	ccffe628bbd64e34a8442a045f95ec2ef65109765c0a0a476c0156aa84a5f9a2	true		01_EDUSCOL_OFFICIEL/LYCEE/SECONDE/SVT/04_EVALUATIONS_EXAMENS/2024/pour-la-voie-technologique--ccffe628bb.pdf											ARCHIVE_DECLARED	KEEP_IF_STILL_CURRENT_WITH_EVIDENCE|REPLACE_WITH_CURRENT_SOURCE|EXCLUDE_FROM_PROMOTED_RELEASE|HUMAN_REVIEW_REQUIRED	EXCLUDE_FROM_PROMOTED_RELEASE			abenrhouma		Proposition : exclusion. La source déclare ce document archivé et ADR-0055 le refuse ; aucune source en vigueur vérifiée n'est disponible pour un remplacement.
CURRENTNESS_CONTENT	P1_PROMOTED_BLOCKS_RELEASE	dc58fcc42ef9b4e6d15a129124eff54ce5d76e0e16e1e4f62115b64482e94fd2	true		01_EDUSCOL_OFFICIEL/LYCEE/SECONDE/SVT/04_EVALUATIONS_EXAMENS/2024/pour-la-voie-generale--dc58fcc42e.pdf											ARCHIVE_DECLARED	KEEP_IF_STILL_CURRENT_WITH_EVIDENCE|REPLACE_WITH_CURRENT_SOURCE|EXCLUDE_FROM_PROMOTED_RELEASE|HUMAN_REVIEW_REQUIRED	EXCLUDE_FROM_PROMOTED_RELEASE			abenrhouma		Proposition : exclusion. La source déclare ce document archivé et ADR-0055 le refuse ; aucune source en vigueur vérifiée n'est disponible pour un remplacement.
PII_CONTENT	P1_PROMOTED_BLOCKS_RELEASE	703cbd759841b016d5acac15df02a3c17ef273430e28f46fd5d9498b0606d3f5	true	le-paradigme-fonctionnel-pdf-404-66-ko--703cbd7598	01_EDUSCOL_OFFICIEL/LYCEE/TERMINALE/NSI/04_EVALUATIONS_EXAMENS/2021/le-paradigme-fonctionnel-pdf-404-66-ko--703cbd7598.pdf	ELEVE	french_ssn|phone_french	6	4					703cbd759841b016d5acac15df02a3c17ef273430e28f46fd5d9498b0606d3f5	APPROVED/TECHNICAL_FALSE_POSITIVE	NEEDS_SECONDARY_EVIDENCE	PII_CLEARED|PII_REDACTION_REQUIRED|EXCLUDE_FROM_SERVABLE_SET|HUMAN_REVIEW_REQUIRED	PII_CLEARED		TECHNICAL_FALSE_POSITIVE	abenrhouma		Adresses mémoire internes Python générées par la fonction id() dans un cours didactique.
PII_FINDING	P1_PROMOTED_BLOCKS_RELEASE	703cbd759841b016d5acac15df02a3c17ef273430e28f46fd5d9498b0606d3f5	true			ELEVE				0c4ca5b9126177c767716b690da95421f6056bac0968a735e4ef595e5a9ef6b8	phone_french	4	NATIVE_TEXT	703cbd759841b016d5acac15df02a3c17ef273430e28f46fd5d9498b0606d3f5			FALSE_POSITIVE_TECHNICAL|PUBLIC_INSTITUTIONAL_DATA|SYNTHETIC_EXAMPLE|PERSONAL_DATA_PRESENT		FALSE_POSITIVE_TECHNICAL				
PII_FINDING	P1_PROMOTED_BLOCKS_RELEASE	703cbd759841b016d5acac15df02a3c17ef273430e28f46fd5d9498b0606d3f5	true			ELEVE				0ed726be2ca3ecafe5dedf214e4c34e3418ad144cd3c78eae314cff5e5a8ffb8	french_ssn	4	NATIVE_TEXT	703cbd759841b016d5acac15df02a3c17ef273430e28f46fd5d9498b0606d3f5			FALSE_POSITIVE_TECHNICAL|PUBLIC_INSTITUTIONAL_DATA|SYNTHETIC_EXAMPLE|PERSONAL_DATA_PRESENT		FALSE_POSITIVE_TECHNICAL				
PII_FINDING	P1_PROMOTED_BLOCKS_RELEASE	703cbd759841b016d5acac15df02a3c17ef273430e28f46fd5d9498b0606d3f5	true			ELEVE				77694e9e65ac8bf18b60cdd99e0a3457bb8af1a848cb50b08477622a98d8f87e	phone_french	4	NATIVE_TEXT	703cbd759841b016d5acac15df02a3c17ef273430e28f46fd5d9498b0606d3f5			FALSE_POSITIVE_TECHNICAL|PUBLIC_INSTITUTIONAL_DATA|SYNTHETIC_EXAMPLE|PERSONAL_DATA_PRESENT		FALSE_POSITIVE_TECHNICAL				
PII_FINDING	P1_PROMOTED_BLOCKS_RELEASE	703cbd759841b016d5acac15df02a3c17ef273430e28f46fd5d9498b0606d3f5	true			ELEVE				adff4d5c1c77f78bba666119997bfa82467ed48958afbf46e5b29be5b1a873b7	french_ssn	4	NATIVE_TEXT	703cbd759841b016d5acac15df02a3c17ef273430e28f46fd5d9498b0606d3f5			FALSE_POSITIVE_TECHNICAL|PUBLIC_INSTITUTIONAL_DATA|SYNTHETIC_EXAMPLE|PERSONAL_DATA_PRESENT		FALSE_POSITIVE_TECHNICAL				
PII_FINDING	P1_PROMOTED_BLOCKS_RELEASE	703cbd759841b016d5acac15df02a3c17ef273430e28f46fd5d9498b0606d3f5	true			ELEVE				cf8e243f1662fafc63884a5bea96ddbb206c3d707fc3e29838a24fa81c0c15ea	french_ssn	4	NATIVE_TEXT	703cbd759841b016d5acac15df02a3c17ef273430e28f46fd5d9498b0606d3f5			FALSE_POSITIVE_TECHNICAL|PUBLIC_INSTITUTIONAL_DATA|SYNTHETIC_EXAMPLE|PERSONAL_DATA_PRESENT		FALSE_POSITIVE_TECHNICAL				
PII_FINDING	P1_PROMOTED_BLOCKS_RELEASE	703cbd759841b016d5acac15df02a3c17ef273430e28f46fd5d9498b0606d3f5	true			ELEVE				cf9ca24cdc4fde18347b87b2afa3cdfff5c2eb041e330866b24e26c7438fb02c	french_ssn	4	NATIVE_TEXT	703cbd759841b016d5acac15df02a3c17ef273430e28f46fd5d9498b0606d3f5			FALSE_POSITIVE_TECHNICAL|PUBLIC_INSTITUTIONAL_DATA|SYNTHETIC_EXAMPLE|PERSONAL_DATA_PRESENT		FALSE_POSITIVE_TECHNICAL				
PII_CONTENT	P1_PROMOTED_BLOCKS_RELEASE	04bf557a574c4d553fab35eb3175f6f638dd129ffa785ca640367ae5c109881c	true	la-conservation-des-genomes-stabilite-genetique-et-evolution-clonale-remobiliser-des-prerequis-et-presentation-orale-pdf-1-19-mo--04bf557a57	01_EDUSCOL_OFFICIEL/LYCEE/SECONDE/SVT/04_EVALUATIONS_EXAMENS/2021/la-conservation-des-genomes-stabilite-genetique-et-evolution-clonale-remobiliser-des-prerequis-et-presentation-orale-pdf-1-19-mo--04bf557a57.pdf	MOYEN	postal_address	1	9					04bf557a574c4d553fab35eb3175f6f638dd129ffa785ca640367ae5c109881c	APPROVED/TECHNICAL_FALSE_POSITIVE	NEEDS_SECONDARY_EVIDENCE	PII_CLEARED|PII_REDACTION_REQUIRED|EXCLUDE_FROM_SERVABLE_SET|HUMAN_REVIEW_REQUIRED	PII_CLEARED		TECHNICAL_FALSE_POSITIVE	abenrhouma		Identifiant technique de ressource vidéo extrait d’une URL didactique.
PII_FINDING	P1_PROMOTED_BLOCKS_RELEASE	04bf557a574c4d553fab35eb3175f6f638dd129ffa785ca640367ae5c109881c	true			MOYEN				cedd292b65b2c853196536d0a5e8b32e8cb2499c1a507b512038378d454b5b3f	postal_address	9	NATIVE_TEXT	04bf557a574c4d553fab35eb3175f6f638dd129ffa785ca640367ae5c109881c			FALSE_POSITIVE_TECHNICAL|PUBLIC_INSTITUTIONAL_DATA|SYNTHETIC_EXAMPLE|PERSONAL_DATA_PRESENT		FALSE_POSITIVE_TECHNICAL				
PII_CONTENT	P1_PROMOTED_BLOCKS_RELEASE	0dda163a792284e1e0df97c0ee72e8c04722bd145684db49a7095cb3b8e6ddc3	true	former-les-eleves-a-des-techniques-de-biologie-moleculaire-et-de-bioinformatique-et-apprehender-le-concept-d-holobionte-pdf-5-31-m--0dda163a79	01_EDUSCOL_OFFICIEL/LYCEE/SECONDE/SVT/09_AUTRES/2020/former-les-eleves-a-des-techniques-de-biologie-moleculaire-et-de-bioinformatique-et-apprehender-le-concept-d-holobionte-pdf-5-31-m--0dda163a79.pdf	MOYEN	phone_french	1	4					0dda163a792284e1e0df97c0ee72e8c04722bd145684db49a7095cb3b8e6ddc3	APPROVED/TECHNICAL_FALSE_POSITIVE	NEEDS_SECONDARY_EVIDENCE	PII_CLEARED|PII_REDACTION_REQUIRED|EXCLUDE_FROM_SERVABLE_SET|HUMAN_REVIEW_REQUIRED	PII_CLEARED		TECHNICAL_FALSE_POSITIVE	abenrhouma		Format de date d’un texte réglementaire officiel sans caractère téléphonique.
PII_FINDING	P1_PROMOTED_BLOCKS_RELEASE	0dda163a792284e1e0df97c0ee72e8c04722bd145684db49a7095cb3b8e6ddc3	true			MOYEN				450bdc3ab27452436215b8fd6bd9de4e4818a670652eddca09ad8bc044b989d9	phone_french	4	NATIVE_TEXT	0dda163a792284e1e0df97c0ee72e8c04722bd145684db49a7095cb3b8e6ddc3			FALSE_POSITIVE_TECHNICAL|PUBLIC_INSTITUTIONAL_DATA|SYNTHETIC_EXAMPLE|PERSONAL_DATA_PRESENT		FALSE_POSITIVE_TECHNICAL				
PII_CONTENT	P1_PROMOTED_BLOCKS_RELEASE	28c92cd742c6bc29890360b79d2518ae1960076b8512e5ccfe40fd0fe3572f32	true	modele-d-architecture-de-von-neumann-pdf-243-56-ko--28c92cd742	01_EDUSCOL_OFFICIEL/LYCEE/TRANSVERSAL_MULTI_NIVEAUX/80_A_VERIFIER/NSI/07_DIAPORAMAS_SUPPORTS/2019/modele-d-architecture-de-von-neumann-pdf-243-56-ko--28c92cd742.pdf	MOYEN	phone_french	4	5					28c92cd742c6bc29890360b79d2518ae1960076b8512e5ccfe40fd0fe3572f32	APPROVED/TECHNICAL_FALSE_POSITIVE	NEEDS_SECONDARY_EVIDENCE	PII_CLEARED|PII_REDACTION_REQUIRED|EXCLUDE_FROM_SERVABLE_SET|HUMAN_REVIEW_REQUIRED	PII_CLEARED		TECHNICAL_FALSE_POSITIVE	abenrhouma		Représentation binaire d’instructions dans l’architecture de Von Neumann.
PII_FINDING	P1_PROMOTED_BLOCKS_RELEASE	28c92cd742c6bc29890360b79d2518ae1960076b8512e5ccfe40fd0fe3572f32	true			MOYEN				23b76e5fd418491c84351c047355f64ed12c84577e1e6123bd3bc99c4e54ae75	phone_french	5	NATIVE_TEXT	28c92cd742c6bc29890360b79d2518ae1960076b8512e5ccfe40fd0fe3572f32			FALSE_POSITIVE_TECHNICAL|PUBLIC_INSTITUTIONAL_DATA|SYNTHETIC_EXAMPLE|PERSONAL_DATA_PRESENT		FALSE_POSITIVE_TECHNICAL				
PII_FINDING	P1_PROMOTED_BLOCKS_RELEASE	28c92cd742c6bc29890360b79d2518ae1960076b8512e5ccfe40fd0fe3572f32	true			MOYEN				72fcea96a232c641940241ecf1f3651bfe5fd768d4c54868efbc8dcc0d077500	phone_french	5	NATIVE_TEXT	28c92cd742c6bc29890360b79d2518ae1960076b8512e5ccfe40fd0fe3572f32			FALSE_POSITIVE_TECHNICAL|PUBLIC_INSTITUTIONAL_DATA|SYNTHETIC_EXAMPLE|PERSONAL_DATA_PRESENT		FALSE_POSITIVE_TECHNICAL				
PII_FINDING	P1_PROMOTED_BLOCKS_RELEASE	28c92cd742c6bc29890360b79d2518ae1960076b8512e5ccfe40fd0fe3572f32	true			MOYEN				bf51e9351d81218907b0ea199c9b69fd2c2a06cb480fa7061e6247aa8b655720	phone_french	5	NATIVE_TEXT	28c92cd742c6bc29890360b79d2518ae1960076b8512e5ccfe40fd0fe3572f32			FALSE_POSITIVE_TECHNICAL|PUBLIC_INSTITUTIONAL_DATA|SYNTHETIC_EXAMPLE|PERSONAL_DATA_PRESENT		FALSE_POSITIVE_TECHNICAL				
PII_FINDING	P1_PROMOTED_BLOCKS_RELEASE	28c92cd742c6bc29890360b79d2518ae1960076b8512e5ccfe40fd0fe3572f32	true			MOYEN				cf1b1eb22a803570ac127003be51cce73eccc15ed0d23a35cc586c4c1b8f11d7	phone_french	5	NATIVE_TEXT	28c92cd742c6bc29890360b79d2518ae1960076b8512e5ccfe40fd0fe3572f32			FALSE_POSITIVE_TECHNICAL|PUBLIC_INSTITUTIONAL_DATA|SYNTHETIC_EXAMPLE|PERSONAL_DATA_PRESENT		FALSE_POSITIVE_TECHNICAL				
PII_CONTENT	P1_PROMOTED_BLOCKS_RELEASE	28f92cfe1c81f2a4bab17aa2a9bff9a05f43a265ecad03214fe452a4ac53202d	true	ecriture-de-tests-pdf-543-48-ko--28f92cfe1c	01_EDUSCOL_OFFICIEL/LYCEE/TERMINALE/NSI/03_RESSOURCES_ACCOMPAGNEMENT/2021/ecriture-de-tests-pdf-543-48-ko--28f92cfe1c.pdf	MOYEN	postal_address	1	7					28f92cfe1c81f2a4bab17aa2a9bff9a05f43a265ecad03214fe452a4ac53202d	APPROVED/TECHNICAL_FALSE_POSITIVE	NEEDS_SECONDARY_EVIDENCE	PII_CLEARED|PII_REDACTION_REQUIRED|EXCLUDE_FROM_SERVABLE_SET|HUMAN_REVIEW_REQUIRED	PII_CLEARED		TECHNICAL_FALSE_POSITIVE	abenrhouma		Constante numérique issue d’un code source de test unitaire Python.
PII_FINDING	P1_PROMOTED_BLOCKS_RELEASE	28f92cfe1c81f2a4bab17aa2a9bff9a05f43a265ecad03214fe452a4ac53202d	true			MOYEN				da4ccf3425cb6ee4ba6cf124b9c195cfa25fec73a77b35f66a5cf0c363ae1499	postal_address	7	NATIVE_TEXT	28f92cfe1c81f2a4bab17aa2a9bff9a05f43a265ecad03214fe452a4ac53202d			FALSE_POSITIVE_TECHNICAL|PUBLIC_INSTITUTIONAL_DATA|SYNTHETIC_EXAMPLE|PERSONAL_DATA_PRESENT		FALSE_POSITIVE_TECHNICAL				
PII_CONTENT	P1_PROMOTED_BLOCKS_RELEASE	2d0745ca845f8e30192d5c59aacb9fd6f60bcdb27007b00155107aa65c25e120	true	des-ressources-numeriques-pour-accompagner-l-etude-des-uvres-au-programme-le-roman-et-le-recit-du-moyen-age-au-xxie-siecle-pdf-177--2d0745ca84	01_EDUSCOL_OFFICIEL/LYCEE/TRANSVERSAL_MULTI_NIVEAUX/80_A_VERIFIER/_MULTI_DISCIPLINES/01_PROGRAMMES_OFFICIELS/2023/des-ressources-numeriques-pour-accompagner-l-etude-des-uvres-au-programme-le-roman-et-le-recit-du-moyen-age-au-xxie-siecle-pdf-177--2d0745ca84.pdf	MOYEN	phone_french	2	5					2d0745ca845f8e30192d5c59aacb9fd6f60bcdb27007b00155107aa65c25e120	APPROVED/TECHNICAL_FALSE_POSITIVE	NEEDS_SECONDARY_EVIDENCE	PII_CLEARED|PII_REDACTION_REQUIRED|EXCLUDE_FROM_SERVABLE_SET|HUMAN_REVIEW_REQUIRED	PII_CLEARED		TECHNICAL_FALSE_POSITIVE	abenrhouma		Identifiants et dates de textes réglementaires publiés au Journal Officiel.
PII_FINDING	P1_PROMOTED_BLOCKS_RELEASE	2d0745ca845f8e30192d5c59aacb9fd6f60bcdb27007b00155107aa65c25e120	true			MOYEN				727d3c7e247e99666c2252f3981848e6d93456537957fa45ef93fc7846afeecd	phone_french	5	NATIVE_TEXT	2d0745ca845f8e30192d5c59aacb9fd6f60bcdb27007b00155107aa65c25e120			FALSE_POSITIVE_TECHNICAL|PUBLIC_INSTITUTIONAL_DATA|SYNTHETIC_EXAMPLE|PERSONAL_DATA_PRESENT		FALSE_POSITIVE_TECHNICAL				
PII_FINDING	P1_PROMOTED_BLOCKS_RELEASE	2d0745ca845f8e30192d5c59aacb9fd6f60bcdb27007b00155107aa65c25e120	true			MOYEN				99f9b712759e9ef8b82fcb9df77cd0e781c5c7b9a1905f4e9abe6a8cb6e99907	phone_french	5	NATIVE_TEXT	2d0745ca845f8e30192d5c59aacb9fd6f60bcdb27007b00155107aa65c25e120			FALSE_POSITIVE_TECHNICAL|PUBLIC_INSTITUTIONAL_DATA|SYNTHETIC_EXAMPLE|PERSONAL_DATA_PRESENT		FALSE_POSITIVE_TECHNICAL				
PII_CONTENT	P1_PROMOTED_BLOCKS_RELEASE	3f1ab328a0c11f40a0abf85dccdf29dc17d80159dc01bee189a10017d0fbd3e6	true	variation-genetique-et-sante-risque-de-transmission-de-la-mucoviscidose-chez-un-couple-dont-l-homme-est-heterozygote-composite-pdf--3f1ab328a0	01_EDUSCOL_OFFICIEL/LYCEE/SECONDE/SVT/09_AUTRES/2020/variation-genetique-et-sante-risque-de-transmission-de-la-mucoviscidose-chez-un-couple-dont-l-homme-est-heterozygote-composite-pdf--3f1ab328a0.pdf	MOYEN	postal_address	2	8|9					3f1ab328a0c11f40a0abf85dccdf29dc17d80159dc01bee189a10017d0fbd3e6	APPROVED/PUBLIC_OFFICIAL_PUBLICATION	NEEDS_SECONDARY_EVIDENCE	PII_CLEARED|PII_REDACTION_REQUIRED|EXCLUDE_FROM_SERVABLE_SET|HUMAN_REVIEW_REQUIRED	PII_CLEARED		PUBLIC_OFFICIAL_PUBLICATION	abenrhouma		Adresse publique institutionnelle du rectorat de Créteil et exemple didactique.
PII_FINDING	P1_PROMOTED_BLOCKS_RELEASE	3f1ab328a0c11f40a0abf85dccdf29dc17d80159dc01bee189a10017d0fbd3e6	true			MOYEN				1243c0aae06fb362741a4edcacc3b35c4c3a7cb6ffd0e0db3580c976f3c50458	postal_address	9	NATIVE_TEXT	3f1ab328a0c11f40a0abf85dccdf29dc17d80159dc01bee189a10017d0fbd3e6			FALSE_POSITIVE_TECHNICAL|PUBLIC_INSTITUTIONAL_DATA|SYNTHETIC_EXAMPLE|PERSONAL_DATA_PRESENT		SYNTHETIC_EXAMPLE				
PII_FINDING	P1_PROMOTED_BLOCKS_RELEASE	3f1ab328a0c11f40a0abf85dccdf29dc17d80159dc01bee189a10017d0fbd3e6	true			MOYEN				afe0a3e64f1b7d32bd00310371a3051530b3e63ab51e4c3b263c9d5a742a5535	postal_address	8	NATIVE_TEXT	3f1ab328a0c11f40a0abf85dccdf29dc17d80159dc01bee189a10017d0fbd3e6			FALSE_POSITIVE_TECHNICAL|PUBLIC_INSTITUTIONAL_DATA|SYNTHETIC_EXAMPLE|PERSONAL_DATA_PRESENT		PUBLIC_INSTITUTIONAL_DATA				
PII_CONTENT	P1_PROMOTED_BLOCKS_RELEASE	447bdee89af9f0ab07460bd279f81647824c2d91ba7be1eff6daa133c5e8467d	true	types-construits-en-python-pdf-159-07-ko--447bdee89a	01_EDUSCOL_OFFICIEL/LYCEE/PREMIERE/NSI/07_DIAPORAMAS_SUPPORTS/2019/types-construits-en-python-pdf-159-07-ko--447bdee89a.pdf	MOYEN	phone_french	1	3					447bdee89af9f0ab07460bd279f81647824c2d91ba7be1eff6daa133c5e8467d	APPROVED/TECHNICAL_FALSE_POSITIVE	CURRENT_DECLARED	PII_CLEARED|PII_REDACTION_REQUIRED|EXCLUDE_FROM_SERVABLE_SET|HUMAN_REVIEW_REQUIRED	PII_CLEARED		TECHNICAL_FALSE_POSITIVE	abenrhouma		Coordonnées numériques d’exemple dans un script de calcul géométrique.
PII_FINDING	P1_PROMOTED_BLOCKS_RELEASE	447bdee89af9f0ab07460bd279f81647824c2d91ba7be1eff6daa133c5e8467d	true			MOYEN				6b089fae72898b3bf2a0591f8fccd8e03ca33e65eb0f760639798e99c8197218	phone_french	3	NATIVE_TEXT	447bdee89af9f0ab07460bd279f81647824c2d91ba7be1eff6daa133c5e8467d			FALSE_POSITIVE_TECHNICAL|PUBLIC_INSTITUTIONAL_DATA|SYNTHETIC_EXAMPLE|PERSONAL_DATA_PRESENT		FALSE_POSITIVE_TECHNICAL				
PII_CONTENT	P1_PROMOTED_BLOCKS_RELEASE	461e89b1b1a24a83a1598fe3d55a1aa040d9e305f63b8348bc6042ce96d5687b	true	manipulation-de-tables-pdf-144-44-ko--461e89b1b1	01_EDUSCOL_OFFICIEL/LYCEE/PREMIERE/NSI/07_DIAPORAMAS_SUPPORTS/2019/manipulation-de-tables-pdf-144-44-ko--461e89b1b1.pdf	MOYEN	postal_address	3	1					461e89b1b1a24a83a1598fe3d55a1aa040d9e305f63b8348bc6042ce96d5687b	APPROVED/PEDAGOGICAL_EXAMPLE	NEEDS_SECONDARY_EVIDENCE	PII_CLEARED|PII_REDACTION_REQUIRED|EXCLUDE_FROM_SERVABLE_SET|HUMAN_REVIEW_REQUIRED	PII_CLEARED		PEDAGOGICAL_EXAMPLE	abenrhouma		Données tabulaires CSV didactiques de populations d’exemple international.
PII_FINDING	P1_PROMOTED_BLOCKS_RELEASE	461e89b1b1a24a83a1598fe3d55a1aa040d9e305f63b8348bc6042ce96d5687b	true			MOYEN				0c983ae20a92bea9487740cfc9f180e4a42244696dffd883c490728efd6e2498	postal_address	1	NATIVE_TEXT	461e89b1b1a24a83a1598fe3d55a1aa040d9e305f63b8348bc6042ce96d5687b			FALSE_POSITIVE_TECHNICAL|PUBLIC_INSTITUTIONAL_DATA|SYNTHETIC_EXAMPLE|PERSONAL_DATA_PRESENT		SYNTHETIC_EXAMPLE				
PII_FINDING	P1_PROMOTED_BLOCKS_RELEASE	461e89b1b1a24a83a1598fe3d55a1aa040d9e305f63b8348bc6042ce96d5687b	true			MOYEN				b23ccb811db8f08cc957bc5db2d289c0f7ef3e96f4609e3ce6eddbca57aeebe1	postal_address	1	NATIVE_TEXT	461e89b1b1a24a83a1598fe3d55a1aa040d9e305f63b8348bc6042ce96d5687b			FALSE_POSITIVE_TECHNICAL|PUBLIC_INSTITUTIONAL_DATA|SYNTHETIC_EXAMPLE|PERSONAL_DATA_PRESENT		SYNTHETIC_EXAMPLE				
PII_FINDING	P1_PROMOTED_BLOCKS_RELEASE	461e89b1b1a24a83a1598fe3d55a1aa040d9e305f63b8348bc6042ce96d5687b	true			MOYEN				f7a1a15350c4eb39215f5a9f0cb15a2776108857b0af3ae1820096d9ebbaf28b	postal_address	1	NATIVE_TEXT	461e89b1b1a24a83a1598fe3d55a1aa040d9e305f63b8348bc6042ce96d5687b			FALSE_POSITIVE_TECHNICAL|PUBLIC_INSTITUTIONAL_DATA|SYNTHETIC_EXAMPLE|PERSONAL_DATA_PRESENT		SYNTHETIC_EXAMPLE				
PII_CONTENT	P1_PROMOTED_BLOCKS_RELEASE	5a8d69d488b341c6d82e0bafbef8fc8ce920392681548e209532021684907f54	true	dossier-de-presse-eutrophisation-pdf-1-54-mo--5a8d69d488	01_EDUSCOL_OFFICIEL/LYCEE/SECONDE/SVT/09_AUTRES/2014/dossier-de-presse-eutrophisation-pdf-1-54-mo--5a8d69d488.pdf	MOYEN	email_address|phone_french	3	17					5a8d69d488b341c6d82e0bafbef8fc8ce920392681548e209532021684907f54	APPROVED/INSTITUTIONAL_CONTACT	NEEDS_SECONDARY_EVIDENCE	PII_CLEARED|PII_REDACTION_REQUIRED|EXCLUDE_FROM_SERVABLE_SET|HUMAN_REVIEW_REQUIRED	PII_CLEARED		INSTITUTIONAL_CONTACT	abenrhouma		Contacts presse officiels de l’Agence de l’eau Seine-Normandie dans un dossier de presse.
PII_FINDING	P1_PROMOTED_BLOCKS_RELEASE	5a8d69d488b341c6d82e0bafbef8fc8ce920392681548e209532021684907f54	true			MOYEN				b4194430c6ffc91950b5699ddf5a45ab93334b499ff6ef5e4ae1acd63cd3050f	email_address	17	NATIVE_TEXT	5a8d69d488b341c6d82e0bafbef8fc8ce920392681548e209532021684907f54			FALSE_POSITIVE_TECHNICAL|PUBLIC_INSTITUTIONAL_DATA|SYNTHETIC_EXAMPLE|PERSONAL_DATA_PRESENT		PUBLIC_INSTITUTIONAL_DATA				
PII_FINDING	P1_PROMOTED_BLOCKS_RELEASE	5a8d69d488b341c6d82e0bafbef8fc8ce920392681548e209532021684907f54	true			MOYEN				e6b35f3c5be0aabc2ada88ca99ba16629ecc5fd538bd8ccce61f946ebc02107e	phone_french	17	NATIVE_TEXT	5a8d69d488b341c6d82e0bafbef8fc8ce920392681548e209532021684907f54			FALSE_POSITIVE_TECHNICAL|PUBLIC_INSTITUTIONAL_DATA|SYNTHETIC_EXAMPLE|PERSONAL_DATA_PRESENT		PUBLIC_INSTITUTIONAL_DATA				
PII_FINDING	P1_PROMOTED_BLOCKS_RELEASE	5a8d69d488b341c6d82e0bafbef8fc8ce920392681548e209532021684907f54	true			MOYEN				ef8b2991a612ee9be4883b29bf2260d33883a8e0097ce2c1e07c209b706e04d0	phone_french	17	NATIVE_TEXT	5a8d69d488b341c6d82e0bafbef8fc8ce920392681548e209532021684907f54			FALSE_POSITIVE_TECHNICAL|PUBLIC_INSTITUTIONAL_DATA|SYNTHETIC_EXAMPLE|PERSONAL_DATA_PRESENT		PUBLIC_INSTITUTIONAL_DATA				
PII_CONTENT	P1_PROMOTED_BLOCKS_RELEASE	62d9ac2834082bce93300fd19cc042595fcd506e94c9cabc80bb942c2d798380	true	qu-est-ce-que-la-monnaie-et-comment-est-elle-creee-pdf-531-52-ko--62d9ac2834	01_EDUSCOL_OFFICIEL/LYCEE/TRANSVERSAL_MULTI_NIVEAUX/80_A_VERIFIER/SES/03_RESSOURCES_ACCOMPAGNEMENT/2019/qu-est-ce-que-la-monnaie-et-comment-est-elle-creee-pdf-531-52-ko--62d9ac2834.pdf	MOYEN	postal_address	1	8					62d9ac2834082bce93300fd19cc042595fcd506e94c9cabc80bb942c2d798380	APPROVED/INSTITUTIONAL_CONTACT	NEEDS_SECONDARY_EVIDENCE	PII_CLEARED|PII_REDACTION_REQUIRED|EXCLUDE_FROM_SERVABLE_SET|HUMAN_REVIEW_REQUIRED	PII_CLEARED		INSTITUTIONAL_CONTACT	abenrhouma		Adresse postale publique de la Cité de l’économie Banque de France.
PII_FINDING	P1_PROMOTED_BLOCKS_RELEASE	62d9ac2834082bce93300fd19cc042595fcd506e94c9cabc80bb942c2d798380	true			MOYEN				18de8ca14060faca9e415953b34b4a662354b5f669996dfb2517fd556cd03bc2	postal_address	8	NATIVE_TEXT	62d9ac2834082bce93300fd19cc042595fcd506e94c9cabc80bb942c2d798380			FALSE_POSITIVE_TECHNICAL|PUBLIC_INSTITUTIONAL_DATA|SYNTHETIC_EXAMPLE|PERSONAL_DATA_PRESENT		PUBLIC_INSTITUTIONAL_DATA				
PII_CONTENT	P1_PROMOTED_BLOCKS_RELEASE	6a7942128b8404ac0b98e819c0f1482a6bac353bd2ea5a6269f7081676a65150	true	la-question-de-grammaire-de-l-epreuve-anticipee-orale-de-francais-precisions-sur-sa-definition--6a7942128b	01_EDUSCOL_OFFICIEL/LYCEE/PREMIERE/FRANCAIS/01_PROGRAMMES_OFFICIELS/2022/la-question-de-grammaire-de-l-epreuve-anticipee-orale-de-francais-precisions-sur-sa-definition--6a7942128b.pdf	MOYEN	postal_address	1	3					6a7942128b8404ac0b98e819c0f1482a6bac353bd2ea5a6269f7081676a65150	APPROVED/TECHNICAL_FALSE_POSITIVE	NEEDS_SECONDARY_EVIDENCE	PII_CLEARED|PII_REDACTION_REQUIRED|EXCLUDE_FROM_SERVABLE_SET|HUMAN_REVIEW_REQUIRED	PII_CLEARED		TECHNICAL_FALSE_POSITIVE	abenrhouma		Numéro de référence didactique dans un exemple de question de grammaire.
PII_FINDING	P1_PROMOTED_BLOCKS_RELEASE	6a7942128b8404ac0b98e819c0f1482a6bac353bd2ea5a6269f7081676a65150	true			MOYEN				f968b36b71b41d048348a7fd039b2ff8f39d3a752ad47ebb5f7e5b41b07ca9a3	postal_address	3	NATIVE_TEXT	6a7942128b8404ac0b98e819c0f1482a6bac353bd2ea5a6269f7081676a65150			FALSE_POSITIVE_TECHNICAL|PUBLIC_INSTITUTIONAL_DATA|SYNTHETIC_EXAMPLE|PERSONAL_DATA_PRESENT		FALSE_POSITIVE_TECHNICAL				
PII_CONTENT	P1_PROMOTED_BLOCKS_RELEASE	936c1e54b1099bfb06a30ed68c743c9e3d1b51db4158ef7e5a4ae786caad080a	true	les-circuits-pdf-4-51-mo--936c1e54b1	01_EDUSCOL_OFFICIEL/LYCEE/TRANSVERSAL_MULTI_NIVEAUX/80_A_VERIFIER/NSI/09_AUTRES/2021/les-circuits-pdf-4-51-mo--936c1e54b1.pdf	MOYEN	postal_address|student_name_pattern	2	12|14					936c1e54b1099bfb06a30ed68c743c9e3d1b51db4158ef7e5a4ae786caad080a	APPROVED/TECHNICAL_FALSE_POSITIVE	NEEDS_SECONDARY_EVIDENCE	PII_CLEARED|PII_REDACTION_REQUIRED|EXCLUDE_FROM_SERVABLE_SET|HUMAN_REVIEW_REQUIRED	PII_CLEARED		TECHNICAL_FALSE_POSITIVE	abenrhouma		En-tête de tableau descriptif de microprocesseurs et référence bibliographique.
PII_FINDING	P1_PROMOTED_BLOCKS_RELEASE	936c1e54b1099bfb06a30ed68c743c9e3d1b51db4158ef7e5a4ae786caad080a	true			MOYEN				4fedf8a2646f2b30f65953f2403a7701416e959451531308ef60ff53042ab7be	student_name_pattern	12	NATIVE_TEXT	936c1e54b1099bfb06a30ed68c743c9e3d1b51db4158ef7e5a4ae786caad080a			FALSE_POSITIVE_TECHNICAL|PUBLIC_INSTITUTIONAL_DATA|SYNTHETIC_EXAMPLE|PERSONAL_DATA_PRESENT		FALSE_POSITIVE_TECHNICAL				
PII_FINDING	P1_PROMOTED_BLOCKS_RELEASE	936c1e54b1099bfb06a30ed68c743c9e3d1b51db4158ef7e5a4ae786caad080a	true			MOYEN				8048421a6d460eb4639c844e9c966df1a11e9682d23c158d318d6a4d2da79cc3	postal_address	14	NATIVE_TEXT	936c1e54b1099bfb06a30ed68c743c9e3d1b51db4158ef7e5a4ae786caad080a			FALSE_POSITIVE_TECHNICAL|PUBLIC_INSTITUTIONAL_DATA|SYNTHETIC_EXAMPLE|PERSONAL_DATA_PRESENT		FALSE_POSITIVE_TECHNICAL				
PII_CONTENT	P1_PROMOTED_BLOCKS_RELEASE	93b7e446273c0d36863ab8f86a39fb91dccb920ebd00e5be020f559253f9a17d	true	diversite-et-unite-des-langages-de-programmation-pdf-161-08-ko--93b7e44627	01_EDUSCOL_OFFICIEL/LYCEE/TRANSVERSAL_MULTI_NIVEAUX/80_A_VERIFIER/NSI/07_DIAPORAMAS_SUPPORTS/2019/diversite-et-unite-des-langages-de-programmation-pdf-161-08-ko--93b7e44627.pdf	MOYEN	postal_address	1	5					93b7e446273c0d36863ab8f86a39fb91dccb920ebd00e5be020f559253f9a17d	APPROVED/TECHNICAL_FALSE_POSITIVE	NEEDS_SECONDARY_EVIDENCE	PII_CLEARED|PII_REDACTION_REQUIRED|EXCLUDE_FROM_SERVABLE_SET|HUMAN_REVIEW_REQUIRED	PII_CLEARED		TECHNICAL_FALSE_POSITIVE	abenrhouma		Déclaration de constante et longueur de tableau dans un programme Cobol d’exemple.
PII_FINDING	P1_PROMOTED_BLOCKS_RELEASE	93b7e446273c0d36863ab8f86a39fb91dccb920ebd00e5be020f559253f9a17d	true			MOYEN				7b7b4c3f6c932354796483944130d2abc2c5dbe46dcac6abfad360e7ad7891b8	postal_address	5	NATIVE_TEXT	93b7e446273c0d36863ab8f86a39fb91dccb920ebd00e5be020f559253f9a17d			FALSE_POSITIVE_TECHNICAL|PUBLIC_INSTITUTIONAL_DATA|SYNTHETIC_EXAMPLE|PERSONAL_DATA_PRESENT		FALSE_POSITIVE_TECHNICAL				
PII_CONTENT	P1_PROMOTED_BLOCKS_RELEASE	d05da0bb13bdad4745e0310f24bdab1bcd7df5bfa0a99fbc7ae4238898e220b2	true	securisation-des-communications-pdf-874-59-ko--d05da0bb13	01_EDUSCOL_OFFICIEL/LYCEE/TRANSVERSAL_MULTI_NIVEAUX/80_A_VERIFIER/NSI/03_RESSOURCES_ACCOMPAGNEMENT/2021/securisation-des-communications-pdf-874-59-ko--d05da0bb13.pdf	MOYEN	postal_address	3	7					d05da0bb13bdad4745e0310f24bdab1bcd7df5bfa0a99fbc7ae4238898e220b2	APPROVED/TECHNICAL_FALSE_POSITIVE	NEEDS_SECONDARY_EVIDENCE	PII_CLEARED|PII_REDACTION_REQUIRED|EXCLUDE_FROM_SERVABLE_SET|HUMAN_REVIEW_REQUIRED	PII_CLEARED		TECHNICAL_FALSE_POSITIVE	abenrhouma		Opérations binaires logiques de chiffrement avec l’opérateur booléen XOR.
PII_FINDING	P1_PROMOTED_BLOCKS_RELEASE	d05da0bb13bdad4745e0310f24bdab1bcd7df5bfa0a99fbc7ae4238898e220b2	true			MOYEN				4583963bffe6842c9a33f9e64bebda591fde4dc8d5b9502be9116871d2ce287e	postal_address	7	NATIVE_TEXT	d05da0bb13bdad4745e0310f24bdab1bcd7df5bfa0a99fbc7ae4238898e220b2			FALSE_POSITIVE_TECHNICAL|PUBLIC_INSTITUTIONAL_DATA|SYNTHETIC_EXAMPLE|PERSONAL_DATA_PRESENT		FALSE_POSITIVE_TECHNICAL				
PII_FINDING	P1_PROMOTED_BLOCKS_RELEASE	d05da0bb13bdad4745e0310f24bdab1bcd7df5bfa0a99fbc7ae4238898e220b2	true			MOYEN				bb950d4c531e80ca38ad275061407b0406b958b73f9913fc91e9a9e29a0670d5	postal_address	7	NATIVE_TEXT	d05da0bb13bdad4745e0310f24bdab1bcd7df5bfa0a99fbc7ae4238898e220b2			FALSE_POSITIVE_TECHNICAL|PUBLIC_INSTITUTIONAL_DATA|SYNTHETIC_EXAMPLE|PERSONAL_DATA_PRESENT		FALSE_POSITIVE_TECHNICAL				
PII_FINDING	P1_PROMOTED_BLOCKS_RELEASE	d05da0bb13bdad4745e0310f24bdab1bcd7df5bfa0a99fbc7ae4238898e220b2	true			MOYEN				cd68c951333a33be04cc5af90101e49267a2ae50d7e08a55b7012edbd8ed3f7e	postal_address	7	NATIVE_TEXT	d05da0bb13bdad4745e0310f24bdab1bcd7df5bfa0a99fbc7ae4238898e220b2			FALSE_POSITIVE_TECHNICAL|PUBLIC_INSTITUTIONAL_DATA|SYNTHETIC_EXAMPLE|PERSONAL_DATA_PRESENT		FALSE_POSITIVE_TECHNICAL				
PII_CONTENT	P1_PROMOTED_BLOCKS_RELEASE	e1309f6255fbbc93d554c71b0ab2e98d176d27870edd15432d1b48a614d57294	true	trajectoires-et-strategies-d-attenuation-pdf-1-43-mo--e1309f6255	01_EDUSCOL_OFFICIEL/LYCEE/SECONDE/SVT/04_EVALUATIONS_EXAMENS/2020/trajectoires-et-strategies-d-attenuation-pdf-1-43-mo--e1309f6255.pdf	MOYEN	phone_french	1	9					e1309f6255fbbc93d554c71b0ab2e98d176d27870edd15432d1b48a614d57294	APPROVED/INSTITUTIONAL_CONTACT	NEEDS_SECONDARY_EVIDENCE	PII_CLEARED|PII_REDACTION_REQUIRED|EXCLUDE_FROM_SERVABLE_SET|HUMAN_REVIEW_REQUIRED	PII_CLEARED		INSTITUTIONAL_CONTACT	abenrhouma		Numéro vert institutionnel gratuit d’information et d’orientation publique.
PII_FINDING	P1_PROMOTED_BLOCKS_RELEASE	e1309f6255fbbc93d554c71b0ab2e98d176d27870edd15432d1b48a614d57294	true			MOYEN				394d8a3ffe40a6df75e797741bb48bce072b190fe4729dc212a205ec688c2fd3	phone_french	9	NATIVE_TEXT	e1309f6255fbbc93d554c71b0ab2e98d176d27870edd15432d1b48a614d57294			FALSE_POSITIVE_TECHNICAL|PUBLIC_INSTITUTIONAL_DATA|SYNTHETIC_EXAMPLE|PERSONAL_DATA_PRESENT		PUBLIC_INSTITUTIONAL_DATA				
PII_CONTENT	P1_PROMOTED_BLOCKS_RELEASE	e20b73d10c46a2e681422756b7f981911d752fe8ae3721db4c0156a099070bdc	true	representation-des-entiers-naturels-pdf-167-2-ko--e20b73d10c	01_EDUSCOL_OFFICIEL/LYCEE/PREMIERE/NSI/07_DIAPORAMAS_SUPPORTS/2019/representation-des-entiers-naturels-pdf-167-2-ko--e20b73d10c.pdf	MOYEN	phone_french|postal_address	5	2|4|5|6					e20b73d10c46a2e681422756b7f981911d752fe8ae3721db4c0156a099070bdc	APPROVED/TECHNICAL_FALSE_POSITIVE	NEEDS_SECONDARY_EVIDENCE	PII_CLEARED|PII_REDACTION_REQUIRED|EXCLUDE_FROM_SERVABLE_SET|HUMAN_REVIEW_REQUIRED	PII_CLEARED		TECHNICAL_FALSE_POSITIVE	abenrhouma		Suite de chiffres décimaux et conversions en base octale dans un algorithme.
PII_FINDING	P1_PROMOTED_BLOCKS_RELEASE	e20b73d10c46a2e681422756b7f981911d752fe8ae3721db4c0156a099070bdc	true			MOYEN				767a0a73561bc622f421080cc9a834755fbb3715ff3128c36a1586746b910ed1	phone_french	5	NATIVE_TEXT	e20b73d10c46a2e681422756b7f981911d752fe8ae3721db4c0156a099070bdc			FALSE_POSITIVE_TECHNICAL|PUBLIC_INSTITUTIONAL_DATA|SYNTHETIC_EXAMPLE|PERSONAL_DATA_PRESENT		FALSE_POSITIVE_TECHNICAL				
PII_FINDING	P1_PROMOTED_BLOCKS_RELEASE	e20b73d10c46a2e681422756b7f981911d752fe8ae3721db4c0156a099070bdc	true			MOYEN				bbf6044accb2ffb13ad5892a9dd9d0a108cbb1fe5461d4068ea43e6eeeeac935	postal_address	2	NATIVE_TEXT	e20b73d10c46a2e681422756b7f981911d752fe8ae3721db4c0156a099070bdc			FALSE_POSITIVE_TECHNICAL|PUBLIC_INSTITUTIONAL_DATA|SYNTHETIC_EXAMPLE|PERSONAL_DATA_PRESENT		FALSE_POSITIVE_TECHNICAL				
PII_FINDING	P1_PROMOTED_BLOCKS_RELEASE	e20b73d10c46a2e681422756b7f981911d752fe8ae3721db4c0156a099070bdc	true			MOYEN				c2ead8ec87ae448ff699dfe715d3d8625344bdc4436ab9bc7c62a774f22db431	phone_french	6	NATIVE_TEXT	e20b73d10c46a2e681422756b7f981911d752fe8ae3721db4c0156a099070bdc			FALSE_POSITIVE_TECHNICAL|PUBLIC_INSTITUTIONAL_DATA|SYNTHETIC_EXAMPLE|PERSONAL_DATA_PRESENT		FALSE_POSITIVE_TECHNICAL				
PII_FINDING	P1_PROMOTED_BLOCKS_RELEASE	e20b73d10c46a2e681422756b7f981911d752fe8ae3721db4c0156a099070bdc	true			MOYEN				cb4f8445764be264420bd7f1f210bf73a0b9cef171539303b509300983ffcfe1	phone_french	5	NATIVE_TEXT	e20b73d10c46a2e681422756b7f981911d752fe8ae3721db4c0156a099070bdc			FALSE_POSITIVE_TECHNICAL|PUBLIC_INSTITUTIONAL_DATA|SYNTHETIC_EXAMPLE|PERSONAL_DATA_PRESENT		FALSE_POSITIVE_TECHNICAL				
PII_FINDING	P1_PROMOTED_BLOCKS_RELEASE	e20b73d10c46a2e681422756b7f981911d752fe8ae3721db4c0156a099070bdc	true			MOYEN				f533857351c399cdda3fffd0c9a261fd47757a9159fd6d32a0adc6b10bc73a27	phone_french	4	NATIVE_TEXT	e20b73d10c46a2e681422756b7f981911d752fe8ae3721db4c0156a099070bdc			FALSE_POSITIVE_TECHNICAL|PUBLIC_INSTITUTIONAL_DATA|SYNTHETIC_EXAMPLE|PERSONAL_DATA_PRESENT		FALSE_POSITIVE_TECHNICAL				
PII_CONTENT	P1_PROMOTED_BLOCKS_RELEASE	ebe2d96d24600df85e16b67f7185657026e4b1c59010216cbfd99bf657048544	true	reglement-2026-2027-pdf-202-78-ko--ebe2d96d24	01_EDUSCOL_OFFICIEL/LYCEE/TRANSVERSAL_MULTI_NIVEAUX/20_TRANSITION_OU_ACTUEL/DGEMC/09_AUTRES/2026/reglement-2026-2027-pdf-202-78-ko--ebe2d96d24.pdf	MOYEN	email_address|postal_address	2	1|3					ebe2d96d24600df85e16b67f7185657026e4b1c59010216cbfd99bf657048544	APPROVED/INSTITUTIONAL_CONTACT	TRANSITION_OR_CURRENT	PII_CLEARED|PII_REDACTION_REQUIRED|EXCLUDE_FROM_SERVABLE_SET|HUMAN_REVIEW_REQUIRED	PII_CLEARED		INSTITUTIONAL_CONTACT	abenrhouma		Coordonnées publiques de l’Ordre des Avocats de Paris figurant au règlement officiel.
PII_FINDING	P1_PROMOTED_BLOCKS_RELEASE	ebe2d96d24600df85e16b67f7185657026e4b1c59010216cbfd99bf657048544	true			MOYEN				18dd2e50f6c95b17dceee93c99027d2fe4737a72009d0d13796adac20248c4fd	postal_address	1	NATIVE_TEXT	ebe2d96d24600df85e16b67f7185657026e4b1c59010216cbfd99bf657048544			FALSE_POSITIVE_TECHNICAL|PUBLIC_INSTITUTIONAL_DATA|SYNTHETIC_EXAMPLE|PERSONAL_DATA_PRESENT		PUBLIC_INSTITUTIONAL_DATA				
PII_FINDING	P1_PROMOTED_BLOCKS_RELEASE	ebe2d96d24600df85e16b67f7185657026e4b1c59010216cbfd99bf657048544	true			MOYEN				466bc7b026fd194f7d0d6d03b3a4426db9cb21ab9b1f56e1b52fed84fb5719b8	email_address	3	NATIVE_TEXT	ebe2d96d24600df85e16b67f7185657026e4b1c59010216cbfd99bf657048544			FALSE_POSITIVE_TECHNICAL|PUBLIC_INSTITUTIONAL_DATA|SYNTHETIC_EXAMPLE|PERSONAL_DATA_PRESENT		PUBLIC_INSTITUTIONAL_DATA				
PII_CONTENT	P1_PROMOTED_BLOCKS_RELEASE	f21c80ab3aaa9084fe631f7c38d6ca1451f77c529f8ab2d62296817741bf8963	true	manipulation-de-tables-avec-la-bibliotheque-pandas-pdf-146-17-ko--f21c80ab3a	01_EDUSCOL_OFFICIEL/LYCEE/PREMIERE/NSI/07_DIAPORAMAS_SUPPORTS/2019/manipulation-de-tables-avec-la-bibliotheque-pandas-pdf-146-17-ko--f21c80ab3a.pdf	MOYEN	postal_address	2	3					f21c80ab3aaa9084fe631f7c38d6ca1451f77c529f8ab2d62296817741bf8963	APPROVED/PEDAGOGICAL_EXAMPLE	NEEDS_SECONDARY_EVIDENCE	PII_CLEARED|PII_REDACTION_REQUIRED|EXCLUDE_FROM_SERVABLE_SET|HUMAN_REVIEW_REQUIRED	PII_CLEARED		PEDAGOGICAL_EXAMPLE	abenrhouma		Données démographiques didactiques d’exercice d’analyse tabulaire avec Pandas.
PII_FINDING	P1_PROMOTED_BLOCKS_RELEASE	f21c80ab3aaa9084fe631f7c38d6ca1451f77c529f8ab2d62296817741bf8963	true			MOYEN				32c67641818a0bef193d09a2fcfcce95cc0730e0e0a43cc4a87762f394611382	postal_address	3	NATIVE_TEXT	f21c80ab3aaa9084fe631f7c38d6ca1451f77c529f8ab2d62296817741bf8963			FALSE_POSITIVE_TECHNICAL|PUBLIC_INSTITUTIONAL_DATA|SYNTHETIC_EXAMPLE|PERSONAL_DATA_PRESENT		SYNTHETIC_EXAMPLE				
PII_FINDING	P1_PROMOTED_BLOCKS_RELEASE	f21c80ab3aaa9084fe631f7c38d6ca1451f77c529f8ab2d62296817741bf8963	true			MOYEN				8f546775ea2895b684df56e4473f2274899cdcf1aaca55c87154608d46678481	postal_address	3	NATIVE_TEXT	f21c80ab3aaa9084fe631f7c38d6ca1451f77c529f8ab2d62296817741bf8963			FALSE_POSITIVE_TECHNICAL|PUBLIC_INSTITUTIONAL_DATA|SYNTHETIC_EXAMPLE|PERSONAL_DATA_PRESENT		SYNTHETIC_EXAMPLE				
PII_CONTENT	P1_PROMOTED_BLOCKS_RELEASE	f636ef6038c2379502bae01d5fdf06556aea70500a42b7adf9bd9f3996fe1d13	true	calculabilite-et-decidabilite-pdf-433-14-ko--f636ef6038	01_EDUSCOL_OFFICIEL/LYCEE/TERMINALE/NSI/03_RESSOURCES_ACCOMPAGNEMENT/2020/calculabilite-et-decidabilite-pdf-433-14-ko--f636ef6038.pdf	MOYEN	phone_french	2	7					f636ef6038c2379502bae01d5fdf06556aea70500a42b7adf9bd9f3996fe1d13	APPROVED/TECHNICAL_FALSE_POSITIVE	NEEDS_SECONDARY_EVIDENCE	PII_CLEARED|PII_REDACTION_REQUIRED|EXCLUDE_FROM_SERVABLE_SET|HUMAN_REVIEW_REQUIRED	PII_CLEARED		TECHNICAL_FALSE_POSITIVE	abenrhouma		Constantes numériques intervenant dans des équations de calculabilité et décidabilité.
PII_FINDING	P1_PROMOTED_BLOCKS_RELEASE	f636ef6038c2379502bae01d5fdf06556aea70500a42b7adf9bd9f3996fe1d13	true			MOYEN				6d41f3c3722bec0b58ff0dcd59ae64748e7465a1f5fea68028506c5597472e40	phone_french	7	NATIVE_TEXT	f636ef6038c2379502bae01d5fdf06556aea70500a42b7adf9bd9f3996fe1d13			FALSE_POSITIVE_TECHNICAL|PUBLIC_INSTITUTIONAL_DATA|SYNTHETIC_EXAMPLE|PERSONAL_DATA_PRESENT		FALSE_POSITIVE_TECHNICAL				
PII_FINDING	P1_PROMOTED_BLOCKS_RELEASE	f636ef6038c2379502bae01d5fdf06556aea70500a42b7adf9bd9f3996fe1d13	true			MOYEN				962510f9e87faac792a6eea0cc572b312e0591874c610fb8901e69614e2c2dc5	phone_french	7	NATIVE_TEXT	f636ef6038c2379502bae01d5fdf06556aea70500a42b7adf9bd9f3996fe1d13			FALSE_POSITIVE_TECHNICAL|PUBLIC_INSTITUTIONAL_DATA|SYNTHETIC_EXAMPLE|PERSONAL_DATA_PRESENT		FALSE_POSITIVE_TECHNICAL				
PII_CONTENT	P1_PROMOTED_BLOCKS_RELEASE	157309db13b674ffe4bf1371015bfc7c9c9cf475af75769a6beaf4dade45925f	true	la-definition-des-epreuves-anticipees-de-francais-du-baccalaureat-general-et-technologique--157309db13	01_EDUSCOL_OFFICIEL/LYCEE/TRANSVERSAL_MULTI_NIVEAUX/90_ARCHIVE_CATALOGUE/_MULTI_DISCIPLINES/01_PROGRAMMES_OFFICIELS/2024/la-definition-des-epreuves-anticipees-de-francais-du-baccalaureat-general-et-technologique--157309db13.pdf	A_QUALIFIER	student_name_pattern	1	8					157309db13b674ffe4bf1371015bfc7c9c9cf475af75769a6beaf4dade45925f	APPROVED/PEDAGOGICAL_EXAMPLE	ARCHIVE_DECLARED	PII_CLEARED|PII_REDACTION_REQUIRED|EXCLUDE_FROM_SERVABLE_SET|HUMAN_REVIEW_REQUIRED	PII_CLEARED		PEDAGOGICAL_EXAMPLE	abenrhouma		Formulaire vierge d’épreuve d’examen sans données d’élèves réelles.
PII_FINDING	P1_PROMOTED_BLOCKS_RELEASE	157309db13b674ffe4bf1371015bfc7c9c9cf475af75769a6beaf4dade45925f	true			A_QUALIFIER				c40f7db191448549d58629d62f67a8f4b1677a657b9ecc83a83aaddaba132fa2	student_name_pattern	8	NATIVE_TEXT	157309db13b674ffe4bf1371015bfc7c9c9cf475af75769a6beaf4dade45925f			FALSE_POSITIVE_TECHNICAL|PUBLIC_INSTITUTIONAL_DATA|SYNTHETIC_EXAMPLE|PERSONAL_DATA_PRESENT		SYNTHETIC_EXAMPLE				
PII_CONTENT	P1_PROMOTED_BLOCKS_RELEASE	39c50431bf6b80c403d253eaf48e95b3644b2c80e0e8decb928a53c6117141a1	true	mutations-de-l-adn-et-variabilite-genetique-alterations-du-genome-et-cancerisation-presentation-orale-d-une-strategie-de-resolutio--39c50431bf	01_EDUSCOL_OFFICIEL/LYCEE/SECONDE/SVT/04_EVALUATIONS_EXAMENS/2021/mutations-de-l-adn-et-variabilite-genetique-alterations-du-genome-et-cancerisation-presentation-orale-d-une-strategie-de-resolutio--39c50431bf.pdf	A_QUALIFIER	student_name_pattern	3	7|8|9					39c50431bf6b80c403d253eaf48e95b3644b2c80e0e8decb928a53c6117141a1	APPROVED/PEDAGOGICAL_EXAMPLE	NEEDS_SECONDARY_EVIDENCE	PII_CLEARED|PII_REDACTION_REQUIRED|EXCLUDE_FROM_SERVABLE_SET|HUMAN_REVIEW_REQUIRED	PII_CLEARED		PEDAGOGICAL_EXAMPLE	abenrhouma		En-têtes de grille pédagogique d’évaluation didactique sans identité réelle.
PII_FINDING	P1_PROMOTED_BLOCKS_RELEASE	39c50431bf6b80c403d253eaf48e95b3644b2c80e0e8decb928a53c6117141a1	true			A_QUALIFIER				2b12eec1a4f8de3588b23d66a2cddb9ef19787474b18ee2b54a896f35a8e0b5b	student_name_pattern	7	NATIVE_TEXT	39c50431bf6b80c403d253eaf48e95b3644b2c80e0e8decb928a53c6117141a1			FALSE_POSITIVE_TECHNICAL|PUBLIC_INSTITUTIONAL_DATA|SYNTHETIC_EXAMPLE|PERSONAL_DATA_PRESENT		SYNTHETIC_EXAMPLE				
PII_FINDING	P1_PROMOTED_BLOCKS_RELEASE	39c50431bf6b80c403d253eaf48e95b3644b2c80e0e8decb928a53c6117141a1	true			A_QUALIFIER				47bdf9f8a94ea2140fe86c7ae0f2fb538d3ff397c0b3409014b7a039b9d7f5c4	student_name_pattern	9	NATIVE_TEXT	39c50431bf6b80c403d253eaf48e95b3644b2c80e0e8decb928a53c6117141a1			FALSE_POSITIVE_TECHNICAL|PUBLIC_INSTITUTIONAL_DATA|SYNTHETIC_EXAMPLE|PERSONAL_DATA_PRESENT		SYNTHETIC_EXAMPLE				
PII_FINDING	P1_PROMOTED_BLOCKS_RELEASE	39c50431bf6b80c403d253eaf48e95b3644b2c80e0e8decb928a53c6117141a1	true			A_QUALIFIER				593b765c19de425bc563990c16b5294115aba19b10a38513839bd5185b79ff5a	student_name_pattern	8	NATIVE_TEXT	39c50431bf6b80c403d253eaf48e95b3644b2c80e0e8decb928a53c6117141a1			FALSE_POSITIVE_TECHNICAL|PUBLIC_INSTITUTIONAL_DATA|SYNTHETIC_EXAMPLE|PERSONAL_DATA_PRESENT		SYNTHETIC_EXAMPLE				
PII_CONTENT	P1_PROMOTED_BLOCKS_RELEASE	96e887c34c0d7db5500632090ee0119d1366d2667217818b65d00a316d3ae329	true	placer-les-eleves-en-demarche-de-projet-pour-comprendre-et-evaluer-une-action-climatique-pdf-333-91-ko--96e887c34c	01_EDUSCOL_OFFICIEL/LYCEE/SECONDE/SVT/04_EVALUATIONS_EXAMENS/2020/placer-les-eleves-en-demarche-de-projet-pour-comprendre-et-evaluer-une-action-climatique-pdf-333-91-ko--96e887c34c.pdf	A_QUALIFIER	student_name_pattern	1	10					96e887c34c0d7db5500632090ee0119d1366d2667217818b65d00a316d3ae329	APPROVED/PEDAGOGICAL_EXAMPLE	NEEDS_SECONDARY_EVIDENCE	PII_CLEARED|PII_REDACTION_REQUIRED|EXCLUDE_FROM_SERVABLE_SET|HUMAN_REVIEW_REQUIRED	PII_CLEARED		PEDAGOGICAL_EXAMPLE	abenrhouma		Désignation didactique générique des rôles pédagogiques élève et enseignant.
PII_FINDING	P1_PROMOTED_BLOCKS_RELEASE	96e887c34c0d7db5500632090ee0119d1366d2667217818b65d00a316d3ae329	true			A_QUALIFIER				6f38a4c82d5dc44d21b4edeaec6e4f47902cfd4931573f8220c5c3a35de9f7ed	student_name_pattern	10	NATIVE_TEXT	96e887c34c0d7db5500632090ee0119d1366d2667217818b65d00a316d3ae329			FALSE_POSITIVE_TECHNICAL|PUBLIC_INSTITUTIONAL_DATA|SYNTHETIC_EXAMPLE|PERSONAL_DATA_PRESENT		SYNTHETIC_EXAMPLE				
PII_CONTENT	P2_CANDIDATE	02e63adfd41aa043cc23b8d02986916ad6286fbc1dcee0120f5e0b585d654a51	false	enseigner-le-projet-en-arts-plastiques-au-lycee-pdf-306-04-ko--02e63adfd4	01_EDUSCOL_OFFICIEL/LYCEE/TRANSVERSAL_MULTI_NIVEAUX/80_A_VERIFIER/ARTS_PLASTIQUES/07_DIAPORAMAS_SUPPORTS/2020/enseigner-le-projet-en-arts-plastiques-au-lycee-pdf-306-04-ko--02e63adfd4.pdf	ELEVE	french_ssn	1	5					02e63adfd41aa043cc23b8d02986916ad6286fbc1dcee0120f5e0b585d654a51			PII_CLEARED|PII_REDACTION_REQUIRED|EXCLUDE_FROM_SERVABLE_SET|HUMAN_REVIEW_REQUIRED	EXCLUDE_FROM_SERVABLE_SET		PERSONAL_DATA_PRESENT	abenrhouma		Exclusion par précaution : 1 signalement(s) (french_ssn) non examinés individuellement, présumés données personnelles ; le contenu n'est pas servi.
PII_FINDING	P2_CANDIDATE	02e63adfd41aa043cc23b8d02986916ad6286fbc1dcee0120f5e0b585d654a51	false			ELEVE				6a6bc505e10b0aade8b731aa53bd46001dd7e4752218c52183ec1609ebb87f8a	french_ssn	5	NATIVE_TEXT	02e63adfd41aa043cc23b8d02986916ad6286fbc1dcee0120f5e0b585d654a51			FALSE_POSITIVE_TECHNICAL|PUBLIC_INSTITUTIONAL_DATA|SYNTHETIC_EXAMPLE|PERSONAL_DATA_PRESENT		PERSONAL_DATA_PRESENT				
PII_CONTENT	P2_CANDIDATE	acebc5228c464ee1a5122587c4a407e01db692dc590ef9b33856af33cefffba0	false	raisonnement-et-demonstration-seconde-gt-pdf-1-09-mo--acebc5228c	01_EDUSCOL_OFFICIEL/LYCEE/SECONDE/MATHEMATIQUES/01_PROGRAMMES_OFFICIELS/2019/raisonnement-et-demonstration-seconde-gt-pdf-1-09-mo--acebc5228c.pdf	ELEVE	french_ssn	1	5					acebc5228c464ee1a5122587c4a407e01db692dc590ef9b33856af33cefffba0			PII_CLEARED|PII_REDACTION_REQUIRED|EXCLUDE_FROM_SERVABLE_SET|HUMAN_REVIEW_REQUIRED	EXCLUDE_FROM_SERVABLE_SET		PERSONAL_DATA_PRESENT	abenrhouma		Exclusion par précaution : 1 signalement(s) (french_ssn) non examinés individuellement, présumés données personnelles ; le contenu n'est pas servi.
PII_FINDING	P2_CANDIDATE	acebc5228c464ee1a5122587c4a407e01db692dc590ef9b33856af33cefffba0	false			ELEVE				c3c9f1737d7d01cbeef7e5f1b0ca6e89f76fb43e7ca0245ba5aae3c6fb581e25	french_ssn	5	NATIVE_TEXT	acebc5228c464ee1a5122587c4a407e01db692dc590ef9b33856af33cefffba0			FALSE_POSITIVE_TECHNICAL|PUBLIC_INSTITUTIONAL_DATA|SYNTHETIC_EXAMPLE|PERSONAL_DATA_PRESENT		PERSONAL_DATA_PRESENT				
PII_CONTENT	P2_CANDIDATE	b9622390f7945098bbdbdaeb625c891d9dd0a6273058ec6e91445ce3307683b5	false	telechargez-le-rapport-annuel-sur-l-evaluation-de-l-eps-session-2022--b9622390f7	01_EDUSCOL_OFFICIEL/LYCEE/TRANSVERSAL_MULTI_NIVEAUX/80_A_VERIFIER/EPS/04_EVALUATIONS_EXAMENS/2023/telechargez-le-rapport-annuel-sur-l-evaluation-de-l-eps-session-2022--b9622390f7.pdf	ELEVE	french_ssn|phone_french|postal_address	25	4|8|9					b9622390f7945098bbdbdaeb625c891d9dd0a6273058ec6e91445ce3307683b5			PII_CLEARED|PII_REDACTION_REQUIRED|EXCLUDE_FROM_SERVABLE_SET|HUMAN_REVIEW_REQUIRED	EXCLUDE_FROM_SERVABLE_SET		PERSONAL_DATA_PRESENT	abenrhouma		Exclusion par précaution : 25 signalement(s) (french_ssn, phone_french, postal_address) non examinés individuellement, présumés données personnelles ; le contenu n'est pas servi.
PII_FINDING	P2_CANDIDATE	b9622390f7945098bbdbdaeb625c891d9dd0a6273058ec6e91445ce3307683b5	false			ELEVE				010d1e8225871c1836c28d2abe1c3f87fcc9586c1ac71fa784ffc6ae1ffb2379	postal_address	4	NATIVE_TEXT	b9622390f7945098bbdbdaeb625c891d9dd0a6273058ec6e91445ce3307683b5			FALSE_POSITIVE_TECHNICAL|PUBLIC_INSTITUTIONAL_DATA|SYNTHETIC_EXAMPLE|PERSONAL_DATA_PRESENT		PERSONAL_DATA_PRESENT				
PII_FINDING	P2_CANDIDATE	b9622390f7945098bbdbdaeb625c891d9dd0a6273058ec6e91445ce3307683b5	false			ELEVE				0778bce2890007b253f7373cc48c32676de64066efa43ba7ce5130f1f0e6f07c	postal_address	4	NATIVE_TEXT	b9622390f7945098bbdbdaeb625c891d9dd0a6273058ec6e91445ce3307683b5			FALSE_POSITIVE_TECHNICAL|PUBLIC_INSTITUTIONAL_DATA|SYNTHETIC_EXAMPLE|PERSONAL_DATA_PRESENT		PERSONAL_DATA_PRESENT				
PII_FINDING	P2_CANDIDATE	b9622390f7945098bbdbdaeb625c891d9dd0a6273058ec6e91445ce3307683b5	false			ELEVE				089e89e3f14edf71d6890d7f2fbc0410fa1102d8769b3f51bcc43c2ab6978960	postal_address	4	NATIVE_TEXT	b9622390f7945098bbdbdaeb625c891d9dd0a6273058ec6e91445ce3307683b5			FALSE_POSITIVE_TECHNICAL|PUBLIC_INSTITUTIONAL_DATA|SYNTHETIC_EXAMPLE|PERSONAL_DATA_PRESENT		PERSONAL_DATA_PRESENT				
PII_FINDING	P2_CANDIDATE	b9622390f7945098bbdbdaeb625c891d9dd0a6273058ec6e91445ce3307683b5	false			ELEVE				08e6d1a1ca53c1c41d7083e87c40c8933d705967dc2172f9efdd88a2489408de	postal_address	4	NATIVE_TEXT	b9622390f7945098bbdbdaeb625c891d9dd0a6273058ec6e91445ce3307683b5			FALSE_POSITIVE_TECHNICAL|PUBLIC_INSTITUTIONAL_DATA|SYNTHETIC_EXAMPLE|PERSONAL_DATA_PRESENT		PERSONAL_DATA_PRESENT				
PII_FINDING	P2_CANDIDATE	b9622390f7945098bbdbdaeb625c891d9dd0a6273058ec6e91445ce3307683b5	false			ELEVE				098c2d29d9ab5a35f61ef5c0dda2f19b9ff9808d3fe5eb4076878863257d96b5	phone_french	8	NATIVE_TEXT	b9622390f7945098bbdbdaeb625c891d9dd0a6273058ec6e91445ce3307683b5			FALSE_POSITIVE_TECHNICAL|PUBLIC_INSTITUTIONAL_DATA|SYNTHETIC_EXAMPLE|PERSONAL_DATA_PRESENT		PERSONAL_DATA_PRESENT				
PII_FINDING	P2_CANDIDATE	b9622390f7945098bbdbdaeb625c891d9dd0a6273058ec6e91445ce3307683b5	false			ELEVE				0b1d97a220d038dc9e8d6030c9f4baf86be083050f3e1e5ba60a2d9360265c32	postal_address	4	NATIVE_TEXT	b9622390f7945098bbdbdaeb625c891d9dd0a6273058ec6e91445ce3307683b5			FALSE_POSITIVE_TECHNICAL|PUBLIC_INSTITUTIONAL_DATA|SYNTHETIC_EXAMPLE|PERSONAL_DATA_PRESENT		PERSONAL_DATA_PRESENT				
PII_FINDING	P2_CANDIDATE	b9622390f7945098bbdbdaeb625c891d9dd0a6273058ec6e91445ce3307683b5	false			ELEVE				250837c4b962aff5c7bccc006d7731b5ecfec2e714e7e99c52eaa3f149de1578	phone_french	8	NATIVE_TEXT	b9622390f7945098bbdbdaeb625c891d9dd0a6273058ec6e91445ce3307683b5			FALSE_POSITIVE_TECHNICAL|PUBLIC_INSTITUTIONAL_DATA|SYNTHETIC_EXAMPLE|PERSONAL_DATA_PRESENT		PERSONAL_DATA_PRESENT				
PII_FINDING	P2_CANDIDATE	b9622390f7945098bbdbdaeb625c891d9dd0a6273058ec6e91445ce3307683b5	false			ELEVE				3bf592b93a5aac1108d39e97ac4d93350be2be95e2a832d97c9403af14e75efd	postal_address	4	NATIVE_TEXT	b9622390f7945098bbdbdaeb625c891d9dd0a6273058ec6e91445ce3307683b5			FALSE_POSITIVE_TECHNICAL|PUBLIC_INSTITUTIONAL_DATA|SYNTHETIC_EXAMPLE|PERSONAL_DATA_PRESENT		PERSONAL_DATA_PRESENT				
PII_FINDING	P2_CANDIDATE	b9622390f7945098bbdbdaeb625c891d9dd0a6273058ec6e91445ce3307683b5	false			ELEVE				3ca13fc25068781af1c4d6f24f2872d1bd57a329d77bb251d30e626d130d7aa7	postal_address	4	NATIVE_TEXT	b9622390f7945098bbdbdaeb625c891d9dd0a6273058ec6e91445ce3307683b5			FALSE_POSITIVE_TECHNICAL|PUBLIC_INSTITUTIONAL_DATA|SYNTHETIC_EXAMPLE|PERSONAL_DATA_PRESENT		PERSONAL_DATA_PRESENT				
PII_FINDING	P2_CANDIDATE	b9622390f7945098bbdbdaeb625c891d9dd0a6273058ec6e91445ce3307683b5	false			ELEVE				551a822439ef2596c0f8bb7ae9aebedaaf690360e4b4c4484954e496860db51e	postal_address	4	NATIVE_TEXT	b9622390f7945098bbdbdaeb625c891d9dd0a6273058ec6e91445ce3307683b5			FALSE_POSITIVE_TECHNICAL|PUBLIC_INSTITUTIONAL_DATA|SYNTHETIC_EXAMPLE|PERSONAL_DATA_PRESENT		PERSONAL_DATA_PRESENT				
PII_FINDING	P2_CANDIDATE	b9622390f7945098bbdbdaeb625c891d9dd0a6273058ec6e91445ce3307683b5	false			ELEVE				6bdefd9792c5743eb9b70da693c0286d2dc6a7b3417a13f71cf393548fb69d8b	postal_address	4	NATIVE_TEXT	b9622390f7945098bbdbdaeb625c891d9dd0a6273058ec6e91445ce3307683b5			FALSE_POSITIVE_TECHNICAL|PUBLIC_INSTITUTIONAL_DATA|SYNTHETIC_EXAMPLE|PERSONAL_DATA_PRESENT		PERSONAL_DATA_PRESENT				
PII_FINDING	P2_CANDIDATE	b9622390f7945098bbdbdaeb625c891d9dd0a6273058ec6e91445ce3307683b5	false			ELEVE				7c2b29b2056d76bf9c68c90e63af775d98295a33cf381a1e8b78115308fe66c0	french_ssn	9	NATIVE_TEXT	b9622390f7945098bbdbdaeb625c891d9dd0a6273058ec6e91445ce3307683b5			FALSE_POSITIVE_TECHNICAL|PUBLIC_INSTITUTIONAL_DATA|SYNTHETIC_EXAMPLE|PERSONAL_DATA_PRESENT		PERSONAL_DATA_PRESENT				
PII_FINDING	P2_CANDIDATE	b9622390f7945098bbdbdaeb625c891d9dd0a6273058ec6e91445ce3307683b5	false			ELEVE				825e751760005c8f33bf7eefe2fa7689df2fbec0a7fedc2e144946fdb89d7780	french_ssn	9	NATIVE_TEXT	b9622390f7945098bbdbdaeb625c891d9dd0a6273058ec6e91445ce3307683b5			FALSE_POSITIVE_TECHNICAL|PUBLIC_INSTITUTIONAL_DATA|SYNTHETIC_EXAMPLE|PERSONAL_DATA_PRESENT		PERSONAL_DATA_PRESENT				
PII_FINDING	P2_CANDIDATE	b9622390f7945098bbdbdaeb625c891d9dd0a6273058ec6e91445ce3307683b5	false			ELEVE				82b934866e3be07c584f72f4583b69ce15f78ec76a6e8eb795dd722f0adb3c02	postal_address	4	NATIVE_TEXT	b9622390f7945098bbdbdaeb625c891d9dd0a6273058ec6e91445ce3307683b5			FALSE_POSITIVE_TECHNICAL|PUBLIC_INSTITUTIONAL_DATA|SYNTHETIC_EXAMPLE|PERSONAL_DATA_PRESENT		PERSONAL_DATA_PRESENT				
PII_FINDING	P2_CANDIDATE	b9622390f7945098bbdbdaeb625c891d9dd0a6273058ec6e91445ce3307683b5	false			ELEVE				a0f600d598073c8700dd2694324833a5eeb13fbc1ab5be03c578091302b3d1d5	postal_address	4	NATIVE_TEXT	b9622390f7945098bbdbdaeb625c891d9dd0a6273058ec6e91445ce3307683b5			FALSE_POSITIVE_TECHNICAL|PUBLIC_INSTITUTIONAL_DATA|SYNTHETIC_EXAMPLE|PERSONAL_DATA_PRESENT		PERSONAL_DATA_PRESENT				
PII_FINDING	P2_CANDIDATE	b9622390f7945098bbdbdaeb625c891d9dd0a6273058ec6e91445ce3307683b5	false			ELEVE				afb8f2948cddf86336b6728393e8130721b38399a88b9e9d436f0b373a4c87bd	postal_address	4	NATIVE_TEXT	b9622390f7945098bbdbdaeb625c891d9dd0a6273058ec6e91445ce3307683b5			FALSE_POSITIVE_TECHNICAL|PUBLIC_INSTITUTIONAL_DATA|SYNTHETIC_EXAMPLE|PERSONAL_DATA_PRESENT		PERSONAL_DATA_PRESENT				
PII_FINDING	P2_CANDIDATE	b9622390f7945098bbdbdaeb625c891d9dd0a6273058ec6e91445ce3307683b5	false			ELEVE				b8e2d58512a5c830b733deef63f2b956deb1973527b99b67d1ae73872e8101ed	postal_address	4	NATIVE_TEXT	b9622390f7945098bbdbdaeb625c891d9dd0a6273058ec6e91445ce3307683b5			FALSE_POSITIVE_TECHNICAL|PUBLIC_INSTITUTIONAL_DATA|SYNTHETIC_EXAMPLE|PERSONAL_DATA_PRESENT		PERSONAL_DATA_PRESENT				
PII_FINDING	P2_CANDIDATE	b9622390f7945098bbdbdaeb625c891d9dd0a6273058ec6e91445ce3307683b5	false			ELEVE				babcd3f6573ae8bcbc7c83cb169ea27b8a961275a0082eb3c4fb6b7d6068a8a6	postal_address	4	NATIVE_TEXT	b9622390f7945098bbdbdaeb625c891d9dd0a6273058ec6e91445ce3307683b5			FALSE_POSITIVE_TECHNICAL|PUBLIC_INSTITUTIONAL_DATA|SYNTHETIC_EXAMPLE|PERSONAL_DATA_PRESENT		PERSONAL_DATA_PRESENT				
PII_FINDING	P2_CANDIDATE	b9622390f7945098bbdbdaeb625c891d9dd0a6273058ec6e91445ce3307683b5	false			ELEVE				bbfaaa43ecf99f3fd5c4c7d10667e97218e85d4be2b8916f7352c0b6c454693e	postal_address	4	NATIVE_TEXT	b9622390f7945098bbdbdaeb625c891d9dd0a6273058ec6e91445ce3307683b5			FALSE_POSITIVE_TECHNICAL|PUBLIC_INSTITUTIONAL_DATA|SYNTHETIC_EXAMPLE|PERSONAL_DATA_PRESENT		PERSONAL_DATA_PRESENT				
PII_FINDING	P2_CANDIDATE	b9622390f7945098bbdbdaeb625c891d9dd0a6273058ec6e91445ce3307683b5	false			ELEVE				bf4fc81f2f6a20fb9783df470c4555ca65a7edf10b5973fa40b922bd6d553d00	postal_address	4	NATIVE_TEXT	b9622390f7945098bbdbdaeb625c891d9dd0a6273058ec6e91445ce3307683b5			FALSE_POSITIVE_TECHNICAL|PUBLIC_INSTITUTIONAL_DATA|SYNTHETIC_EXAMPLE|PERSONAL_DATA_PRESENT		PERSONAL_DATA_PRESENT				
PII_FINDING	P2_CANDIDATE	b9622390f7945098bbdbdaeb625c891d9dd0a6273058ec6e91445ce3307683b5	false			ELEVE				c17e8a76b8b4f8884d616b9c04492ecff3944d0751ef09de48df443d9fcd6717	postal_address	4	NATIVE_TEXT	b9622390f7945098bbdbdaeb625c891d9dd0a6273058ec6e91445ce3307683b5			FALSE_POSITIVE_TECHNICAL|PUBLIC_INSTITUTIONAL_DATA|SYNTHETIC_EXAMPLE|PERSONAL_DATA_PRESENT		PERSONAL_DATA_PRESENT				
PII_FINDING	P2_CANDIDATE	b9622390f7945098bbdbdaeb625c891d9dd0a6273058ec6e91445ce3307683b5	false			ELEVE				cc854f809feb04663fe59c360309c7dc269af5ca531df16745e45d4494841dbf	postal_address	4	NATIVE_TEXT	b9622390f7945098bbdbdaeb625c891d9dd0a6273058ec6e91445ce3307683b5			FALSE_POSITIVE_TECHNICAL|PUBLIC_INSTITUTIONAL_DATA|SYNTHETIC_EXAMPLE|PERSONAL_DATA_PRESENT		PERSONAL_DATA_PRESENT				
PII_FINDING	P2_CANDIDATE	b9622390f7945098bbdbdaeb625c891d9dd0a6273058ec6e91445ce3307683b5	false			ELEVE				d086b6935d8ceefb118d04f061b84c482f2ee7e1d27c44efdb901fe7ce5f02e7	postal_address	4	NATIVE_TEXT	b9622390f7945098bbdbdaeb625c891d9dd0a6273058ec6e91445ce3307683b5			FALSE_POSITIVE_TECHNICAL|PUBLIC_INSTITUTIONAL_DATA|SYNTHETIC_EXAMPLE|PERSONAL_DATA_PRESENT		PERSONAL_DATA_PRESENT				
PII_FINDING	P2_CANDIDATE	b9622390f7945098bbdbdaeb625c891d9dd0a6273058ec6e91445ce3307683b5	false			ELEVE				dc1203acadb71a4deb8c464133ab28f4df8afa9b8b3a37879a18b4b874b18fa5	postal_address	4	NATIVE_TEXT	b9622390f7945098bbdbdaeb625c891d9dd0a6273058ec6e91445ce3307683b5			FALSE_POSITIVE_TECHNICAL|PUBLIC_INSTITUTIONAL_DATA|SYNTHETIC_EXAMPLE|PERSONAL_DATA_PRESENT		PERSONAL_DATA_PRESENT				
PII_FINDING	P2_CANDIDATE	b9622390f7945098bbdbdaeb625c891d9dd0a6273058ec6e91445ce3307683b5	false			ELEVE				f45085c5048ee6f342b937fb3964644834a2ef7aadfabd9ad6df225b79a94f69	postal_address	4	NATIVE_TEXT	b9622390f7945098bbdbdaeb625c891d9dd0a6273058ec6e91445ce3307683b5			FALSE_POSITIVE_TECHNICAL|PUBLIC_INSTITUTIONAL_DATA|SYNTHETIC_EXAMPLE|PERSONAL_DATA_PRESENT		PERSONAL_DATA_PRESENT				
PII_CONTENT	P2_CANDIDATE	d03137e4a35d987beb6042655e7ffc679be754c880e44fbcf0925bf6a7be2bd1	false	gestion-et-finance-annexes-29-et-30--d03137e4a3	01_EDUSCOL_OFFICIEL/STMG/TERMINALE/03_RESSOURCES_ACCOMPAGNEMENT/2020/gestion-et-finance-annexes-29-et-30--d03137e4a3.pdf	ELEVE	french_ssn|phone_french|postal_address	11	1|2					d03137e4a35d987beb6042655e7ffc679be754c880e44fbcf0925bf6a7be2bd1			PII_CLEARED|PII_REDACTION_REQUIRED|EXCLUDE_FROM_SERVABLE_SET|HUMAN_REVIEW_REQUIRED	EXCLUDE_FROM_SERVABLE_SET		PERSONAL_DATA_PRESENT	abenrhouma		Exclusion par précaution : 11 signalement(s) (french_ssn, phone_french, postal_address) non examinés individuellement, présumés données personnelles ; le contenu n'est pas servi.
PII_FINDING	P2_CANDIDATE	d03137e4a35d987beb6042655e7ffc679be754c880e44fbcf0925bf6a7be2bd1	false			ELEVE				051a7445e7fcdbf5e47073fd184b18b9b69d7b712f65acd9c87695d02187d95e	french_ssn	1	NATIVE_TEXT	d03137e4a35d987beb6042655e7ffc679be754c880e44fbcf0925bf6a7be2bd1			FALSE_POSITIVE_TECHNICAL|PUBLIC_INSTITUTIONAL_DATA|SYNTHETIC_EXAMPLE|PERSONAL_DATA_PRESENT		PERSONAL_DATA_PRESENT				
PII_FINDING	P2_CANDIDATE	d03137e4a35d987beb6042655e7ffc679be754c880e44fbcf0925bf6a7be2bd1	false			ELEVE				0864689bf0dcc1afdbd72978860848524d8d849af239b593fbe316cef153125f	postal_address	2	NATIVE_TEXT	d03137e4a35d987beb6042655e7ffc679be754c880e44fbcf0925bf6a7be2bd1			FALSE_POSITIVE_TECHNICAL|PUBLIC_INSTITUTIONAL_DATA|SYNTHETIC_EXAMPLE|PERSONAL_DATA_PRESENT		PERSONAL_DATA_PRESENT				
PII_FINDING	P2_CANDIDATE	d03137e4a35d987beb6042655e7ffc679be754c880e44fbcf0925bf6a7be2bd1	false			ELEVE				18f8b85fa694a77c8b901644b48fe4b035c3a4586bcd0d677de69b8461f79159	phone_french	1	NATIVE_TEXT	d03137e4a35d987beb6042655e7ffc679be754c880e44fbcf0925bf6a7be2bd1			FALSE_POSITIVE_TECHNICAL|PUBLIC_INSTITUTIONAL_DATA|SYNTHETIC_EXAMPLE|PERSONAL_DATA_PRESENT		PERSONAL_DATA_PRESENT				
PII_FINDING	P2_CANDIDATE	d03137e4a35d987beb6042655e7ffc679be754c880e44fbcf0925bf6a7be2bd1	false			ELEVE				3e5b94b724bbf243cc77932ef7245df3d1aa8687404ccd3427dc0a924357e2dc	phone_french	1	NATIVE_TEXT	d03137e4a35d987beb6042655e7ffc679be754c880e44fbcf0925bf6a7be2bd1			FALSE_POSITIVE_TECHNICAL|PUBLIC_INSTITUTIONAL_DATA|SYNTHETIC_EXAMPLE|PERSONAL_DATA_PRESENT		PERSONAL_DATA_PRESENT				
PII_FINDING	P2_CANDIDATE	d03137e4a35d987beb6042655e7ffc679be754c880e44fbcf0925bf6a7be2bd1	false			ELEVE				4e8482aaa966d3e03dc9c06bf80cc16d010328cdbd7dc3d84ca5efe2e7390d0c	phone_french	1	NATIVE_TEXT	d03137e4a35d987beb6042655e7ffc679be754c880e44fbcf0925bf6a7be2bd1			FALSE_POSITIVE_TECHNICAL|PUBLIC_INSTITUTIONAL_DATA|SYNTHETIC_EXAMPLE|PERSONAL_DATA_PRESENT		PERSONAL_DATA_PRESENT				
PII_FINDING	P2_CANDIDATE	d03137e4a35d987beb6042655e7ffc679be754c880e44fbcf0925bf6a7be2bd1	false			ELEVE				62a8262db33053959c817d49698ec7a75283fa9e834f36e35966675b491637d5	postal_address	1	NATIVE_TEXT	d03137e4a35d987beb6042655e7ffc679be754c880e44fbcf0925bf6a7be2bd1			FALSE_POSITIVE_TECHNICAL|PUBLIC_INSTITUTIONAL_DATA|SYNTHETIC_EXAMPLE|PERSONAL_DATA_PRESENT		PERSONAL_DATA_PRESENT				
PII_FINDING	P2_CANDIDATE	d03137e4a35d987beb6042655e7ffc679be754c880e44fbcf0925bf6a7be2bd1	false			ELEVE				6cde01fb4235f0a0367b1c07ef9c33459ee7bf4b7f2e141e016ae39c3571d6fa	postal_address	1	NATIVE_TEXT	d03137e4a35d987beb6042655e7ffc679be754c880e44fbcf0925bf6a7be2bd1			FALSE_POSITIVE_TECHNICAL|PUBLIC_INSTITUTIONAL_DATA|SYNTHETIC_EXAMPLE|PERSONAL_DATA_PRESENT		PERSONAL_DATA_PRESENT				
PII_FINDING	P2_CANDIDATE	d03137e4a35d987beb6042655e7ffc679be754c880e44fbcf0925bf6a7be2bd1	false			ELEVE				72296ee1d9aba7c74f0cfc013e374b49c3569c1dc0564260edd6e2b6873769d8	phone_french	1	NATIVE_TEXT	d03137e4a35d987beb6042655e7ffc679be754c880e44fbcf0925bf6a7be2bd1			FALSE_POSITIVE_TECHNICAL|PUBLIC_INSTITUTIONAL_DATA|SYNTHETIC_EXAMPLE|PERSONAL_DATA_PRESENT		PERSONAL_DATA_PRESENT				
PII_FINDING	P2_CANDIDATE	d03137e4a35d987beb6042655e7ffc679be754c880e44fbcf0925bf6a7be2bd1	false			ELEVE				9444269ba7929385f6f7d5dd7d205c012bf7c91f01a2314d6b7877cc2fcc687e	phone_french	1	NATIVE_TEXT	d03137e4a35d987beb6042655e7ffc679be754c880e44fbcf0925bf6a7be2bd1			FALSE_POSITIVE_TECHNICAL|PUBLIC_INSTITUTIONAL_DATA|SYNTHETIC_EXAMPLE|PERSONAL_DATA_PRESENT		PERSONAL_DATA_PRESENT				
PII_FINDING	P2_CANDIDATE	d03137e4a35d987beb6042655e7ffc679be754c880e44fbcf0925bf6a7be2bd1	false			ELEVE				ccca14ee300a6995475c9d912c71427844a3897c3520f25e3494ee68e9e3a8f0	phone_french	1	NATIVE_TEXT	d03137e4a35d987beb6042655e7ffc679be754c880e44fbcf0925bf6a7be2bd1			FALSE_POSITIVE_TECHNICAL|PUBLIC_INSTITUTIONAL_DATA|SYNTHETIC_EXAMPLE|PERSONAL_DATA_PRESENT		PERSONAL_DATA_PRESENT				
PII_FINDING	P2_CANDIDATE	d03137e4a35d987beb6042655e7ffc679be754c880e44fbcf0925bf6a7be2bd1	false			ELEVE				e681e78d347a91150d7572dbb7895785701ead044cfe9c3be910fe348c1c1d3d	phone_french	1	NATIVE_TEXT	d03137e4a35d987beb6042655e7ffc679be754c880e44fbcf0925bf6a7be2bd1			FALSE_POSITIVE_TECHNICAL|PUBLIC_INSTITUTIONAL_DATA|SYNTHETIC_EXAMPLE|PERSONAL_DATA_PRESENT		PERSONAL_DATA_PRESENT				
PII_CONTENT	P2_CANDIDATE	fc811cf6529c67eb14cdf3b8c0d95ebf38cf7c4a24419d0d0541b7509ce3a257	false	startjobbing-une-plateforme-qui-met-en-relation-micro-entrepreneurs-et-entreprises-donneuses-d-ordre-pdf-449-1-ko--fc811cf652	01_EDUSCOL_OFFICIEL/STMG/PREMIERE/01_PROGRAMMES_OFFICIELS/2019/startjobbing-une-plateforme-qui-met-en-relation-micro-entrepreneurs-et-entreprises-donneuses-d-ordre-pdf-449-1-ko--fc811cf652.pdf	ELEVE	french_ssn|phone_french|postal_address|student_name_pattern	6	7|9					fc811cf6529c67eb14cdf3b8c0d95ebf38cf7c4a24419d0d0541b7509ce3a257			PII_CLEARED|PII_REDACTION_REQUIRED|EXCLUDE_FROM_SERVABLE_SET|HUMAN_REVIEW_REQUIRED	EXCLUDE_FROM_SERVABLE_SET		PERSONAL_DATA_PRESENT	abenrhouma		Exclusion par précaution : 6 signalement(s) (french_ssn, phone_french, postal_address, student_name_pattern) non examinés individuellement, présumés données personnelles ; le contenu n'est pas servi.
PII_FINDING	P2_CANDIDATE	fc811cf6529c67eb14cdf3b8c0d95ebf38cf7c4a24419d0d0541b7509ce3a257	false			ELEVE				0f3773fd08464d959547fa723a817273bcf084299707cef1533ce6a275aec4c9	phone_french	7	NATIVE_TEXT	fc811cf6529c67eb14cdf3b8c0d95ebf38cf7c4a24419d0d0541b7509ce3a257			FALSE_POSITIVE_TECHNICAL|PUBLIC_INSTITUTIONAL_DATA|SYNTHETIC_EXAMPLE|PERSONAL_DATA_PRESENT		PERSONAL_DATA_PRESENT				
PII_FINDING	P2_CANDIDATE	fc811cf6529c67eb14cdf3b8c0d95ebf38cf7c4a24419d0d0541b7509ce3a257	false			ELEVE				135b7455e1c268da8160bad2b44fd9e6731bb40d51f73127bd8d3701bef160b2	postal_address	9	NATIVE_TEXT	fc811cf6529c67eb14cdf3b8c0d95ebf38cf7c4a24419d0d0541b7509ce3a257			FALSE_POSITIVE_TECHNICAL|PUBLIC_INSTITUTIONAL_DATA|SYNTHETIC_EXAMPLE|PERSONAL_DATA_PRESENT		PERSONAL_DATA_PRESENT				
PII_FINDING	P2_CANDIDATE	fc811cf6529c67eb14cdf3b8c0d95ebf38cf7c4a24419d0d0541b7509ce3a257	false			ELEVE				38e7fc287117ec17dd41b69f4d684434ca580124729aa031a0507f24fdb29846	french_ssn	7	NATIVE_TEXT	fc811cf6529c67eb14cdf3b8c0d95ebf38cf7c4a24419d0d0541b7509ce3a257			FALSE_POSITIVE_TECHNICAL|PUBLIC_INSTITUTIONAL_DATA|SYNTHETIC_EXAMPLE|PERSONAL_DATA_PRESENT		PERSONAL_DATA_PRESENT				
PII_FINDING	P2_CANDIDATE	fc811cf6529c67eb14cdf3b8c0d95ebf38cf7c4a24419d0d0541b7509ce3a257	false			ELEVE				7682a7f71e877af2c76579825dc95b4131052a4f707d1655521fd42991c30ec7	postal_address	7	NATIVE_TEXT	fc811cf6529c67eb14cdf3b8c0d95ebf38cf7c4a24419d0d0541b7509ce3a257			FALSE_POSITIVE_TECHNICAL|PUBLIC_INSTITUTIONAL_DATA|SYNTHETIC_EXAMPLE|PERSONAL_DATA_PRESENT		PERSONAL_DATA_PRESENT				
PII_FINDING	P2_CANDIDATE	fc811cf6529c67eb14cdf3b8c0d95ebf38cf7c4a24419d0d0541b7509ce3a257	false			ELEVE				92360ac87102467a253984e5773337aa16b88e31586ac1e536fd293009cc0a59	student_name_pattern	9	NATIVE_TEXT	fc811cf6529c67eb14cdf3b8c0d95ebf38cf7c4a24419d0d0541b7509ce3a257			FALSE_POSITIVE_TECHNICAL|PUBLIC_INSTITUTIONAL_DATA|SYNTHETIC_EXAMPLE|PERSONAL_DATA_PRESENT		PERSONAL_DATA_PRESENT				
PII_FINDING	P2_CANDIDATE	fc811cf6529c67eb14cdf3b8c0d95ebf38cf7c4a24419d0d0541b7509ce3a257	false			ELEVE				a2d1a1294c0a74857b3fde31a16aa5a5546ac67a233a086600a8c966dbef7576	postal_address	7	NATIVE_TEXT	fc811cf6529c67eb14cdf3b8c0d95ebf38cf7c4a24419d0d0541b7509ce3a257			FALSE_POSITIVE_TECHNICAL|PUBLIC_INSTITUTIONAL_DATA|SYNTHETIC_EXAMPLE|PERSONAL_DATA_PRESENT		PERSONAL_DATA_PRESENT				
PII_CONTENT	P2_CANDIDATE	01eb7ba191d70d7feac4a459cb576e479182c91ceae9a4eeb523afebfb7393db	false	systemes-d-informations-de-gestion-annexes-25-a-28--01eb7ba191	01_EDUSCOL_OFFICIEL/STMG/TERMINALE/03_RESSOURCES_ACCOMPAGNEMENT/2020/systemes-d-informations-de-gestion-annexes-25-a-28--01eb7ba191.pdf	MOYEN	email_address	5	3					01eb7ba191d70d7feac4a459cb576e479182c91ceae9a4eeb523afebfb7393db			PII_CLEARED|PII_REDACTION_REQUIRED|EXCLUDE_FROM_SERVABLE_SET|HUMAN_REVIEW_REQUIRED	EXCLUDE_FROM_SERVABLE_SET		PERSONAL_DATA_PRESENT	abenrhouma		Exclusion par précaution : 5 signalement(s) (email_address) non examinés individuellement, présumés données personnelles ; le contenu n'est pas servi.
PII_FINDING	P2_CANDIDATE	01eb7ba191d70d7feac4a459cb576e479182c91ceae9a4eeb523afebfb7393db	false			MOYEN				4c871ed7b602a1b55a09898a61c80edb417914d0a56533c0e29b89d5dc422f2e	email_address	3	NATIVE_TEXT	01eb7ba191d70d7feac4a459cb576e479182c91ceae9a4eeb523afebfb7393db			FALSE_POSITIVE_TECHNICAL|PUBLIC_INSTITUTIONAL_DATA|SYNTHETIC_EXAMPLE|PERSONAL_DATA_PRESENT		PERSONAL_DATA_PRESENT				
PII_FINDING	P2_CANDIDATE	01eb7ba191d70d7feac4a459cb576e479182c91ceae9a4eeb523afebfb7393db	false			MOYEN				516d59c992ca3e536f670c2de91312151171d9f22b7ab2c009e2f06c047390a3	email_address	3	NATIVE_TEXT	01eb7ba191d70d7feac4a459cb576e479182c91ceae9a4eeb523afebfb7393db			FALSE_POSITIVE_TECHNICAL|PUBLIC_INSTITUTIONAL_DATA|SYNTHETIC_EXAMPLE|PERSONAL_DATA_PRESENT		PERSONAL_DATA_PRESENT				
PII_FINDING	P2_CANDIDATE	01eb7ba191d70d7feac4a459cb576e479182c91ceae9a4eeb523afebfb7393db	false			MOYEN				7e894f6cdaec1166b8deaea7494c076bfb035ec05d8a3f73c124d73056204811	email_address	3	NATIVE_TEXT	01eb7ba191d70d7feac4a459cb576e479182c91ceae9a4eeb523afebfb7393db			FALSE_POSITIVE_TECHNICAL|PUBLIC_INSTITUTIONAL_DATA|SYNTHETIC_EXAMPLE|PERSONAL_DATA_PRESENT		PERSONAL_DATA_PRESENT				
PII_FINDING	P2_CANDIDATE	01eb7ba191d70d7feac4a459cb576e479182c91ceae9a4eeb523afebfb7393db	false			MOYEN				a00bfd30da71276ab330dc29c0c27d73ac0b2ee47c2ada4f19ff784560c83de3	email_address	3	NATIVE_TEXT	01eb7ba191d70d7feac4a459cb576e479182c91ceae9a4eeb523afebfb7393db			FALSE_POSITIVE_TECHNICAL|PUBLIC_INSTITUTIONAL_DATA|SYNTHETIC_EXAMPLE|PERSONAL_DATA_PRESENT		PERSONAL_DATA_PRESENT				
PII_FINDING	P2_CANDIDATE	01eb7ba191d70d7feac4a459cb576e479182c91ceae9a4eeb523afebfb7393db	false			MOYEN				a14cc12213e71a491a0c48743cbce2e5421783773aed6c9eed7b351d70ae1f95	email_address	3	NATIVE_TEXT	01eb7ba191d70d7feac4a459cb576e479182c91ceae9a4eeb523afebfb7393db			FALSE_POSITIVE_TECHNICAL|PUBLIC_INSTITUTIONAL_DATA|SYNTHETIC_EXAMPLE|PERSONAL_DATA_PRESENT		PERSONAL_DATA_PRESENT				
PII_CONTENT	P2_CANDIDATE	0233a3503bf85916c7954dc487ebd10eb89127f9ed0d477151a9fddfd1f5605e	false	exemple-de-mini-projet-recharge-du-smartphone-pdf-2-1-mo--0233a3503b	01_EDUSCOL_OFFICIEL/LYCEE/TRANSVERSAL_MULTI_NIVEAUX/80_A_VERIFIER/PHYSIQUE_CHIMIE/09_AUTRES/2019/exemple-de-mini-projet-recharge-du-smartphone-pdf-2-1-mo--0233a3503b.pdf	MOYEN	phone_french	1	23					0233a3503bf85916c7954dc487ebd10eb89127f9ed0d477151a9fddfd1f5605e			PII_CLEARED|PII_REDACTION_REQUIRED|EXCLUDE_FROM_SERVABLE_SET|HUMAN_REVIEW_REQUIRED	EXCLUDE_FROM_SERVABLE_SET		PERSONAL_DATA_PRESENT	abenrhouma		Exclusion par précaution : 1 signalement(s) (phone_french) non examinés individuellement, présumés données personnelles ; le contenu n'est pas servi.
PII_FINDING	P2_CANDIDATE	0233a3503bf85916c7954dc487ebd10eb89127f9ed0d477151a9fddfd1f5605e	false			MOYEN				36c78d8d14041fa8d292ad8fc7bf20a3d97682e22bfbf76e34b4c7e2bb1b6340	phone_french	23	NATIVE_TEXT	0233a3503bf85916c7954dc487ebd10eb89127f9ed0d477151a9fddfd1f5605e			FALSE_POSITIVE_TECHNICAL|PUBLIC_INSTITUTIONAL_DATA|SYNTHETIC_EXAMPLE|PERSONAL_DATA_PRESENT		PERSONAL_DATA_PRESENT				
PII_CONTENT	P2_CANDIDATE	0bb239a5dd968b9649ad05c8fadba5a43674152722afaef915bf5bf00abf2c2b	false	utiliser-le-jeu-argumentatif-exemple-des-gafa-pdf-860-26-ko--0bb239a5dd	01_EDUSCOL_OFFICIEL/STMG/PREMIERE/09_AUTRES/2019/utiliser-le-jeu-argumentatif-exemple-des-gafa-pdf-860-26-ko--0bb239a5dd.pdf	MOYEN	phone_french	1	7					0bb239a5dd968b9649ad05c8fadba5a43674152722afaef915bf5bf00abf2c2b			PII_CLEARED|PII_REDACTION_REQUIRED|EXCLUDE_FROM_SERVABLE_SET|HUMAN_REVIEW_REQUIRED	EXCLUDE_FROM_SERVABLE_SET		PERSONAL_DATA_PRESENT	abenrhouma		Exclusion par précaution : 1 signalement(s) (phone_french) non examinés individuellement, présumés données personnelles ; le contenu n'est pas servi.
PII_FINDING	P2_CANDIDATE	0bb239a5dd968b9649ad05c8fadba5a43674152722afaef915bf5bf00abf2c2b	false			MOYEN				81b2f0f5e1b5daef60c6689b8e6d36c5c2ca788811d2cffd8de789c599853bf8	phone_french	7	NATIVE_TEXT	0bb239a5dd968b9649ad05c8fadba5a43674152722afaef915bf5bf00abf2c2b			FALSE_POSITIVE_TECHNICAL|PUBLIC_INSTITUTIONAL_DATA|SYNTHETIC_EXAMPLE|PERSONAL_DATA_PRESENT		PERSONAL_DATA_PRESENT				
PII_CONTENT	P2_CANDIDATE	1250bb1ef01d7903637c4384eba89de682d20a9d3bcf7fa1fbaecb57611581b5	false	abondances-relatives-des-elements-chimiques-pdf-400-39-ko--1250bb1ef0	01_EDUSCOL_OFFICIEL/LYCEE/TRANSVERSAL_MULTI_NIVEAUX/80_A_VERIFIER/ENSEIGNEMENT_SCIENTIFIQUE/07_DIAPORAMAS_SUPPORTS/2019/abondances-relatives-des-elements-chimiques-pdf-400-39-ko--1250bb1ef0.pdf	MOYEN	phone_french	1	6					1250bb1ef01d7903637c4384eba89de682d20a9d3bcf7fa1fbaecb57611581b5			PII_CLEARED|PII_REDACTION_REQUIRED|EXCLUDE_FROM_SERVABLE_SET|HUMAN_REVIEW_REQUIRED	EXCLUDE_FROM_SERVABLE_SET		PERSONAL_DATA_PRESENT	abenrhouma		Exclusion par précaution : 1 signalement(s) (phone_french) non examinés individuellement, présumés données personnelles ; le contenu n'est pas servi.
PII_FINDING	P2_CANDIDATE	1250bb1ef01d7903637c4384eba89de682d20a9d3bcf7fa1fbaecb57611581b5	false			MOYEN				ee727b1437e72fdc337b541935f8786eb1b409221cec28075c41fed7cd329efd	phone_french	6	NATIVE_TEXT	1250bb1ef01d7903637c4384eba89de682d20a9d3bcf7fa1fbaecb57611581b5			FALSE_POSITIVE_TECHNICAL|PUBLIC_INSTITUTIONAL_DATA|SYNTHETIC_EXAMPLE|PERSONAL_DATA_PRESENT		PERSONAL_DATA_PRESENT				
PII_CONTENT	P2_CANDIDATE	22c557a9e481554e2e87486713fa237bc13ea9cbf7ace69a5868581cad47afb9	false	la-production-et-la-distribution-d-energie-electrique-pdf-606-09-ko--22c557a9e4	01_EDUSCOL_OFFICIEL/LYCEE/TRANSVERSAL_MULTI_NIVEAUX/80_A_VERIFIER/ENSEIGNEMENT_SCIENTIFIQUE/03_RESSOURCES_ACCOMPAGNEMENT/2020/la-production-et-la-distribution-d-energie-electrique-pdf-606-09-ko--22c557a9e4.pdf	MOYEN	phone_french	1	8					22c557a9e481554e2e87486713fa237bc13ea9cbf7ace69a5868581cad47afb9			PII_CLEARED|PII_REDACTION_REQUIRED|EXCLUDE_FROM_SERVABLE_SET|HUMAN_REVIEW_REQUIRED	EXCLUDE_FROM_SERVABLE_SET		PERSONAL_DATA_PRESENT	abenrhouma		Exclusion par précaution : 1 signalement(s) (phone_french) non examinés individuellement, présumés données personnelles ; le contenu n'est pas servi.
PII_FINDING	P2_CANDIDATE	22c557a9e481554e2e87486713fa237bc13ea9cbf7ace69a5868581cad47afb9	false			MOYEN				e7c09494041017fcf8559ce818d94bfc8def424fd905d698440f9bcc4df358a2	phone_french	8	NATIVE_TEXT	22c557a9e481554e2e87486713fa237bc13ea9cbf7ace69a5868581cad47afb9			FALSE_POSITIVE_TECHNICAL|PUBLIC_INSTITUTIONAL_DATA|SYNTHETIC_EXAMPLE|PERSONAL_DATA_PRESENT		PERSONAL_DATA_PRESENT				
PII_CONTENT	P2_CANDIDATE	23e38ff901920457ad688bf6db86c580712b424ecdf87836da97510c7c66a6ae	false	reperes-de-progressivite-linguistique--23e38ff901	01_EDUSCOL_OFFICIEL/COLLEGE/CYCLE_4_TRANSVERSAL/LANGUES_VIVANTES/02_REPERES_ATTENDUS/2017/reperes-de-progressivite-linguistique--23e38ff901.pdf	MOYEN	phone_french	1	4					23e38ff901920457ad688bf6db86c580712b424ecdf87836da97510c7c66a6ae			PII_CLEARED|PII_REDACTION_REQUIRED|EXCLUDE_FROM_SERVABLE_SET|HUMAN_REVIEW_REQUIRED	EXCLUDE_FROM_SERVABLE_SET		PERSONAL_DATA_PRESENT	abenrhouma		Exclusion par précaution : 1 signalement(s) (phone_french) non examinés individuellement, présumés données personnelles ; le contenu n'est pas servi.
PII_FINDING	P2_CANDIDATE	23e38ff901920457ad688bf6db86c580712b424ecdf87836da97510c7c66a6ae	false			MOYEN				2d5a764284e322519a36ed908116194fc28aa4c81896224ed8561d53e00665a3	phone_french	4	NATIVE_TEXT	23e38ff901920457ad688bf6db86c580712b424ecdf87836da97510c7c66a6ae			FALSE_POSITIVE_TECHNICAL|PUBLIC_INSTITUTIONAL_DATA|SYNTHETIC_EXAMPLE|PERSONAL_DATA_PRESENT		PERSONAL_DATA_PRESENT				
PII_CONTENT	P2_CANDIDATE	2a4c9e670c95c5687ce789a761e669aae762235d94ad4f5345a021adb6eb163b	false	guide-des-classes-de-defense-et-de-securite-globales-cyber--2a4c9e670c	01_EDUSCOL_OFFICIEL/LYCEE/SECONDE/SNT/06_GUIDES/2025/guide-des-classes-de-defense-et-de-securite-globales-cyber--2a4c9e670c.pdf	MOYEN	email_address	1	14					2a4c9e670c95c5687ce789a761e669aae762235d94ad4f5345a021adb6eb163b			PII_CLEARED|PII_REDACTION_REQUIRED|EXCLUDE_FROM_SERVABLE_SET|HUMAN_REVIEW_REQUIRED	EXCLUDE_FROM_SERVABLE_SET		PERSONAL_DATA_PRESENT	abenrhouma		Exclusion par précaution : 1 signalement(s) (email_address) non examinés individuellement, présumés données personnelles ; le contenu n'est pas servi.
PII_FINDING	P2_CANDIDATE	2a4c9e670c95c5687ce789a761e669aae762235d94ad4f5345a021adb6eb163b	false			MOYEN				c593e4b8399000a34751fe6e85ededfa6c067155a9a1631eaa59940d35d7b9f3	email_address	14	NATIVE_TEXT	2a4c9e670c95c5687ce789a761e669aae762235d94ad4f5345a021adb6eb163b			FALSE_POSITIVE_TECHNICAL|PUBLIC_INSTITUTIONAL_DATA|SYNTHETIC_EXAMPLE|PERSONAL_DATA_PRESENT		PERSONAL_DATA_PRESENT				
PII_CONTENT	P2_CANDIDATE	2ab1fc88e3be9be54b62cedcd9a21cf21e6edd055ec684e7be6a31be2e29553b	false	les-fichiers-vcard-pdf-170-17-ko--2ab1fc88e3	01_EDUSCOL_OFFICIEL/LYCEE/SECONDE/SNT/03_RESSOURCES_ACCOMPAGNEMENT/2019/les-fichiers-vcard-pdf-170-17-ko--2ab1fc88e3.pdf	MOYEN	email_address|phone_french|postal_address	7	3					2ab1fc88e3be9be54b62cedcd9a21cf21e6edd055ec684e7be6a31be2e29553b			PII_CLEARED|PII_REDACTION_REQUIRED|EXCLUDE_FROM_SERVABLE_SET|HUMAN_REVIEW_REQUIRED	EXCLUDE_FROM_SERVABLE_SET		PERSONAL_DATA_PRESENT	abenrhouma		Exclusion par précaution : 7 signalement(s) (email_address, phone_french, postal_address) non examinés individuellement, présumés données personnelles ; le contenu n'est pas servi.
PII_FINDING	P2_CANDIDATE	2ab1fc88e3be9be54b62cedcd9a21cf21e6edd055ec684e7be6a31be2e29553b	false			MOYEN				32af83b70c4dbecc469d17f3166046e49edbaf18520e74f12ef2cff9a94bbdbc	postal_address	3	NATIVE_TEXT	2ab1fc88e3be9be54b62cedcd9a21cf21e6edd055ec684e7be6a31be2e29553b			FALSE_POSITIVE_TECHNICAL|PUBLIC_INSTITUTIONAL_DATA|SYNTHETIC_EXAMPLE|PERSONAL_DATA_PRESENT		PERSONAL_DATA_PRESENT				
PII_FINDING	P2_CANDIDATE	2ab1fc88e3be9be54b62cedcd9a21cf21e6edd055ec684e7be6a31be2e29553b	false			MOYEN				40938d542e6514efcd093bd05601017661360b7283c8fb4d0b9e9494c9ac7631	postal_address	3	NATIVE_TEXT	2ab1fc88e3be9be54b62cedcd9a21cf21e6edd055ec684e7be6a31be2e29553b			FALSE_POSITIVE_TECHNICAL|PUBLIC_INSTITUTIONAL_DATA|SYNTHETIC_EXAMPLE|PERSONAL_DATA_PRESENT		PERSONAL_DATA_PRESENT				
PII_FINDING	P2_CANDIDATE	2ab1fc88e3be9be54b62cedcd9a21cf21e6edd055ec684e7be6a31be2e29553b	false			MOYEN				5d88fd6143cb98b2723efc727821911a3e0dfc609a33411ede74200686a8a8d2	phone_french	3	NATIVE_TEXT	2ab1fc88e3be9be54b62cedcd9a21cf21e6edd055ec684e7be6a31be2e29553b			FALSE_POSITIVE_TECHNICAL|PUBLIC_INSTITUTIONAL_DATA|SYNTHETIC_EXAMPLE|PERSONAL_DATA_PRESENT		PERSONAL_DATA_PRESENT				
PII_FINDING	P2_CANDIDATE	2ab1fc88e3be9be54b62cedcd9a21cf21e6edd055ec684e7be6a31be2e29553b	false			MOYEN				aba96f23912b2a275e15ad16ea6c0a0b544c64cceeef0beba7c81171f91b54e8	email_address	3	NATIVE_TEXT	2ab1fc88e3be9be54b62cedcd9a21cf21e6edd055ec684e7be6a31be2e29553b			FALSE_POSITIVE_TECHNICAL|PUBLIC_INSTITUTIONAL_DATA|SYNTHETIC_EXAMPLE|PERSONAL_DATA_PRESENT		PERSONAL_DATA_PRESENT				
PII_FINDING	P2_CANDIDATE	2ab1fc88e3be9be54b62cedcd9a21cf21e6edd055ec684e7be6a31be2e29553b	false			MOYEN				b41ed9db0ef2cd5349227d59d82c9d1000cc223bab5ece1447402eb30e55f269	phone_french	3	NATIVE_TEXT	2ab1fc88e3be9be54b62cedcd9a21cf21e6edd055ec684e7be6a31be2e29553b			FALSE_POSITIVE_TECHNICAL|PUBLIC_INSTITUTIONAL_DATA|SYNTHETIC_EXAMPLE|PERSONAL_DATA_PRESENT		PERSONAL_DATA_PRESENT				
PII_FINDING	P2_CANDIDATE	2ab1fc88e3be9be54b62cedcd9a21cf21e6edd055ec684e7be6a31be2e29553b	false			MOYEN				c590dbf0a57a98601b6c52f7482856cd16988165a47780b30769124e6e11d6e3	email_address	3	NATIVE_TEXT	2ab1fc88e3be9be54b62cedcd9a21cf21e6edd055ec684e7be6a31be2e29553b			FALSE_POSITIVE_TECHNICAL|PUBLIC_INSTITUTIONAL_DATA|SYNTHETIC_EXAMPLE|PERSONAL_DATA_PRESENT		PERSONAL_DATA_PRESENT				
PII_FINDING	P2_CANDIDATE	2ab1fc88e3be9be54b62cedcd9a21cf21e6edd055ec684e7be6a31be2e29553b	false			MOYEN				eaeacf83fbc493ad1c3361634ce8381f550b992571d8691cedeeeeafa656a733	email_address	3	NATIVE_TEXT	2ab1fc88e3be9be54b62cedcd9a21cf21e6edd055ec684e7be6a31be2e29553b			FALSE_POSITIVE_TECHNICAL|PUBLIC_INSTITUTIONAL_DATA|SYNTHETIC_EXAMPLE|PERSONAL_DATA_PRESENT		PERSONAL_DATA_PRESENT				
PII_CONTENT	P2_CANDIDATE	2c32ad0950fbafe164a7d8c9a34fae76270cb1ff0806801507f0d37c893cba2e	false	filles-et-garcons-sur-le-chemin-de-l-egalite--2c32ad0950	01_EDUSCOL_OFFICIEL/LYCEE/TRANSVERSAL_MULTI_NIVEAUX/80_A_VERIFIER/DANSE/09_AUTRES/2026/filles-et-garcons-sur-le-chemin-de-l-egalite--2c32ad0950.pdf	MOYEN	phone_french|postal_address	3	2|28|31					2c32ad0950fbafe164a7d8c9a34fae76270cb1ff0806801507f0d37c893cba2e			PII_CLEARED|PII_REDACTION_REQUIRED|EXCLUDE_FROM_SERVABLE_SET|HUMAN_REVIEW_REQUIRED	EXCLUDE_FROM_SERVABLE_SET		PERSONAL_DATA_PRESENT	abenrhouma		Exclusion par précaution : 3 signalement(s) (phone_french, postal_address) non examinés individuellement, présumés données personnelles ; le contenu n'est pas servi.
PII_FINDING	P2_CANDIDATE	2c32ad0950fbafe164a7d8c9a34fae76270cb1ff0806801507f0d37c893cba2e	false			MOYEN				18c93a2e649e64afc1136a3886719e283c15efbd2b0de73fa6b35ee9cbcd22ee	postal_address	2	NATIVE_TEXT	2c32ad0950fbafe164a7d8c9a34fae76270cb1ff0806801507f0d37c893cba2e			FALSE_POSITIVE_TECHNICAL|PUBLIC_INSTITUTIONAL_DATA|SYNTHETIC_EXAMPLE|PERSONAL_DATA_PRESENT		PERSONAL_DATA_PRESENT				
PII_FINDING	P2_CANDIDATE	2c32ad0950fbafe164a7d8c9a34fae76270cb1ff0806801507f0d37c893cba2e	false			MOYEN				b68d8efb6fbece09605b8bb05c007986838256abaf27f92739e16c5f3a9edfdc	postal_address	31	NATIVE_TEXT	2c32ad0950fbafe164a7d8c9a34fae76270cb1ff0806801507f0d37c893cba2e			FALSE_POSITIVE_TECHNICAL|PUBLIC_INSTITUTIONAL_DATA|SYNTHETIC_EXAMPLE|PERSONAL_DATA_PRESENT		PERSONAL_DATA_PRESENT				
PII_FINDING	P2_CANDIDATE	2c32ad0950fbafe164a7d8c9a34fae76270cb1ff0806801507f0d37c893cba2e	false			MOYEN				f5e86b0a2c0d1c9f8d31765430d63de72f93edfebca10bf7da68ed8c7d972d05	phone_french	28	NATIVE_TEXT	2c32ad0950fbafe164a7d8c9a34fae76270cb1ff0806801507f0d37c893cba2e			FALSE_POSITIVE_TECHNICAL|PUBLIC_INSTITUTIONAL_DATA|SYNTHETIC_EXAMPLE|PERSONAL_DATA_PRESENT		PERSONAL_DATA_PRESENT				
PII_CONTENT	P2_CANDIDATE	2d5ee632b4021d125a23fe95b2e13afe51e526dbebb86421a67887fe9f7d57d9	false	la-protection-d-une-uvre-pdf-238-17-ko--2d5ee632b4	01_EDUSCOL_OFFICIEL/STMG/PREMIERE/07_DIAPORAMAS_SUPPORTS/2019/la-protection-d-une-uvre-pdf-238-17-ko--2d5ee632b4.pdf	MOYEN	postal_address	1	9					2d5ee632b4021d125a23fe95b2e13afe51e526dbebb86421a67887fe9f7d57d9			PII_CLEARED|PII_REDACTION_REQUIRED|EXCLUDE_FROM_SERVABLE_SET|HUMAN_REVIEW_REQUIRED	EXCLUDE_FROM_SERVABLE_SET		PERSONAL_DATA_PRESENT	abenrhouma		Exclusion par précaution : 1 signalement(s) (postal_address) non examinés individuellement, présumés données personnelles ; le contenu n'est pas servi.
PII_FINDING	P2_CANDIDATE	2d5ee632b4021d125a23fe95b2e13afe51e526dbebb86421a67887fe9f7d57d9	false			MOYEN				acae239f8e6dc1968766ec9dc7588b8dd479be6063337ea8db73b61310e6ba09	postal_address	9	NATIVE_TEXT	2d5ee632b4021d125a23fe95b2e13afe51e526dbebb86421a67887fe9f7d57d9			FALSE_POSITIVE_TECHNICAL|PUBLIC_INSTITUTIONAL_DATA|SYNTHETIC_EXAMPLE|PERSONAL_DATA_PRESENT		PERSONAL_DATA_PRESENT				
PII_CONTENT	P2_CANDIDATE	2e23d96917fdaf1696266488a6e696e9747f9a946afcc1eeb31024dd9cd763e7	false	fiche-professeur--2e23d96917	01_EDUSCOL_OFFICIEL/COLLEGE/CYCLE_4_TRANSVERSAL/MATHEMATIQUES/09_AUTRES/2023/fiche-professeur--2e23d96917.pdf	MOYEN	postal_address	1	1					2e23d96917fdaf1696266488a6e696e9747f9a946afcc1eeb31024dd9cd763e7			PII_CLEARED|PII_REDACTION_REQUIRED|EXCLUDE_FROM_SERVABLE_SET|HUMAN_REVIEW_REQUIRED	EXCLUDE_FROM_SERVABLE_SET		PERSONAL_DATA_PRESENT	abenrhouma		Exclusion par précaution : 1 signalement(s) (postal_address) non examinés individuellement, présumés données personnelles ; le contenu n'est pas servi.
PII_FINDING	P2_CANDIDATE	2e23d96917fdaf1696266488a6e696e9747f9a946afcc1eeb31024dd9cd763e7	false			MOYEN				361d43b776eeb311dc74282e069615927848278bb532338d02979265ace6c849	postal_address	1	NATIVE_TEXT	2e23d96917fdaf1696266488a6e696e9747f9a946afcc1eeb31024dd9cd763e7			FALSE_POSITIVE_TECHNICAL|PUBLIC_INSTITUTIONAL_DATA|SYNTHETIC_EXAMPLE|PERSONAL_DATA_PRESENT		PERSONAL_DATA_PRESENT				
PII_CONTENT	P2_CANDIDATE	2fd77f0dd2d539c14fee767eac87bb8c5a27bdd40a70733082c9161a053b3704	false	la-protection-des-donnees-a-caractere-personnel-pdf-397-46-ko--2fd77f0dd2	01_EDUSCOL_OFFICIEL/STMG/PREMIERE/03_RESSOURCES_ACCOMPAGNEMENT/2019/la-protection-des-donnees-a-caractere-personnel-pdf-397-46-ko--2fd77f0dd2.pdf	MOYEN	email_address	1	2					2fd77f0dd2d539c14fee767eac87bb8c5a27bdd40a70733082c9161a053b3704			PII_CLEARED|PII_REDACTION_REQUIRED|EXCLUDE_FROM_SERVABLE_SET|HUMAN_REVIEW_REQUIRED	EXCLUDE_FROM_SERVABLE_SET		PERSONAL_DATA_PRESENT	abenrhouma		Exclusion par précaution : 1 signalement(s) (email_address) non examinés individuellement, présumés données personnelles ; le contenu n'est pas servi.
PII_FINDING	P2_CANDIDATE	2fd77f0dd2d539c14fee767eac87bb8c5a27bdd40a70733082c9161a053b3704	false			MOYEN				501803e1a5a06b968022d5050d6e8b211b74555dd172dd96c3d7d9f7cbaaa5ed	email_address	2	NATIVE_TEXT	2fd77f0dd2d539c14fee767eac87bb8c5a27bdd40a70733082c9161a053b3704			FALSE_POSITIVE_TECHNICAL|PUBLIC_INSTITUTIONAL_DATA|SYNTHETIC_EXAMPLE|PERSONAL_DATA_PRESENT		PERSONAL_DATA_PRESENT				
PII_CONTENT	P2_CANDIDATE	30798ecb2283d354a280bb1fd8a18f5b06dadcbb676f543b1ae68886a70f4d76	false	john-rawls-et-annexe-sur-la-theorie-de-la-justice-pdf-181-73-ko--30798ecb22	01_EDUSCOL_OFFICIEL/LYCEE/TRANSVERSAL_MULTI_NIVEAUX/80_A_VERIFIER/PHILOSOPHIE/01_PROGRAMMES_OFFICIELS/2020/john-rawls-et-annexe-sur-la-theorie-de-la-justice-pdf-181-73-ko--30798ecb22.pdf	MOYEN	email_address	1	1					30798ecb2283d354a280bb1fd8a18f5b06dadcbb676f543b1ae68886a70f4d76			PII_CLEARED|PII_REDACTION_REQUIRED|EXCLUDE_FROM_SERVABLE_SET|HUMAN_REVIEW_REQUIRED	EXCLUDE_FROM_SERVABLE_SET		PERSONAL_DATA_PRESENT	abenrhouma		Exclusion par précaution : 1 signalement(s) (email_address) non examinés individuellement, présumés données personnelles ; le contenu n'est pas servi.
PII_FINDING	P2_CANDIDATE	30798ecb2283d354a280bb1fd8a18f5b06dadcbb676f543b1ae68886a70f4d76	false			MOYEN				ed8902528bd3023c83c7dd160ce33b76c6ad5c56ac00c05706b09d39612d12ae	email_address	1	NATIVE_TEXT	30798ecb2283d354a280bb1fd8a18f5b06dadcbb676f543b1ae68886a70f4d76			FALSE_POSITIVE_TECHNICAL|PUBLIC_INSTITUTIONAL_DATA|SYNTHETIC_EXAMPLE|PERSONAL_DATA_PRESENT		PERSONAL_DATA_PRESENT				
PII_CONTENT	P2_CANDIDATE	32f6473d84fbfbfcdc409b011da4abe7432aa06d82629113ce0ee5a985bb3888	false	texte-de-presentation-du-seminaire-battre-la-mesure--32f6473d84	01_EDUSCOL_OFFICIEL/LYCEE/TRANSVERSAL_MULTI_NIVEAUX/80_A_VERIFIER/PHILOSOPHIE/04_EVALUATIONS_EXAMENS/2019/texte-de-presentation-du-seminaire-battre-la-mesure--32f6473d84.pdf	MOYEN	email_address|postal_address	7	1|2|3					32f6473d84fbfbfcdc409b011da4abe7432aa06d82629113ce0ee5a985bb3888			PII_CLEARED|PII_REDACTION_REQUIRED|EXCLUDE_FROM_SERVABLE_SET|HUMAN_REVIEW_REQUIRED	EXCLUDE_FROM_SERVABLE_SET		PERSONAL_DATA_PRESENT	abenrhouma		Exclusion par précaution : 7 signalement(s) (email_address, postal_address) non examinés individuellement, présumés données personnelles ; le contenu n'est pas servi.
PII_FINDING	P2_CANDIDATE	32f6473d84fbfbfcdc409b011da4abe7432aa06d82629113ce0ee5a985bb3888	false			MOYEN				2119eeb033b1b45842ba493cfa88ed045d270be503da4ab927889e557cf2d3bd	postal_address	2	NATIVE_TEXT	32f6473d84fbfbfcdc409b011da4abe7432aa06d82629113ce0ee5a985bb3888			FALSE_POSITIVE_TECHNICAL|PUBLIC_INSTITUTIONAL_DATA|SYNTHETIC_EXAMPLE|PERSONAL_DATA_PRESENT		PERSONAL_DATA_PRESENT				
PII_FINDING	P2_CANDIDATE	32f6473d84fbfbfcdc409b011da4abe7432aa06d82629113ce0ee5a985bb3888	false			MOYEN				3b37939817fe05975de4fe885deef60aaf9cf45fe077976ea3aed25dff179b5d	email_address	3	NATIVE_TEXT	32f6473d84fbfbfcdc409b011da4abe7432aa06d82629113ce0ee5a985bb3888			FALSE_POSITIVE_TECHNICAL|PUBLIC_INSTITUTIONAL_DATA|SYNTHETIC_EXAMPLE|PERSONAL_DATA_PRESENT		PERSONAL_DATA_PRESENT				
PII_FINDING	P2_CANDIDATE	32f6473d84fbfbfcdc409b011da4abe7432aa06d82629113ce0ee5a985bb3888	false			MOYEN				3d29cbc2ba479ecbe737ce3b475fcc4617e339e6457cad5a310baf6f7f20dfdd	email_address	1	NATIVE_TEXT	32f6473d84fbfbfcdc409b011da4abe7432aa06d82629113ce0ee5a985bb3888			FALSE_POSITIVE_TECHNICAL|PUBLIC_INSTITUTIONAL_DATA|SYNTHETIC_EXAMPLE|PERSONAL_DATA_PRESENT		PERSONAL_DATA_PRESENT				
PII_FINDING	P2_CANDIDATE	32f6473d84fbfbfcdc409b011da4abe7432aa06d82629113ce0ee5a985bb3888	false			MOYEN				985eb586f018dad9901febbb5d2139cf88d787e7c3de0a5193b3dfaf78b9be0c	postal_address	2	NATIVE_TEXT	32f6473d84fbfbfcdc409b011da4abe7432aa06d82629113ce0ee5a985bb3888			FALSE_POSITIVE_TECHNICAL|PUBLIC_INSTITUTIONAL_DATA|SYNTHETIC_EXAMPLE|PERSONAL_DATA_PRESENT		PERSONAL_DATA_PRESENT				
PII_FINDING	P2_CANDIDATE	32f6473d84fbfbfcdc409b011da4abe7432aa06d82629113ce0ee5a985bb3888	false			MOYEN				aea1ac4692d3645ec5383cb0ecadc3315a67977bb2e744e22bab6cb0b77693c6	email_address	1	NATIVE_TEXT	32f6473d84fbfbfcdc409b011da4abe7432aa06d82629113ce0ee5a985bb3888			FALSE_POSITIVE_TECHNICAL|PUBLIC_INSTITUTIONAL_DATA|SYNTHETIC_EXAMPLE|PERSONAL_DATA_PRESENT		PERSONAL_DATA_PRESENT				
PII_FINDING	P2_CANDIDATE	32f6473d84fbfbfcdc409b011da4abe7432aa06d82629113ce0ee5a985bb3888	false			MOYEN				dad832c49b5c465f4658a3a03ed8d2916a06fde35799ddc233fda90ee0514531	postal_address	3	NATIVE_TEXT	32f6473d84fbfbfcdc409b011da4abe7432aa06d82629113ce0ee5a985bb3888			FALSE_POSITIVE_TECHNICAL|PUBLIC_INSTITUTIONAL_DATA|SYNTHETIC_EXAMPLE|PERSONAL_DATA_PRESENT		PERSONAL_DATA_PRESENT				
PII_FINDING	P2_CANDIDATE	32f6473d84fbfbfcdc409b011da4abe7432aa06d82629113ce0ee5a985bb3888	false			MOYEN				f11999cdfa2e472bd3d6d896d04dbe369a723f822f05b40c5d2adba2585683b3	postal_address	3	NATIVE_TEXT	32f6473d84fbfbfcdc409b011da4abe7432aa06d82629113ce0ee5a985bb3888			FALSE_POSITIVE_TECHNICAL|PUBLIC_INSTITUTIONAL_DATA|SYNTHETIC_EXAMPLE|PERSONAL_DATA_PRESENT		PERSONAL_DATA_PRESENT				
PII_CONTENT	P2_CANDIDATE	35ff6bbd73b3f1f67132ca18afaee7241dc64f5a47895f88a28f283feace4061	false	epreuve-de-l-enseignement-de-specialite-de-musique-de-la-classe-terminale-commentaires-pdf-158-58-ko--35ff6bbd73	01_EDUSCOL_OFFICIEL/LYCEE/TRANSVERSAL_MULTI_NIVEAUX/80_A_VERIFIER/MUSIQUE/01_PROGRAMMES_OFFICIELS/2020/epreuve-de-l-enseignement-de-specialite-de-musique-de-la-classe-terminale-commentaires-pdf-158-58-ko--35ff6bbd73.pdf	MOYEN	postal_address	1	1					35ff6bbd73b3f1f67132ca18afaee7241dc64f5a47895f88a28f283feace4061			PII_CLEARED|PII_REDACTION_REQUIRED|EXCLUDE_FROM_SERVABLE_SET|HUMAN_REVIEW_REQUIRED	EXCLUDE_FROM_SERVABLE_SET		PERSONAL_DATA_PRESENT	abenrhouma		Exclusion par précaution : 1 signalement(s) (postal_address) non examinés individuellement, présumés données personnelles ; le contenu n'est pas servi.
PII_FINDING	P2_CANDIDATE	35ff6bbd73b3f1f67132ca18afaee7241dc64f5a47895f88a28f283feace4061	false			MOYEN				ce4ebf2db6e1dafae66e027d749f733a725f9aa97013630336d5722cccb11cf3	postal_address	1	NATIVE_TEXT	35ff6bbd73b3f1f67132ca18afaee7241dc64f5a47895f88a28f283feace4061			FALSE_POSITIVE_TECHNICAL|PUBLIC_INSTITUTIONAL_DATA|SYNTHETIC_EXAMPLE|PERSONAL_DATA_PRESENT		PERSONAL_DATA_PRESENT				
PII_CONTENT	P2_CANDIDATE	392cbd0cc3db9b5b52f74b4039bc0a61d8de511ce0be5eeb01d3a4c2992f2758	false	plan-du-cours-pdf-111-79-ko--392cbd0cc3	01_EDUSCOL_OFFICIEL/LYCEE/SECONDE/SCIENCES_INGENIEUR/05_ANNALES_SUJETS_CORRIGES/2019/plan-du-cours-pdf-111-79-ko--392cbd0cc3.pdf	MOYEN	email_address	1	1					392cbd0cc3db9b5b52f74b4039bc0a61d8de511ce0be5eeb01d3a4c2992f2758			PII_CLEARED|PII_REDACTION_REQUIRED|EXCLUDE_FROM_SERVABLE_SET|HUMAN_REVIEW_REQUIRED	EXCLUDE_FROM_SERVABLE_SET		PERSONAL_DATA_PRESENT	abenrhouma		Exclusion par précaution : 1 signalement(s) (email_address) non examinés individuellement, présumés données personnelles ; le contenu n'est pas servi.
PII_FINDING	P2_CANDIDATE	392cbd0cc3db9b5b52f74b4039bc0a61d8de511ce0be5eeb01d3a4c2992f2758	false			MOYEN				d38f73e26a103bad47867c804578c86b800158a1018d9182e2d64cb906a01a15	email_address	1	NATIVE_TEXT	392cbd0cc3db9b5b52f74b4039bc0a61d8de511ce0be5eeb01d3a4c2992f2758			FALSE_POSITIVE_TECHNICAL|PUBLIC_INSTITUTIONAL_DATA|SYNTHETIC_EXAMPLE|PERSONAL_DATA_PRESENT		PERSONAL_DATA_PRESENT				
PII_CONTENT	P2_CANDIDATE	39c0e01042df4b5bcc1646188ccee09ac5caa461899c21d4a27ab9a7d207deb1	false	ouvrir-l-il-pdf-228-45-ko--39c0e01042	01_EDUSCOL_OFFICIEL/LYCEE/TRANSVERSAL_MULTI_NIVEAUX/80_A_VERIFIER/PHYSIQUE_CHIMIE/05_ANNALES_SUJETS_CORRIGES/2019/ouvrir-l-il-pdf-228-45-ko--39c0e01042.pdf	MOYEN	postal_address|student_name_pattern	4	6|7					39c0e01042df4b5bcc1646188ccee09ac5caa461899c21d4a27ab9a7d207deb1			PII_CLEARED|PII_REDACTION_REQUIRED|EXCLUDE_FROM_SERVABLE_SET|HUMAN_REVIEW_REQUIRED	EXCLUDE_FROM_SERVABLE_SET		PERSONAL_DATA_PRESENT	abenrhouma		Exclusion par précaution : 4 signalement(s) (postal_address, student_name_pattern) non examinés individuellement, présumés données personnelles ; le contenu n'est pas servi.
PII_FINDING	P2_CANDIDATE	39c0e01042df4b5bcc1646188ccee09ac5caa461899c21d4a27ab9a7d207deb1	false			MOYEN				a2fc2b49401ac49bac3be6d696204990cfc9a6ba2bdc59fb5bbb14f0feac35be	postal_address	6	NATIVE_TEXT	39c0e01042df4b5bcc1646188ccee09ac5caa461899c21d4a27ab9a7d207deb1			FALSE_POSITIVE_TECHNICAL|PUBLIC_INSTITUTIONAL_DATA|SYNTHETIC_EXAMPLE|PERSONAL_DATA_PRESENT		PERSONAL_DATA_PRESENT				
PII_FINDING	P2_CANDIDATE	39c0e01042df4b5bcc1646188ccee09ac5caa461899c21d4a27ab9a7d207deb1	false			MOYEN				b0b0e98c8be03de08c9f09ed9e3dfda198da53d263c7b8d67566c5af47cb2585	postal_address	6	NATIVE_TEXT	39c0e01042df4b5bcc1646188ccee09ac5caa461899c21d4a27ab9a7d207deb1			FALSE_POSITIVE_TECHNICAL|PUBLIC_INSTITUTIONAL_DATA|SYNTHETIC_EXAMPLE|PERSONAL_DATA_PRESENT		PERSONAL_DATA_PRESENT				
PII_FINDING	P2_CANDIDATE	39c0e01042df4b5bcc1646188ccee09ac5caa461899c21d4a27ab9a7d207deb1	false			MOYEN				f4831a1c1c739bee8f964b691e6ad8eb59d4f25b358c536bbf2b024bd5c3d356	student_name_pattern	7	NATIVE_TEXT	39c0e01042df4b5bcc1646188ccee09ac5caa461899c21d4a27ab9a7d207deb1			FALSE_POSITIVE_TECHNICAL|PUBLIC_INSTITUTIONAL_DATA|SYNTHETIC_EXAMPLE|PERSONAL_DATA_PRESENT		PERSONAL_DATA_PRESENT				
PII_FINDING	P2_CANDIDATE	39c0e01042df4b5bcc1646188ccee09ac5caa461899c21d4a27ab9a7d207deb1	false			MOYEN				f90803823139466e7094d75a34d0f54b3ce2562450fbc061029c864b8c925268	postal_address	6	NATIVE_TEXT	39c0e01042df4b5bcc1646188ccee09ac5caa461899c21d4a27ab9a7d207deb1			FALSE_POSITIVE_TECHNICAL|PUBLIC_INSTITUTIONAL_DATA|SYNTHETIC_EXAMPLE|PERSONAL_DATA_PRESENT		PERSONAL_DATA_PRESENT				
PII_CONTENT	P2_CANDIDATE	3e27038be759e0abc48d45259b61f6a36ae726d798deebca9c679062f65870f0	false	reglement-du-concours--3e27038be7	01_EDUSCOL_OFFICIEL/LYCEE/TRANSVERSAL_MULTI_NIVEAUX/80_A_VERIFIER/HISTOIRE_DES_ARTS/09_AUTRES/2025/reglement-du-concours--3e27038be7.pdf	MOYEN	email_address|phone_french|postal_address	6	3					3e27038be759e0abc48d45259b61f6a36ae726d798deebca9c679062f65870f0			PII_CLEARED|PII_REDACTION_REQUIRED|EXCLUDE_FROM_SERVABLE_SET|HUMAN_REVIEW_REQUIRED	EXCLUDE_FROM_SERVABLE_SET		PERSONAL_DATA_PRESENT	abenrhouma		Exclusion par précaution : 6 signalement(s) (email_address, phone_french, postal_address) non examinés individuellement, présumés données personnelles ; le contenu n'est pas servi.
PII_FINDING	P2_CANDIDATE	3e27038be759e0abc48d45259b61f6a36ae726d798deebca9c679062f65870f0	false			MOYEN				0bb0691242433ea0a1aefce85e2007a49e4b9ec5260c94c35bc2dac4ccab7b0b	postal_address	3	NATIVE_TEXT	3e27038be759e0abc48d45259b61f6a36ae726d798deebca9c679062f65870f0			FALSE_POSITIVE_TECHNICAL|PUBLIC_INSTITUTIONAL_DATA|SYNTHETIC_EXAMPLE|PERSONAL_DATA_PRESENT		PERSONAL_DATA_PRESENT				
PII_FINDING	P2_CANDIDATE	3e27038be759e0abc48d45259b61f6a36ae726d798deebca9c679062f65870f0	false			MOYEN				19b4a08da7e2afd1467dd8e2ced1d0bd347a1e4e27e15c84ae05fc34b858f702	email_address	3	NATIVE_TEXT	3e27038be759e0abc48d45259b61f6a36ae726d798deebca9c679062f65870f0			FALSE_POSITIVE_TECHNICAL|PUBLIC_INSTITUTIONAL_DATA|SYNTHETIC_EXAMPLE|PERSONAL_DATA_PRESENT		PERSONAL_DATA_PRESENT				
PII_FINDING	P2_CANDIDATE	3e27038be759e0abc48d45259b61f6a36ae726d798deebca9c679062f65870f0	false			MOYEN				a613ae3c7ca76dafd87ad1025a680f3332a34cd0a6579c645afecd2e694e219d	postal_address	3	NATIVE_TEXT	3e27038be759e0abc48d45259b61f6a36ae726d798deebca9c679062f65870f0			FALSE_POSITIVE_TECHNICAL|PUBLIC_INSTITUTIONAL_DATA|SYNTHETIC_EXAMPLE|PERSONAL_DATA_PRESENT		PERSONAL_DATA_PRESENT				
PII_FINDING	P2_CANDIDATE	3e27038be759e0abc48d45259b61f6a36ae726d798deebca9c679062f65870f0	false			MOYEN				bd40a4c83f0e49ad740f0c37b6450666f4df8e9b89ee4a7971ef59e15a5ed5ed	phone_french	3	NATIVE_TEXT	3e27038be759e0abc48d45259b61f6a36ae726d798deebca9c679062f65870f0			FALSE_POSITIVE_TECHNICAL|PUBLIC_INSTITUTIONAL_DATA|SYNTHETIC_EXAMPLE|PERSONAL_DATA_PRESENT		PERSONAL_DATA_PRESENT				
PII_FINDING	P2_CANDIDATE	3e27038be759e0abc48d45259b61f6a36ae726d798deebca9c679062f65870f0	false			MOYEN				d78865c1bff8b11cb53f5c69e887ce4d3787984b6b944dc5b9675a90c728a705	email_address	3	NATIVE_TEXT	3e27038be759e0abc48d45259b61f6a36ae726d798deebca9c679062f65870f0			FALSE_POSITIVE_TECHNICAL|PUBLIC_INSTITUTIONAL_DATA|SYNTHETIC_EXAMPLE|PERSONAL_DATA_PRESENT		PERSONAL_DATA_PRESENT				
PII_FINDING	P2_CANDIDATE	3e27038be759e0abc48d45259b61f6a36ae726d798deebca9c679062f65870f0	false			MOYEN				ddbc1600ec871b72c35e892a86bc07cf0e162f314f2f2081ee4984ceab818461	email_address	3	NATIVE_TEXT	3e27038be759e0abc48d45259b61f6a36ae726d798deebca9c679062f65870f0			FALSE_POSITIVE_TECHNICAL|PUBLIC_INSTITUTIONAL_DATA|SYNTHETIC_EXAMPLE|PERSONAL_DATA_PRESENT		PERSONAL_DATA_PRESENT				
PII_CONTENT	P2_CANDIDATE	3ea9105313e0e7ce3e581af674459dd15776c656b2dfef39090a6e2c27b5fa0c	false	fiche-professeur--3ea9105313	01_EDUSCOL_OFFICIEL/COLLEGE/CYCLE_4_TRANSVERSAL/MATHEMATIQUES/09_AUTRES/2023/fiche-professeur--3ea9105313.pdf	MOYEN	postal_address	1	1					3ea9105313e0e7ce3e581af674459dd15776c656b2dfef39090a6e2c27b5fa0c			PII_CLEARED|PII_REDACTION_REQUIRED|EXCLUDE_FROM_SERVABLE_SET|HUMAN_REVIEW_REQUIRED	EXCLUDE_FROM_SERVABLE_SET		PERSONAL_DATA_PRESENT	abenrhouma		Exclusion par précaution : 1 signalement(s) (postal_address) non examinés individuellement, présumés données personnelles ; le contenu n'est pas servi.
PII_FINDING	P2_CANDIDATE	3ea9105313e0e7ce3e581af674459dd15776c656b2dfef39090a6e2c27b5fa0c	false			MOYEN				a222088280eaf8d772d14da1acaf7f146fe204b34d531d9fbcf6d8f7d46e6e90	postal_address	1	NATIVE_TEXT	3ea9105313e0e7ce3e581af674459dd15776c656b2dfef39090a6e2c27b5fa0c			FALSE_POSITIVE_TECHNICAL|PUBLIC_INSTITUTIONAL_DATA|SYNTHETIC_EXAMPLE|PERSONAL_DATA_PRESENT		PERSONAL_DATA_PRESENT				
PII_CONTENT	P2_CANDIDATE	4435dfe9a4ceeef2ac01a58bfb7fc032daebd07a2c6949e68ea4776be4bc88f0	false	telechargez-le-rapport-annuel-sur-l-evaluation-de-l-eps-session-2025--4435dfe9a4	01_EDUSCOL_OFFICIEL/LYCEE/TRANSVERSAL_MULTI_NIVEAUX/80_A_VERIFIER/EPS/04_EVALUATIONS_EXAMENS/2026/telechargez-le-rapport-annuel-sur-l-evaluation-de-l-eps-session-2025--4435dfe9a4.pdf	MOYEN	postal_address	1	8					4435dfe9a4ceeef2ac01a58bfb7fc032daebd07a2c6949e68ea4776be4bc88f0			PII_CLEARED|PII_REDACTION_REQUIRED|EXCLUDE_FROM_SERVABLE_SET|HUMAN_REVIEW_REQUIRED	EXCLUDE_FROM_SERVABLE_SET		PERSONAL_DATA_PRESENT	abenrhouma		Exclusion par précaution : 1 signalement(s) (postal_address) non examinés individuellement, présumés données personnelles ; le contenu n'est pas servi.
PII_FINDING	P2_CANDIDATE	4435dfe9a4ceeef2ac01a58bfb7fc032daebd07a2c6949e68ea4776be4bc88f0	false			MOYEN				06067a4a469f3cc4a22323fdab1bb863ae78baabe2e9285a853ffd2e0a8b5f95	postal_address	8	NATIVE_TEXT	4435dfe9a4ceeef2ac01a58bfb7fc032daebd07a2c6949e68ea4776be4bc88f0			FALSE_POSITIVE_TECHNICAL|PUBLIC_INSTITUTIONAL_DATA|SYNTHETIC_EXAMPLE|PERSONAL_DATA_PRESENT		PERSONAL_DATA_PRESENT				
PII_CONTENT	P2_CANDIDATE	46886d197f5b95c4a45692f21cfd9b39c2489151b620fc270719fd5dc8157cc0	false	modelisation-de-la-propagation-d-une-rumeur-pdf-1-72-mo--46886d197f	01_EDUSCOL_OFFICIEL/LYCEE/TRANSVERSAL_MULTI_NIVEAUX/80_A_VERIFIER/MATHEMATIQUES/07_DIAPORAMAS_SUPPORTS/2022/modelisation-de-la-propagation-d-une-rumeur-pdf-1-72-mo--46886d197f.pdf	MOYEN	phone_french	1	11					46886d197f5b95c4a45692f21cfd9b39c2489151b620fc270719fd5dc8157cc0			PII_CLEARED|PII_REDACTION_REQUIRED|EXCLUDE_FROM_SERVABLE_SET|HUMAN_REVIEW_REQUIRED	EXCLUDE_FROM_SERVABLE_SET		PERSONAL_DATA_PRESENT	abenrhouma		Exclusion par précaution : 1 signalement(s) (phone_french) non examinés individuellement, présumés données personnelles ; le contenu n'est pas servi.
PII_FINDING	P2_CANDIDATE	46886d197f5b95c4a45692f21cfd9b39c2489151b620fc270719fd5dc8157cc0	false			MOYEN				99a69dd0c37ca96285912528c0b8c78014845de95a11eb29b0641cbe3019530c	phone_french	11	NATIVE_TEXT	46886d197f5b95c4a45692f21cfd9b39c2489151b620fc270719fd5dc8157cc0			FALSE_POSITIVE_TECHNICAL|PUBLIC_INSTITUTIONAL_DATA|SYNTHETIC_EXAMPLE|PERSONAL_DATA_PRESENT		PERSONAL_DATA_PRESENT				
PII_CONTENT	P2_CANDIDATE	46c0716d91047cdd6bce86159c360bbb44e00b7b7c2ec13cbba7cd5ab747f838	false	ife-oral-num117-avril-2017-1278299-pdf--46c0716d91	01_EDUSCOL_OFFICIEL/LYCEE/SECONDE/PHYSIQUE_CHIMIE/09_AUTRES/2017/ife-oral-num117-avril-2017-1278299-pdf--46c0716d91.pdf	MOYEN	email_address|postal_address	2	32					46c0716d91047cdd6bce86159c360bbb44e00b7b7c2ec13cbba7cd5ab747f838			PII_CLEARED|PII_REDACTION_REQUIRED|EXCLUDE_FROM_SERVABLE_SET|HUMAN_REVIEW_REQUIRED	EXCLUDE_FROM_SERVABLE_SET		PERSONAL_DATA_PRESENT	abenrhouma		Exclusion par précaution : 2 signalement(s) (email_address, postal_address) non examinés individuellement, présumés données personnelles ; le contenu n'est pas servi.
PII_FINDING	P2_CANDIDATE	46c0716d91047cdd6bce86159c360bbb44e00b7b7c2ec13cbba7cd5ab747f838	false			MOYEN				9c229066527e2343edfb26c5d8f8afb9aef3525e5073b388a9cbde399e066107	postal_address	32	NATIVE_TEXT	46c0716d91047cdd6bce86159c360bbb44e00b7b7c2ec13cbba7cd5ab747f838			FALSE_POSITIVE_TECHNICAL|PUBLIC_INSTITUTIONAL_DATA|SYNTHETIC_EXAMPLE|PERSONAL_DATA_PRESENT		PERSONAL_DATA_PRESENT				
PII_FINDING	P2_CANDIDATE	46c0716d91047cdd6bce86159c360bbb44e00b7b7c2ec13cbba7cd5ab747f838	false			MOYEN				a80f79b0be7174e65605ba9346c4061d32303a99dbb3aeafcb316c4196b71adf	email_address	32	NATIVE_TEXT	46c0716d91047cdd6bce86159c360bbb44e00b7b7c2ec13cbba7cd5ab747f838			FALSE_POSITIVE_TECHNICAL|PUBLIC_INSTITUTIONAL_DATA|SYNTHETIC_EXAMPLE|PERSONAL_DATA_PRESENT		PERSONAL_DATA_PRESENT				
PII_CONTENT	P2_CANDIDATE	4930bc016d6d724af6d3856f8f012b02cdb090deb8bb0184f8b4a06bd59c73d0	false	guide-agir-pour-la-transition-ecologique-pour-les-ecoles-colleges-et-lycees--4930bc016d	01_EDUSCOL_OFFICIEL/COLLEGE/CYCLE_4_TRANSVERSAL/PHYSIQUE_CHIMIE/06_GUIDES/2023/guide-agir-pour-la-transition-ecologique-pour-les-ecoles-colleges-et-lycees--4930bc016d.pdf	MOYEN	phone_french	2	34|41					4930bc016d6d724af6d3856f8f012b02cdb090deb8bb0184f8b4a06bd59c73d0			PII_CLEARED|PII_REDACTION_REQUIRED|EXCLUDE_FROM_SERVABLE_SET|HUMAN_REVIEW_REQUIRED	EXCLUDE_FROM_SERVABLE_SET		PERSONAL_DATA_PRESENT	abenrhouma		Exclusion par précaution : 2 signalement(s) (phone_french) non examinés individuellement, présumés données personnelles ; le contenu n'est pas servi.
PII_FINDING	P2_CANDIDATE	4930bc016d6d724af6d3856f8f012b02cdb090deb8bb0184f8b4a06bd59c73d0	false			MOYEN				0eb79bfcd25b050103a96b5991b1d1cdc795243c40aab5e55113da9ac82a4b75	phone_french	34	NATIVE_TEXT	4930bc016d6d724af6d3856f8f012b02cdb090deb8bb0184f8b4a06bd59c73d0			FALSE_POSITIVE_TECHNICAL|PUBLIC_INSTITUTIONAL_DATA|SYNTHETIC_EXAMPLE|PERSONAL_DATA_PRESENT		PERSONAL_DATA_PRESENT				
PII_FINDING	P2_CANDIDATE	4930bc016d6d724af6d3856f8f012b02cdb090deb8bb0184f8b4a06bd59c73d0	false			MOYEN				f0a168482f509ef238e58053aa0fb8c84d7ca021229e1e43a1bff3657c284508	phone_french	41	NATIVE_TEXT	4930bc016d6d724af6d3856f8f012b02cdb090deb8bb0184f8b4a06bd59c73d0			FALSE_POSITIVE_TECHNICAL|PUBLIC_INSTITUTIONAL_DATA|SYNTHETIC_EXAMPLE|PERSONAL_DATA_PRESENT		PERSONAL_DATA_PRESENT				
PII_CONTENT	P2_CANDIDATE	4c0d451dcda0acafce44f277880cb109821b188f811be5b28fca3b10766a7555	false	telecharger-le-document-de-presentation-de-la-thematique-rendre-visible-du-concours-photofocus-2026-2027--4c0d451dcd	01_EDUSCOL_OFFICIEL/LYCEE/TRANSVERSAL_MULTI_NIVEAUX/20_TRANSITION_OU_ACTUEL/ARTS_PLASTIQUES/07_DIAPORAMAS_SUPPORTS/2026/telecharger-le-document-de-presentation-de-la-thematique-rendre-visible-du-concours-photofocus-2026-2027--4c0d451dcd.pdf	MOYEN	email_address|phone_french	4	3|4					4c0d451dcda0acafce44f277880cb109821b188f811be5b28fca3b10766a7555			PII_CLEARED|PII_REDACTION_REQUIRED|EXCLUDE_FROM_SERVABLE_SET|HUMAN_REVIEW_REQUIRED	EXCLUDE_FROM_SERVABLE_SET		PERSONAL_DATA_PRESENT	abenrhouma		Exclusion par précaution : 4 signalement(s) (email_address, phone_french) non examinés individuellement, présumés données personnelles ; le contenu n'est pas servi.
PII_FINDING	P2_CANDIDATE	4c0d451dcda0acafce44f277880cb109821b188f811be5b28fca3b10766a7555	false			MOYEN				cef68a6d15676a2fba5a1d4e38d031322576ee2c78e7d5da0969ba71c3f4ea82	email_address	3	NATIVE_TEXT	4c0d451dcda0acafce44f277880cb109821b188f811be5b28fca3b10766a7555			FALSE_POSITIVE_TECHNICAL|PUBLIC_INSTITUTIONAL_DATA|SYNTHETIC_EXAMPLE|PERSONAL_DATA_PRESENT		PERSONAL_DATA_PRESENT				
PII_FINDING	P2_CANDIDATE	4c0d451dcda0acafce44f277880cb109821b188f811be5b28fca3b10766a7555	false			MOYEN				d9dab77da144e64c708b5ba8d59fce4ea5563a567c2741c9461f32b0b75e9a92	phone_french	4	NATIVE_TEXT	4c0d451dcda0acafce44f277880cb109821b188f811be5b28fca3b10766a7555			FALSE_POSITIVE_TECHNICAL|PUBLIC_INSTITUTIONAL_DATA|SYNTHETIC_EXAMPLE|PERSONAL_DATA_PRESENT		PERSONAL_DATA_PRESENT				
PII_FINDING	P2_CANDIDATE	4c0d451dcda0acafce44f277880cb109821b188f811be5b28fca3b10766a7555	false			MOYEN				eadf7bc590e3e79e5d9be2a9e995ad8293ea2d609a64515a8630fb1203abdce0	email_address	3	NATIVE_TEXT	4c0d451dcda0acafce44f277880cb109821b188f811be5b28fca3b10766a7555			FALSE_POSITIVE_TECHNICAL|PUBLIC_INSTITUTIONAL_DATA|SYNTHETIC_EXAMPLE|PERSONAL_DATA_PRESENT		PERSONAL_DATA_PRESENT				
PII_FINDING	P2_CANDIDATE	4c0d451dcda0acafce44f277880cb109821b188f811be5b28fca3b10766a7555	false			MOYEN				f4f1c39fc22417c5f23818ee3c551650ce37fcde206e0432dba17fc86577b819	email_address	4	NATIVE_TEXT	4c0d451dcda0acafce44f277880cb109821b188f811be5b28fca3b10766a7555			FALSE_POSITIVE_TECHNICAL|PUBLIC_INSTITUTIONAL_DATA|SYNTHETIC_EXAMPLE|PERSONAL_DATA_PRESENT		PERSONAL_DATA_PRESENT				
PII_CONTENT	P2_CANDIDATE	5bd4a68affb67675245077139e12771c4d2133efd1d869d1331fef160b7b197a	false	memo-sur-les-conditions-d-acces--5bd4a68aff	01_EDUSCOL_OFFICIEL/COLLEGE/CYCLE_4_TRANSVERSAL/TECHNOLOGIE/03_RESSOURCES_ACCOMPAGNEMENT/2022/memo-sur-les-conditions-d-acces--5bd4a68aff.pdf	MOYEN	email_address	9	2					5bd4a68affb67675245077139e12771c4d2133efd1d869d1331fef160b7b197a			PII_CLEARED|PII_REDACTION_REQUIRED|EXCLUDE_FROM_SERVABLE_SET|HUMAN_REVIEW_REQUIRED	EXCLUDE_FROM_SERVABLE_SET		PERSONAL_DATA_PRESENT	abenrhouma		Exclusion par précaution : 9 signalement(s) (email_address) non examinés individuellement, présumés données personnelles ; le contenu n'est pas servi.
PII_FINDING	P2_CANDIDATE	5bd4a68affb67675245077139e12771c4d2133efd1d869d1331fef160b7b197a	false			MOYEN				50132b5455185407e13eaacc7799440864510838367334b66ec8e7ffe5ab44be	email_address	2	NATIVE_TEXT	5bd4a68affb67675245077139e12771c4d2133efd1d869d1331fef160b7b197a			FALSE_POSITIVE_TECHNICAL|PUBLIC_INSTITUTIONAL_DATA|SYNTHETIC_EXAMPLE|PERSONAL_DATA_PRESENT		PERSONAL_DATA_PRESENT				
PII_FINDING	P2_CANDIDATE	5bd4a68affb67675245077139e12771c4d2133efd1d869d1331fef160b7b197a	false			MOYEN				5634a446513f4b5d31ad39d764640c560e8d9514436535a81a571229a5911a78	email_address	2	NATIVE_TEXT	5bd4a68affb67675245077139e12771c4d2133efd1d869d1331fef160b7b197a			FALSE_POSITIVE_TECHNICAL|PUBLIC_INSTITUTIONAL_DATA|SYNTHETIC_EXAMPLE|PERSONAL_DATA_PRESENT		PERSONAL_DATA_PRESENT				
PII_FINDING	P2_CANDIDATE	5bd4a68affb67675245077139e12771c4d2133efd1d869d1331fef160b7b197a	false			MOYEN				5c1858d62d5341a69d7e4f78421d82e29aa7cc6eef7f49af408035871a687afb	email_address	2	NATIVE_TEXT	5bd4a68affb67675245077139e12771c4d2133efd1d869d1331fef160b7b197a			FALSE_POSITIVE_TECHNICAL|PUBLIC_INSTITUTIONAL_DATA|SYNTHETIC_EXAMPLE|PERSONAL_DATA_PRESENT		PERSONAL_DATA_PRESENT				
PII_FINDING	P2_CANDIDATE	5bd4a68affb67675245077139e12771c4d2133efd1d869d1331fef160b7b197a	false			MOYEN				6bac81f2cbccd8b91c9ee8fd590e8f817162ba17e030c23c075bc827cbeaac84	email_address	2	NATIVE_TEXT	5bd4a68affb67675245077139e12771c4d2133efd1d869d1331fef160b7b197a			FALSE_POSITIVE_TECHNICAL|PUBLIC_INSTITUTIONAL_DATA|SYNTHETIC_EXAMPLE|PERSONAL_DATA_PRESENT		PERSONAL_DATA_PRESENT				
PII_FINDING	P2_CANDIDATE	5bd4a68affb67675245077139e12771c4d2133efd1d869d1331fef160b7b197a	false			MOYEN				7b60005e3b8accf7d24294103716a2c4019c0e93932f7ce1b2f388f2bcd6f73c	email_address	2	NATIVE_TEXT	5bd4a68affb67675245077139e12771c4d2133efd1d869d1331fef160b7b197a			FALSE_POSITIVE_TECHNICAL|PUBLIC_INSTITUTIONAL_DATA|SYNTHETIC_EXAMPLE|PERSONAL_DATA_PRESENT		PERSONAL_DATA_PRESENT				
PII_FINDING	P2_CANDIDATE	5bd4a68affb67675245077139e12771c4d2133efd1d869d1331fef160b7b197a	false			MOYEN				96b3ae9ffb3dc91ddbe0291de4b193f37238d20ee8c8c2426040851784d2b3fd	email_address	2	NATIVE_TEXT	5bd4a68affb67675245077139e12771c4d2133efd1d869d1331fef160b7b197a			FALSE_POSITIVE_TECHNICAL|PUBLIC_INSTITUTIONAL_DATA|SYNTHETIC_EXAMPLE|PERSONAL_DATA_PRESENT		PERSONAL_DATA_PRESENT				
PII_FINDING	P2_CANDIDATE	5bd4a68affb67675245077139e12771c4d2133efd1d869d1331fef160b7b197a	false			MOYEN				ac587b4deada735455877533a0f5c6b56bc249589d86ddff9d7ff76d7a0bced9	email_address	2	NATIVE_TEXT	5bd4a68affb67675245077139e12771c4d2133efd1d869d1331fef160b7b197a			FALSE_POSITIVE_TECHNICAL|PUBLIC_INSTITUTIONAL_DATA|SYNTHETIC_EXAMPLE|PERSONAL_DATA_PRESENT		PERSONAL_DATA_PRESENT				
PII_FINDING	P2_CANDIDATE	5bd4a68affb67675245077139e12771c4d2133efd1d869d1331fef160b7b197a	false			MOYEN				bd57d98903eaf700575f6efa7dda99f57b73e520fc7b1b003a0898bc2598ef92	email_address	2	NATIVE_TEXT	5bd4a68affb67675245077139e12771c4d2133efd1d869d1331fef160b7b197a			FALSE_POSITIVE_TECHNICAL|PUBLIC_INSTITUTIONAL_DATA|SYNTHETIC_EXAMPLE|PERSONAL_DATA_PRESENT		PERSONAL_DATA_PRESENT				
PII_FINDING	P2_CANDIDATE	5bd4a68affb67675245077139e12771c4d2133efd1d869d1331fef160b7b197a	false			MOYEN				d880aea7bfb25bd8bcc2f1ae9796ef85d8c0686082d8680ccd1281f15ccab234	email_address	2	NATIVE_TEXT	5bd4a68affb67675245077139e12771c4d2133efd1d869d1331fef160b7b197a			FALSE_POSITIVE_TECHNICAL|PUBLIC_INSTITUTIONAL_DATA|SYNTHETIC_EXAMPLE|PERSONAL_DATA_PRESENT		PERSONAL_DATA_PRESENT				
PII_CONTENT	P2_CANDIDATE	5cc235fe087df99e69de1810665eb0b7ea510448b0e1177ff2ce1927d8dec701	false	rapport-les-humanites-au-c-ur-de-l-ecole-pdf-2-21-mo--5cc235fe08	01_EDUSCOL_OFFICIEL/COLLEGE/CYCLE_4_TRANSVERSAL/LCA/09_AUTRES/2018/rapport-les-humanites-au-c-ur-de-l-ecole-pdf-2-21-mo--5cc235fe08.pdf	MOYEN	phone_french	18	23|39|44|46|71					5cc235fe087df99e69de1810665eb0b7ea510448b0e1177ff2ce1927d8dec701			PII_CLEARED|PII_REDACTION_REQUIRED|EXCLUDE_FROM_SERVABLE_SET|HUMAN_REVIEW_REQUIRED	EXCLUDE_FROM_SERVABLE_SET		PERSONAL_DATA_PRESENT	abenrhouma		Exclusion par précaution : 18 signalement(s) (phone_french) non examinés individuellement, présumés données personnelles ; le contenu n'est pas servi.
PII_FINDING	P2_CANDIDATE	5cc235fe087df99e69de1810665eb0b7ea510448b0e1177ff2ce1927d8dec701	false			MOYEN				066f5ef7be505529eaeedd7d2e3bfb7a63655204086f9ef39d6f08febf7aa0a2	phone_french	44	NATIVE_TEXT	5cc235fe087df99e69de1810665eb0b7ea510448b0e1177ff2ce1927d8dec701			FALSE_POSITIVE_TECHNICAL|PUBLIC_INSTITUTIONAL_DATA|SYNTHETIC_EXAMPLE|PERSONAL_DATA_PRESENT		PERSONAL_DATA_PRESENT				
PII_FINDING	P2_CANDIDATE	5cc235fe087df99e69de1810665eb0b7ea510448b0e1177ff2ce1927d8dec701	false			MOYEN				1118b168eeee63eba6c2e2c8c1cc126a9c60e2b9fa21fd684c8dc05f9a3fff6b	phone_french	39	NATIVE_TEXT	5cc235fe087df99e69de1810665eb0b7ea510448b0e1177ff2ce1927d8dec701			FALSE_POSITIVE_TECHNICAL|PUBLIC_INSTITUTIONAL_DATA|SYNTHETIC_EXAMPLE|PERSONAL_DATA_PRESENT		PERSONAL_DATA_PRESENT				
PII_FINDING	P2_CANDIDATE	5cc235fe087df99e69de1810665eb0b7ea510448b0e1177ff2ce1927d8dec701	false			MOYEN				2e5bb5a788f7c516328c7d08598d27ee28ae529ad36dd2a95f068514bee8d890	phone_french	46	NATIVE_TEXT	5cc235fe087df99e69de1810665eb0b7ea510448b0e1177ff2ce1927d8dec701			FALSE_POSITIVE_TECHNICAL|PUBLIC_INSTITUTIONAL_DATA|SYNTHETIC_EXAMPLE|PERSONAL_DATA_PRESENT		PERSONAL_DATA_PRESENT				
PII_FINDING	P2_CANDIDATE	5cc235fe087df99e69de1810665eb0b7ea510448b0e1177ff2ce1927d8dec701	false			MOYEN				30e38ec816a53b86b30056863100e752b33dfde9fdc0019ba54948cf3581cbf6	phone_french	23	NATIVE_TEXT	5cc235fe087df99e69de1810665eb0b7ea510448b0e1177ff2ce1927d8dec701			FALSE_POSITIVE_TECHNICAL|PUBLIC_INSTITUTIONAL_DATA|SYNTHETIC_EXAMPLE|PERSONAL_DATA_PRESENT		PERSONAL_DATA_PRESENT				
PII_FINDING	P2_CANDIDATE	5cc235fe087df99e69de1810665eb0b7ea510448b0e1177ff2ce1927d8dec701	false			MOYEN				39e516c68bbbed7aefde240d56bd3d89a50a7bb5255e6588afb7efe45ad3523b	phone_french	71	NATIVE_TEXT	5cc235fe087df99e69de1810665eb0b7ea510448b0e1177ff2ce1927d8dec701			FALSE_POSITIVE_TECHNICAL|PUBLIC_INSTITUTIONAL_DATA|SYNTHETIC_EXAMPLE|PERSONAL_DATA_PRESENT		PERSONAL_DATA_PRESENT				
PII_FINDING	P2_CANDIDATE	5cc235fe087df99e69de1810665eb0b7ea510448b0e1177ff2ce1927d8dec701	false			MOYEN				3d3dd68b8483041d430473d7c72f0801673419fad15e80008417485baf2d37f9	phone_french	39	NATIVE_TEXT	5cc235fe087df99e69de1810665eb0b7ea510448b0e1177ff2ce1927d8dec701			FALSE_POSITIVE_TECHNICAL|PUBLIC_INSTITUTIONAL_DATA|SYNTHETIC_EXAMPLE|PERSONAL_DATA_PRESENT		PERSONAL_DATA_PRESENT				
PII_FINDING	P2_CANDIDATE	5cc235fe087df99e69de1810665eb0b7ea510448b0e1177ff2ce1927d8dec701	false			MOYEN				473870b9b9e88fed8c0f2cea15a407e769bf6a29d77331a4ef232c821af45870	phone_french	39	NATIVE_TEXT	5cc235fe087df99e69de1810665eb0b7ea510448b0e1177ff2ce1927d8dec701			FALSE_POSITIVE_TECHNICAL|PUBLIC_INSTITUTIONAL_DATA|SYNTHETIC_EXAMPLE|PERSONAL_DATA_PRESENT		PERSONAL_DATA_PRESENT				
PII_FINDING	P2_CANDIDATE	5cc235fe087df99e69de1810665eb0b7ea510448b0e1177ff2ce1927d8dec701	false			MOYEN				4752398953a11a8d8c0aa27d89a3a649930cf088b7cab0f5c5b6e5f39ceac76c	phone_french	44	NATIVE_TEXT	5cc235fe087df99e69de1810665eb0b7ea510448b0e1177ff2ce1927d8dec701			FALSE_POSITIVE_TECHNICAL|PUBLIC_INSTITUTIONAL_DATA|SYNTHETIC_EXAMPLE|PERSONAL_DATA_PRESENT		PERSONAL_DATA_PRESENT				
PII_FINDING	P2_CANDIDATE	5cc235fe087df99e69de1810665eb0b7ea510448b0e1177ff2ce1927d8dec701	false			MOYEN				478a3778ab33d77204266ee652825f7797427008d4ac08191f0b2b3417928802	phone_french	71	NATIVE_TEXT	5cc235fe087df99e69de1810665eb0b7ea510448b0e1177ff2ce1927d8dec701			FALSE_POSITIVE_TECHNICAL|PUBLIC_INSTITUTIONAL_DATA|SYNTHETIC_EXAMPLE|PERSONAL_DATA_PRESENT		PERSONAL_DATA_PRESENT				
PII_FINDING	P2_CANDIDATE	5cc235fe087df99e69de1810665eb0b7ea510448b0e1177ff2ce1927d8dec701	false			MOYEN				50bcdd6b8546e73c8f3847a38bc460142d72dac1d81708b05e646919b349b9bc	phone_french	39	NATIVE_TEXT	5cc235fe087df99e69de1810665eb0b7ea510448b0e1177ff2ce1927d8dec701			FALSE_POSITIVE_TECHNICAL|PUBLIC_INSTITUTIONAL_DATA|SYNTHETIC_EXAMPLE|PERSONAL_DATA_PRESENT		PERSONAL_DATA_PRESENT				
PII_FINDING	P2_CANDIDATE	5cc235fe087df99e69de1810665eb0b7ea510448b0e1177ff2ce1927d8dec701	false			MOYEN				57230722a423364e56eb89e8dec37b5c5d554b153eed454ed7352c489ad50ab5	phone_french	23	NATIVE_TEXT	5cc235fe087df99e69de1810665eb0b7ea510448b0e1177ff2ce1927d8dec701			FALSE_POSITIVE_TECHNICAL|PUBLIC_INSTITUTIONAL_DATA|SYNTHETIC_EXAMPLE|PERSONAL_DATA_PRESENT		PERSONAL_DATA_PRESENT				
PII_FINDING	P2_CANDIDATE	5cc235fe087df99e69de1810665eb0b7ea510448b0e1177ff2ce1927d8dec701	false			MOYEN				67894d05eca847d3b673e1d8533556a8407ae3298be6fd8aaed93788b8324541	phone_french	39	NATIVE_TEXT	5cc235fe087df99e69de1810665eb0b7ea510448b0e1177ff2ce1927d8dec701			FALSE_POSITIVE_TECHNICAL|PUBLIC_INSTITUTIONAL_DATA|SYNTHETIC_EXAMPLE|PERSONAL_DATA_PRESENT		PERSONAL_DATA_PRESENT				
PII_FINDING	P2_CANDIDATE	5cc235fe087df99e69de1810665eb0b7ea510448b0e1177ff2ce1927d8dec701	false			MOYEN				72186b93bb5258a1dcd7690126ce4495149b34c0ef4ab318e6a43e7c53a83cf7	phone_french	46	NATIVE_TEXT	5cc235fe087df99e69de1810665eb0b7ea510448b0e1177ff2ce1927d8dec701			FALSE_POSITIVE_TECHNICAL|PUBLIC_INSTITUTIONAL_DATA|SYNTHETIC_EXAMPLE|PERSONAL_DATA_PRESENT		PERSONAL_DATA_PRESENT				
PII_FINDING	P2_CANDIDATE	5cc235fe087df99e69de1810665eb0b7ea510448b0e1177ff2ce1927d8dec701	false			MOYEN				73a6617f9d77479c34fde0828fb996766ac8ae642816da9b8031af0bc9e91986	phone_french	39	NATIVE_TEXT	5cc235fe087df99e69de1810665eb0b7ea510448b0e1177ff2ce1927d8dec701			FALSE_POSITIVE_TECHNICAL|PUBLIC_INSTITUTIONAL_DATA|SYNTHETIC_EXAMPLE|PERSONAL_DATA_PRESENT		PERSONAL_DATA_PRESENT				
PII_FINDING	P2_CANDIDATE	5cc235fe087df99e69de1810665eb0b7ea510448b0e1177ff2ce1927d8dec701	false			MOYEN				b237c1627efa74332ec5e6445ce56b9f37304e7dfeaf7fd957427e8094759fb3	phone_french	39	NATIVE_TEXT	5cc235fe087df99e69de1810665eb0b7ea510448b0e1177ff2ce1927d8dec701			FALSE_POSITIVE_TECHNICAL|PUBLIC_INSTITUTIONAL_DATA|SYNTHETIC_EXAMPLE|PERSONAL_DATA_PRESENT		PERSONAL_DATA_PRESENT				
PII_FINDING	P2_CANDIDATE	5cc235fe087df99e69de1810665eb0b7ea510448b0e1177ff2ce1927d8dec701	false			MOYEN				bcdb2fc6f2a56efffa1668b645755339fb91f1b01cb8630ad77720e3b75764ba	phone_french	71	NATIVE_TEXT	5cc235fe087df99e69de1810665eb0b7ea510448b0e1177ff2ce1927d8dec701			FALSE_POSITIVE_TECHNICAL|PUBLIC_INSTITUTIONAL_DATA|SYNTHETIC_EXAMPLE|PERSONAL_DATA_PRESENT		PERSONAL_DATA_PRESENT				
PII_FINDING	P2_CANDIDATE	5cc235fe087df99e69de1810665eb0b7ea510448b0e1177ff2ce1927d8dec701	false			MOYEN				c6820badd585ca154342148da314bfc8b8e8068df5bf0b879dbffed4407d031f	phone_french	39	NATIVE_TEXT	5cc235fe087df99e69de1810665eb0b7ea510448b0e1177ff2ce1927d8dec701			FALSE_POSITIVE_TECHNICAL|PUBLIC_INSTITUTIONAL_DATA|SYNTHETIC_EXAMPLE|PERSONAL_DATA_PRESENT		PERSONAL_DATA_PRESENT				
PII_FINDING	P2_CANDIDATE	5cc235fe087df99e69de1810665eb0b7ea510448b0e1177ff2ce1927d8dec701	false			MOYEN				dea18b16aa2a9cef343c6c32592f6d532cd0a3e3ae03dacff7931faabb2fd779	phone_french	39	NATIVE_TEXT	5cc235fe087df99e69de1810665eb0b7ea510448b0e1177ff2ce1927d8dec701			FALSE_POSITIVE_TECHNICAL|PUBLIC_INSTITUTIONAL_DATA|SYNTHETIC_EXAMPLE|PERSONAL_DATA_PRESENT		PERSONAL_DATA_PRESENT				
PII_CONTENT	P2_CANDIDATE	5cd0bd99888d9a550167504b37a659efcdb77a8234c1245cbd9086d18f960bf4	false	intervention-de-marie-fontana-viala-pourquoi-traduire-elements-de-reflexion-theorique-et-pratique-restitution-de-l-atelier-n-4-ren--5cd0bd9988	01_EDUSCOL_OFFICIEL/COLLEGE/CYCLE_4_TRANSVERSAL/LCA/09_AUTRES/2015/intervention-de-marie-fontana-viala-pourquoi-traduire-elements-de-reflexion-theorique-et-pratique-restitution-de-l-atelier-n-4-ren--5cd0bd9988.pdf	MOYEN	email_address	1	1					5cd0bd99888d9a550167504b37a659efcdb77a8234c1245cbd9086d18f960bf4			PII_CLEARED|PII_REDACTION_REQUIRED|EXCLUDE_FROM_SERVABLE_SET|HUMAN_REVIEW_REQUIRED	EXCLUDE_FROM_SERVABLE_SET		PERSONAL_DATA_PRESENT	abenrhouma		Exclusion par précaution : 1 signalement(s) (email_address) non examinés individuellement, présumés données personnelles ; le contenu n'est pas servi.
PII_FINDING	P2_CANDIDATE	5cd0bd99888d9a550167504b37a659efcdb77a8234c1245cbd9086d18f960bf4	false			MOYEN				671531aeccb533b14eaf052ca513b4cb8c2d4de682a2772fdd50a721f42af510	email_address	1	NATIVE_TEXT	5cd0bd99888d9a550167504b37a659efcdb77a8234c1245cbd9086d18f960bf4			FALSE_POSITIVE_TECHNICAL|PUBLIC_INSTITUTIONAL_DATA|SYNTHETIC_EXAMPLE|PERSONAL_DATA_PRESENT		PERSONAL_DATA_PRESENT				
PII_CONTENT	P2_CANDIDATE	5e1e20df24da2cbb2e9c7558c9c157add3d4b486cf178941fd1f68ea58f037d8	false	les-ressources-juridiques-pdf-215-28-ko--5e1e20df24	01_EDUSCOL_OFFICIEL/STMG/PREMIERE/03_RESSOURCES_ACCOMPAGNEMENT/2020/les-ressources-juridiques-pdf-215-28-ko--5e1e20df24.pdf	MOYEN	postal_address	2	5					5e1e20df24da2cbb2e9c7558c9c157add3d4b486cf178941fd1f68ea58f037d8			PII_CLEARED|PII_REDACTION_REQUIRED|EXCLUDE_FROM_SERVABLE_SET|HUMAN_REVIEW_REQUIRED	EXCLUDE_FROM_SERVABLE_SET		PERSONAL_DATA_PRESENT	abenrhouma		Exclusion par précaution : 2 signalement(s) (postal_address) non examinés individuellement, présumés données personnelles ; le contenu n'est pas servi.
PII_FINDING	P2_CANDIDATE	5e1e20df24da2cbb2e9c7558c9c157add3d4b486cf178941fd1f68ea58f037d8	false			MOYEN				5f4ee6bf6fa40cf2d55396b5428321a05edc9d1d3bedb42f3d44e2cd190a1ba3	postal_address	5	NATIVE_TEXT	5e1e20df24da2cbb2e9c7558c9c157add3d4b486cf178941fd1f68ea58f037d8			FALSE_POSITIVE_TECHNICAL|PUBLIC_INSTITUTIONAL_DATA|SYNTHETIC_EXAMPLE|PERSONAL_DATA_PRESENT		PERSONAL_DATA_PRESENT				
PII_FINDING	P2_CANDIDATE	5e1e20df24da2cbb2e9c7558c9c157add3d4b486cf178941fd1f68ea58f037d8	false			MOYEN				cffe51e88cf08c37c7fb2fe6439ac05a6fca6671f59bb9c1b792a8d18e267606	postal_address	5	NATIVE_TEXT	5e1e20df24da2cbb2e9c7558c9c157add3d4b486cf178941fd1f68ea58f037d8			FALSE_POSITIVE_TECHNICAL|PUBLIC_INSTITUTIONAL_DATA|SYNTHETIC_EXAMPLE|PERSONAL_DATA_PRESENT		PERSONAL_DATA_PRESENT				
PII_CONTENT	P2_CANDIDATE	5ed15770a209503700b6358abfba0fac49af8a65310872487d4ee97db1014a78	false	vademecum-la-chorale-a-l-ecole-au-college-et-au-lycee--5ed15770a2	01_EDUSCOL_OFFICIEL/LYCEE/TRANSVERSAL_MULTI_NIVEAUX/80_A_VERIFIER/MUSIQUE/03_RESSOURCES_ACCOMPAGNEMENT/2020/vademecum-la-chorale-a-l-ecole-au-college-et-au-lycee--5ed15770a2.pdf	MOYEN	email_address|phone_french|postal_address	7	52|59					5ed15770a209503700b6358abfba0fac49af8a65310872487d4ee97db1014a78			PII_CLEARED|PII_REDACTION_REQUIRED|EXCLUDE_FROM_SERVABLE_SET|HUMAN_REVIEW_REQUIRED	EXCLUDE_FROM_SERVABLE_SET		PERSONAL_DATA_PRESENT	abenrhouma		Exclusion par précaution : 7 signalement(s) (email_address, phone_french, postal_address) non examinés individuellement, présumés données personnelles ; le contenu n'est pas servi.
PII_FINDING	P2_CANDIDATE	5ed15770a209503700b6358abfba0fac49af8a65310872487d4ee97db1014a78	false			MOYEN				114d3da8986f8f1f53d892bb45d9b0ebdefd80f5d1c13c5d98a7a4e12172ca4e	postal_address	52	NATIVE_TEXT	5ed15770a209503700b6358abfba0fac49af8a65310872487d4ee97db1014a78			FALSE_POSITIVE_TECHNICAL|PUBLIC_INSTITUTIONAL_DATA|SYNTHETIC_EXAMPLE|PERSONAL_DATA_PRESENT		PERSONAL_DATA_PRESENT				
PII_FINDING	P2_CANDIDATE	5ed15770a209503700b6358abfba0fac49af8a65310872487d4ee97db1014a78	false			MOYEN				17ad8267d259d6121f08e36b8c2f25e9a1f9af24801bad258426cbf04d36f529	postal_address	52	NATIVE_TEXT	5ed15770a209503700b6358abfba0fac49af8a65310872487d4ee97db1014a78			FALSE_POSITIVE_TECHNICAL|PUBLIC_INSTITUTIONAL_DATA|SYNTHETIC_EXAMPLE|PERSONAL_DATA_PRESENT		PERSONAL_DATA_PRESENT				
PII_FINDING	P2_CANDIDATE	5ed15770a209503700b6358abfba0fac49af8a65310872487d4ee97db1014a78	false			MOYEN				40a6a5838c1acb882c5bc1ac616e5783a95feacd69ebba6950bb911a61cfe43a	postal_address	52	NATIVE_TEXT	5ed15770a209503700b6358abfba0fac49af8a65310872487d4ee97db1014a78			FALSE_POSITIVE_TECHNICAL|PUBLIC_INSTITUTIONAL_DATA|SYNTHETIC_EXAMPLE|PERSONAL_DATA_PRESENT		PERSONAL_DATA_PRESENT				
PII_FINDING	P2_CANDIDATE	5ed15770a209503700b6358abfba0fac49af8a65310872487d4ee97db1014a78	false			MOYEN				7146abe0e0eb513b3ccd7eec94764600889916d6453148a460921452139ba5d7	phone_french	59	NATIVE_TEXT	5ed15770a209503700b6358abfba0fac49af8a65310872487d4ee97db1014a78			FALSE_POSITIVE_TECHNICAL|PUBLIC_INSTITUTIONAL_DATA|SYNTHETIC_EXAMPLE|PERSONAL_DATA_PRESENT		PERSONAL_DATA_PRESENT				
PII_FINDING	P2_CANDIDATE	5ed15770a209503700b6358abfba0fac49af8a65310872487d4ee97db1014a78	false			MOYEN				b11b1ed001034a0575bf9183823b463cf8ac63bf769aa311e4940943f988bc33	email_address	59	NATIVE_TEXT	5ed15770a209503700b6358abfba0fac49af8a65310872487d4ee97db1014a78			FALSE_POSITIVE_TECHNICAL|PUBLIC_INSTITUTIONAL_DATA|SYNTHETIC_EXAMPLE|PERSONAL_DATA_PRESENT		PERSONAL_DATA_PRESENT				
PII_FINDING	P2_CANDIDATE	5ed15770a209503700b6358abfba0fac49af8a65310872487d4ee97db1014a78	false			MOYEN				d32843a104b1283f683f087898bfed0d498b66f65e3888237f8cbcc00bdbe6df	phone_french	59	NATIVE_TEXT	5ed15770a209503700b6358abfba0fac49af8a65310872487d4ee97db1014a78			FALSE_POSITIVE_TECHNICAL|PUBLIC_INSTITUTIONAL_DATA|SYNTHETIC_EXAMPLE|PERSONAL_DATA_PRESENT		PERSONAL_DATA_PRESENT				
PII_FINDING	P2_CANDIDATE	5ed15770a209503700b6358abfba0fac49af8a65310872487d4ee97db1014a78	false			MOYEN				e3d05911b9a61c529fde7db028446988d604d87059c99181888a1ee95d5da20b	postal_address	52	NATIVE_TEXT	5ed15770a209503700b6358abfba0fac49af8a65310872487d4ee97db1014a78			FALSE_POSITIVE_TECHNICAL|PUBLIC_INSTITUTIONAL_DATA|SYNTHETIC_EXAMPLE|PERSONAL_DATA_PRESENT		PERSONAL_DATA_PRESENT				
PII_CONTENT	P2_CANDIDATE	60979d66f1b0a1784f18fab1c5a55915f33bafad95aa73732b322156c37be5a9	false	telecharger-la-transcription-des-entretiens-l-iconographie-et-la-bibliographie--60979d66f1	01_EDUSCOL_OFFICIEL/LYCEE/TRANSVERSAL_MULTI_NIVEAUX/80_A_VERIFIER/FRANCAIS/03_RESSOURCES_ACCOMPAGNEMENT/2021/telecharger-la-transcription-des-entretiens-l-iconographie-et-la-bibliographie--60979d66f1.pdf	MOYEN	email_address|postal_address	3	26					60979d66f1b0a1784f18fab1c5a55915f33bafad95aa73732b322156c37be5a9			PII_CLEARED|PII_REDACTION_REQUIRED|EXCLUDE_FROM_SERVABLE_SET|HUMAN_REVIEW_REQUIRED	EXCLUDE_FROM_SERVABLE_SET		PERSONAL_DATA_PRESENT	abenrhouma		Exclusion par précaution : 3 signalement(s) (email_address, postal_address) non examinés individuellement, présumés données personnelles ; le contenu n'est pas servi.
PII_FINDING	P2_CANDIDATE	60979d66f1b0a1784f18fab1c5a55915f33bafad95aa73732b322156c37be5a9	false			MOYEN				12f77e0801d0d82f7cdafcf1cc0112d84b951586bceead8fa8463b87c6595a56	email_address	26	NATIVE_TEXT	60979d66f1b0a1784f18fab1c5a55915f33bafad95aa73732b322156c37be5a9			FALSE_POSITIVE_TECHNICAL|PUBLIC_INSTITUTIONAL_DATA|SYNTHETIC_EXAMPLE|PERSONAL_DATA_PRESENT		PERSONAL_DATA_PRESENT				
PII_FINDING	P2_CANDIDATE	60979d66f1b0a1784f18fab1c5a55915f33bafad95aa73732b322156c37be5a9	false			MOYEN				c43c5bba766a555e20f24783e1737c48b09f3b087bb0a3011c4ebcabb9146bdf	email_address	26	NATIVE_TEXT	60979d66f1b0a1784f18fab1c5a55915f33bafad95aa73732b322156c37be5a9			FALSE_POSITIVE_TECHNICAL|PUBLIC_INSTITUTIONAL_DATA|SYNTHETIC_EXAMPLE|PERSONAL_DATA_PRESENT		PERSONAL_DATA_PRESENT				
PII_FINDING	P2_CANDIDATE	60979d66f1b0a1784f18fab1c5a55915f33bafad95aa73732b322156c37be5a9	false			MOYEN				c90208d9e584e72f6574239c3ca315a6c5f173909cdeffdf9dab1802860c037f	postal_address	26	NATIVE_TEXT	60979d66f1b0a1784f18fab1c5a55915f33bafad95aa73732b322156c37be5a9			FALSE_POSITIVE_TECHNICAL|PUBLIC_INSTITUTIONAL_DATA|SYNTHETIC_EXAMPLE|PERSONAL_DATA_PRESENT		PERSONAL_DATA_PRESENT				
PII_CONTENT	P2_CANDIDATE	62dc1bdc5db66f8284bb519c93396727f861ccecacb86402d1698d22df7f34ba	false	plaquette-de-presentation-d-etincel--62dc1bdc5d	01_EDUSCOL_OFFICIEL/COLLEGE/CYCLE_4_TRANSVERSAL/TECHNOLOGIE/07_DIAPORAMAS_SUPPORTS/2019/plaquette-de-presentation-d-etincel--62dc1bdc5d.pdf	MOYEN	email_address	1	9					62dc1bdc5db66f8284bb519c93396727f861ccecacb86402d1698d22df7f34ba			PII_CLEARED|PII_REDACTION_REQUIRED|EXCLUDE_FROM_SERVABLE_SET|HUMAN_REVIEW_REQUIRED	EXCLUDE_FROM_SERVABLE_SET		PERSONAL_DATA_PRESENT	abenrhouma		Exclusion par précaution : 1 signalement(s) (email_address) non examinés individuellement, présumés données personnelles ; le contenu n'est pas servi.
PII_FINDING	P2_CANDIDATE	62dc1bdc5db66f8284bb519c93396727f861ccecacb86402d1698d22df7f34ba	false			MOYEN				b5766e6134bdcb8b47835388fea3c1f36f3b180f3c05eb033d970de947a5af10	email_address	9	NATIVE_TEXT	62dc1bdc5db66f8284bb519c93396727f861ccecacb86402d1698d22df7f34ba			FALSE_POSITIVE_TECHNICAL|PUBLIC_INSTITUTIONAL_DATA|SYNTHETIC_EXAMPLE|PERSONAL_DATA_PRESENT		PERSONAL_DATA_PRESENT				
PII_CONTENT	P2_CANDIDATE	6517cd6df8910845d4a86c204d84651e4491110d8cfcde5ac827acd6a5c360a4	false	formulaire-d-inscription-au-format-pdf-modifiable-pdf-177-78-ko--6517cd6df8	01_EDUSCOL_OFFICIEL/LYCEE/TRANSVERSAL_MULTI_NIVEAUX/80_A_VERIFIER/DGEMC/09_AUTRES/2025/formulaire-d-inscription-au-format-pdf-modifiable-pdf-177-78-ko--6517cd6df8.pdf	MOYEN	email_address|student_name_pattern	5	1					6517cd6df8910845d4a86c204d84651e4491110d8cfcde5ac827acd6a5c360a4			PII_CLEARED|PII_REDACTION_REQUIRED|EXCLUDE_FROM_SERVABLE_SET|HUMAN_REVIEW_REQUIRED	EXCLUDE_FROM_SERVABLE_SET		PERSONAL_DATA_PRESENT	abenrhouma		Exclusion par précaution : 5 signalement(s) (email_address, student_name_pattern) non examinés individuellement, présumés données personnelles ; le contenu n'est pas servi.
PII_FINDING	P2_CANDIDATE	6517cd6df8910845d4a86c204d84651e4491110d8cfcde5ac827acd6a5c360a4	false			MOYEN				a114970201a1469d103f6402c6623e25c0422a333b52026b338ad507bcd4ba4f	student_name_pattern	1	NATIVE_TEXT	6517cd6df8910845d4a86c204d84651e4491110d8cfcde5ac827acd6a5c360a4			FALSE_POSITIVE_TECHNICAL|PUBLIC_INSTITUTIONAL_DATA|SYNTHETIC_EXAMPLE|PERSONAL_DATA_PRESENT		PERSONAL_DATA_PRESENT				
PII_FINDING	P2_CANDIDATE	6517cd6df8910845d4a86c204d84651e4491110d8cfcde5ac827acd6a5c360a4	false			MOYEN				e1316b7e8dd4f9f795fad7023a30c01b3a2b6326f31090380c5e692cb7b5ae37	student_name_pattern	1	NATIVE_TEXT	6517cd6df8910845d4a86c204d84651e4491110d8cfcde5ac827acd6a5c360a4			FALSE_POSITIVE_TECHNICAL|PUBLIC_INSTITUTIONAL_DATA|SYNTHETIC_EXAMPLE|PERSONAL_DATA_PRESENT		PERSONAL_DATA_PRESENT				
PII_FINDING	P2_CANDIDATE	6517cd6df8910845d4a86c204d84651e4491110d8cfcde5ac827acd6a5c360a4	false			MOYEN				ea711d670e6cc7ba75da5c12a509e1663a839756692c2a37abf32136c16f9a80	student_name_pattern	1	NATIVE_TEXT	6517cd6df8910845d4a86c204d84651e4491110d8cfcde5ac827acd6a5c360a4			FALSE_POSITIVE_TECHNICAL|PUBLIC_INSTITUTIONAL_DATA|SYNTHETIC_EXAMPLE|PERSONAL_DATA_PRESENT		PERSONAL_DATA_PRESENT				
PII_FINDING	P2_CANDIDATE	6517cd6df8910845d4a86c204d84651e4491110d8cfcde5ac827acd6a5c360a4	false			MOYEN				f66c9fa73ae01d945188e7c68ca58059e546c926b6e4a93143747cc2f298af49	email_address	1	NATIVE_TEXT	6517cd6df8910845d4a86c204d84651e4491110d8cfcde5ac827acd6a5c360a4			FALSE_POSITIVE_TECHNICAL|PUBLIC_INSTITUTIONAL_DATA|SYNTHETIC_EXAMPLE|PERSONAL_DATA_PRESENT		PERSONAL_DATA_PRESENT				
PII_FINDING	P2_CANDIDATE	6517cd6df8910845d4a86c204d84651e4491110d8cfcde5ac827acd6a5c360a4	false			MOYEN				ff9af75c6ee84fc2b70794bbc11016d806a9bdfa58071c214604c562e47c7344	email_address	1	NATIVE_TEXT	6517cd6df8910845d4a86c204d84651e4491110d8cfcde5ac827acd6a5c360a4			FALSE_POSITIVE_TECHNICAL|PUBLIC_INSTITUTIONAL_DATA|SYNTHETIC_EXAMPLE|PERSONAL_DATA_PRESENT		PERSONAL_DATA_PRESENT				
PII_CONTENT	P2_CANDIDATE	69edefd13062eee8752b41bcb08ff08aba16bb3e68828372cd54e4576269f9e6	false	exemples-d-objets-d-etude--69edefd130	01_EDUSCOL_OFFICIEL/LYCEE/TRANSVERSAL_MULTI_NIVEAUX/80_A_VERIFIER/_MULTI_DISCIPLINES/09_AUTRES/2020/exemples-d-objets-d-etude--69edefd130.pdf	MOYEN	phone_french	2	17					69edefd13062eee8752b41bcb08ff08aba16bb3e68828372cd54e4576269f9e6			PII_CLEARED|PII_REDACTION_REQUIRED|EXCLUDE_FROM_SERVABLE_SET|HUMAN_REVIEW_REQUIRED	EXCLUDE_FROM_SERVABLE_SET		PERSONAL_DATA_PRESENT	abenrhouma		Exclusion par précaution : 2 signalement(s) (phone_french) non examinés individuellement, présumés données personnelles ; le contenu n'est pas servi.
PII_FINDING	P2_CANDIDATE	69edefd13062eee8752b41bcb08ff08aba16bb3e68828372cd54e4576269f9e6	false			MOYEN				55476534880578d5773ea00e863359d7aaeaad3d6ab4f5e3e8940845fd9e1993	phone_french	17	NATIVE_TEXT	69edefd13062eee8752b41bcb08ff08aba16bb3e68828372cd54e4576269f9e6			FALSE_POSITIVE_TECHNICAL|PUBLIC_INSTITUTIONAL_DATA|SYNTHETIC_EXAMPLE|PERSONAL_DATA_PRESENT		PERSONAL_DATA_PRESENT				
PII_FINDING	P2_CANDIDATE	69edefd13062eee8752b41bcb08ff08aba16bb3e68828372cd54e4576269f9e6	false			MOYEN				869689974cd7bac66810a47762778a7c923cef0837db4cdd498f6841023f6093	phone_french	17	NATIVE_TEXT	69edefd13062eee8752b41bcb08ff08aba16bb3e68828372cd54e4576269f9e6			FALSE_POSITIVE_TECHNICAL|PUBLIC_INSTITUTIONAL_DATA|SYNTHETIC_EXAMPLE|PERSONAL_DATA_PRESENT		PERSONAL_DATA_PRESENT				
PII_CONTENT	P2_CANDIDATE	6ab13ef5da0a614614dc2df9fe60ad214942298198141caa9d8e7c499b4dc376	false	fiche-professeur--6ab13ef5da	01_EDUSCOL_OFFICIEL/COLLEGE/CYCLE_4_TRANSVERSAL/MATHEMATIQUES/09_AUTRES/2023/fiche-professeur--6ab13ef5da.pdf	MOYEN	postal_address	1	1					6ab13ef5da0a614614dc2df9fe60ad214942298198141caa9d8e7c499b4dc376			PII_CLEARED|PII_REDACTION_REQUIRED|EXCLUDE_FROM_SERVABLE_SET|HUMAN_REVIEW_REQUIRED	EXCLUDE_FROM_SERVABLE_SET		PERSONAL_DATA_PRESENT	abenrhouma		Exclusion par précaution : 1 signalement(s) (postal_address) non examinés individuellement, présumés données personnelles ; le contenu n'est pas servi.
PII_FINDING	P2_CANDIDATE	6ab13ef5da0a614614dc2df9fe60ad214942298198141caa9d8e7c499b4dc376	false			MOYEN				f347bab01f89c50b1655dd32bba3acaab1bfaf6ea1a1dc3aaf707e0d620ab4a4	postal_address	1	NATIVE_TEXT	6ab13ef5da0a614614dc2df9fe60ad214942298198141caa9d8e7c499b4dc376			FALSE_POSITIVE_TECHNICAL|PUBLIC_INSTITUTIONAL_DATA|SYNTHETIC_EXAMPLE|PERSONAL_DATA_PRESENT		PERSONAL_DATA_PRESENT				
PII_CONTENT	P2_CANDIDATE	6c015cc1da2caa87010d7ab5a68f7e0a781c94a06f992b8c2c4a06b1560da8bd	false	telechargez-le-rapport-annuel-sur-l-evaluation-de-l-eps-session-2023--6c015cc1da	01_EDUSCOL_OFFICIEL/LYCEE/TRANSVERSAL_MULTI_NIVEAUX/80_A_VERIFIER/EPS/04_EVALUATIONS_EXAMENS/2024/telechargez-le-rapport-annuel-sur-l-evaluation-de-l-eps-session-2023--6c015cc1da.pdf	MOYEN	postal_address	10	3					6c015cc1da2caa87010d7ab5a68f7e0a781c94a06f992b8c2c4a06b1560da8bd			PII_CLEARED|PII_REDACTION_REQUIRED|EXCLUDE_FROM_SERVABLE_SET|HUMAN_REVIEW_REQUIRED	EXCLUDE_FROM_SERVABLE_SET		PERSONAL_DATA_PRESENT	abenrhouma		Exclusion par précaution : 10 signalement(s) (postal_address) non examinés individuellement, présumés données personnelles ; le contenu n'est pas servi.
PII_FINDING	P2_CANDIDATE	6c015cc1da2caa87010d7ab5a68f7e0a781c94a06f992b8c2c4a06b1560da8bd	false			MOYEN				21f6e705ce0dc118ddabaaa5dc3d5c77140f3d48166fe4367c416393fbce3952	postal_address	3	NATIVE_TEXT	6c015cc1da2caa87010d7ab5a68f7e0a781c94a06f992b8c2c4a06b1560da8bd			FALSE_POSITIVE_TECHNICAL|PUBLIC_INSTITUTIONAL_DATA|SYNTHETIC_EXAMPLE|PERSONAL_DATA_PRESENT		PERSONAL_DATA_PRESENT				
PII_FINDING	P2_CANDIDATE	6c015cc1da2caa87010d7ab5a68f7e0a781c94a06f992b8c2c4a06b1560da8bd	false			MOYEN				4b83eea29fbe0aeace98b75fd0ce06f2bf7ec1b32f0787bc531a3d660a64c8ea	postal_address	3	NATIVE_TEXT	6c015cc1da2caa87010d7ab5a68f7e0a781c94a06f992b8c2c4a06b1560da8bd			FALSE_POSITIVE_TECHNICAL|PUBLIC_INSTITUTIONAL_DATA|SYNTHETIC_EXAMPLE|PERSONAL_DATA_PRESENT		PERSONAL_DATA_PRESENT				
PII_FINDING	P2_CANDIDATE	6c015cc1da2caa87010d7ab5a68f7e0a781c94a06f992b8c2c4a06b1560da8bd	false			MOYEN				5bb981d5261782ade32e475b7271a5cec74f7216efb3690e16334ba3065b15e5	postal_address	3	NATIVE_TEXT	6c015cc1da2caa87010d7ab5a68f7e0a781c94a06f992b8c2c4a06b1560da8bd			FALSE_POSITIVE_TECHNICAL|PUBLIC_INSTITUTIONAL_DATA|SYNTHETIC_EXAMPLE|PERSONAL_DATA_PRESENT		PERSONAL_DATA_PRESENT				
PII_FINDING	P2_CANDIDATE	6c015cc1da2caa87010d7ab5a68f7e0a781c94a06f992b8c2c4a06b1560da8bd	false			MOYEN				9cff433cbac80e445f9e9f771eb513f8aa90b3d5cd6803c404bdd1db3afcddaf	postal_address	3	NATIVE_TEXT	6c015cc1da2caa87010d7ab5a68f7e0a781c94a06f992b8c2c4a06b1560da8bd			FALSE_POSITIVE_TECHNICAL|PUBLIC_INSTITUTIONAL_DATA|SYNTHETIC_EXAMPLE|PERSONAL_DATA_PRESENT		PERSONAL_DATA_PRESENT				
PII_FINDING	P2_CANDIDATE	6c015cc1da2caa87010d7ab5a68f7e0a781c94a06f992b8c2c4a06b1560da8bd	false			MOYEN				d429399f3ed774800cfc540488413813083e0c012bd69f4e5b047aaeefb182e6	postal_address	3	NATIVE_TEXT	6c015cc1da2caa87010d7ab5a68f7e0a781c94a06f992b8c2c4a06b1560da8bd			FALSE_POSITIVE_TECHNICAL|PUBLIC_INSTITUTIONAL_DATA|SYNTHETIC_EXAMPLE|PERSONAL_DATA_PRESENT		PERSONAL_DATA_PRESENT				
PII_FINDING	P2_CANDIDATE	6c015cc1da2caa87010d7ab5a68f7e0a781c94a06f992b8c2c4a06b1560da8bd	false			MOYEN				d6d03b2a3d2f068b01b25ac1aa1fc34484c31c5dd092b9f22d35ee88468752e4	postal_address	3	NATIVE_TEXT	6c015cc1da2caa87010d7ab5a68f7e0a781c94a06f992b8c2c4a06b1560da8bd			FALSE_POSITIVE_TECHNICAL|PUBLIC_INSTITUTIONAL_DATA|SYNTHETIC_EXAMPLE|PERSONAL_DATA_PRESENT		PERSONAL_DATA_PRESENT				
PII_FINDING	P2_CANDIDATE	6c015cc1da2caa87010d7ab5a68f7e0a781c94a06f992b8c2c4a06b1560da8bd	false			MOYEN				e2a54b43bd0e121f92c420222834c9abc43208a9c23701b43f180514c66d67e2	postal_address	3	NATIVE_TEXT	6c015cc1da2caa87010d7ab5a68f7e0a781c94a06f992b8c2c4a06b1560da8bd			FALSE_POSITIVE_TECHNICAL|PUBLIC_INSTITUTIONAL_DATA|SYNTHETIC_EXAMPLE|PERSONAL_DATA_PRESENT		PERSONAL_DATA_PRESENT				
PII_FINDING	P2_CANDIDATE	6c015cc1da2caa87010d7ab5a68f7e0a781c94a06f992b8c2c4a06b1560da8bd	false			MOYEN				ea34ff69c35c5d1bcf4c2f00cb8a7ef6ca6d0574ed823a86755b2bcb8468e6ea	postal_address	3	NATIVE_TEXT	6c015cc1da2caa87010d7ab5a68f7e0a781c94a06f992b8c2c4a06b1560da8bd			FALSE_POSITIVE_TECHNICAL|PUBLIC_INSTITUTIONAL_DATA|SYNTHETIC_EXAMPLE|PERSONAL_DATA_PRESENT		PERSONAL_DATA_PRESENT				
PII_FINDING	P2_CANDIDATE	6c015cc1da2caa87010d7ab5a68f7e0a781c94a06f992b8c2c4a06b1560da8bd	false			MOYEN				f46b3b9ca74dad5174cb76b574ff508eec091614b3be40e392ba1f4e3c556b19	postal_address	3	NATIVE_TEXT	6c015cc1da2caa87010d7ab5a68f7e0a781c94a06f992b8c2c4a06b1560da8bd			FALSE_POSITIVE_TECHNICAL|PUBLIC_INSTITUTIONAL_DATA|SYNTHETIC_EXAMPLE|PERSONAL_DATA_PRESENT		PERSONAL_DATA_PRESENT				
PII_FINDING	P2_CANDIDATE	6c015cc1da2caa87010d7ab5a68f7e0a781c94a06f992b8c2c4a06b1560da8bd	false			MOYEN				f8c6331670a7b8f9fd1b8e7fd5ce429710f467cea9b6ce2b27cdf5c5a38a64a6	postal_address	3	NATIVE_TEXT	6c015cc1da2caa87010d7ab5a68f7e0a781c94a06f992b8c2c4a06b1560da8bd			FALSE_POSITIVE_TECHNICAL|PUBLIC_INSTITUTIONAL_DATA|SYNTHETIC_EXAMPLE|PERSONAL_DATA_PRESENT		PERSONAL_DATA_PRESENT				
PII_CONTENT	P2_CANDIDATE	6c0a4c960df8691221264fa0daa74c00ff9cd4f6f6a7eeb2745337f83f747f79	false	reperes-de-progressivite-linguistique--6c0a4c960d	01_EDUSCOL_OFFICIEL/COLLEGE/CYCLE_4_TRANSVERSAL/LANGUES_VIVANTES/02_REPERES_ATTENDUS/2016/reperes-de-progressivite-linguistique--6c0a4c960d.pdf	MOYEN	email_address	2	5					6c0a4c960df8691221264fa0daa74c00ff9cd4f6f6a7eeb2745337f83f747f79			PII_CLEARED|PII_REDACTION_REQUIRED|EXCLUDE_FROM_SERVABLE_SET|HUMAN_REVIEW_REQUIRED	EXCLUDE_FROM_SERVABLE_SET		PERSONAL_DATA_PRESENT	abenrhouma		Exclusion par précaution : 2 signalement(s) (email_address) non examinés individuellement, présumés données personnelles ; le contenu n'est pas servi.
PII_FINDING	P2_CANDIDATE	6c0a4c960df8691221264fa0daa74c00ff9cd4f6f6a7eeb2745337f83f747f79	false			MOYEN				d656dff4f29fe890668ac18ca0d029c674a6ed1ce6d2600a1a183314e0e71385	email_address	5	NATIVE_TEXT	6c0a4c960df8691221264fa0daa74c00ff9cd4f6f6a7eeb2745337f83f747f79			FALSE_POSITIVE_TECHNICAL|PUBLIC_INSTITUTIONAL_DATA|SYNTHETIC_EXAMPLE|PERSONAL_DATA_PRESENT		PERSONAL_DATA_PRESENT				
PII_FINDING	P2_CANDIDATE	6c0a4c960df8691221264fa0daa74c00ff9cd4f6f6a7eeb2745337f83f747f79	false			MOYEN				ff94aa404863ba5dbd0b8bc26e086afd540cebaa0ac8ec1dc85aa7893e86bfbc	email_address	5	NATIVE_TEXT	6c0a4c960df8691221264fa0daa74c00ff9cd4f6f6a7eeb2745337f83f747f79			FALSE_POSITIVE_TECHNICAL|PUBLIC_INSTITUTIONAL_DATA|SYNTHETIC_EXAMPLE|PERSONAL_DATA_PRESENT		PERSONAL_DATA_PRESENT				
PII_CONTENT	P2_CANDIDATE	6d2c65a15b11256d6aebbe2be2738325673b8ca2b31bc41f727af3e5e2805c89	false	telecharger-la-presentation-des-seminaires--6d2c65a15b	01_EDUSCOL_OFFICIEL/LYCEE/TRANSVERSAL_MULTI_NIVEAUX/80_A_VERIFIER/PHILOSOPHIE/07_DIAPORAMAS_SUPPORTS/2014/telecharger-la-presentation-des-seminaires--6d2c65a15b.pdf	MOYEN	email_address	2	8					6d2c65a15b11256d6aebbe2be2738325673b8ca2b31bc41f727af3e5e2805c89			PII_CLEARED|PII_REDACTION_REQUIRED|EXCLUDE_FROM_SERVABLE_SET|HUMAN_REVIEW_REQUIRED	EXCLUDE_FROM_SERVABLE_SET		PERSONAL_DATA_PRESENT	abenrhouma		Exclusion par précaution : 2 signalement(s) (email_address) non examinés individuellement, présumés données personnelles ; le contenu n'est pas servi.
PII_FINDING	P2_CANDIDATE	6d2c65a15b11256d6aebbe2be2738325673b8ca2b31bc41f727af3e5e2805c89	false			MOYEN				30e9d6ce35cc5023e206c739ffa1c67eb2e6ed4a51d99e70f300b8c384e180e5	email_address	8	NATIVE_TEXT	6d2c65a15b11256d6aebbe2be2738325673b8ca2b31bc41f727af3e5e2805c89			FALSE_POSITIVE_TECHNICAL|PUBLIC_INSTITUTIONAL_DATA|SYNTHETIC_EXAMPLE|PERSONAL_DATA_PRESENT		PERSONAL_DATA_PRESENT				
PII_FINDING	P2_CANDIDATE	6d2c65a15b11256d6aebbe2be2738325673b8ca2b31bc41f727af3e5e2805c89	false			MOYEN				3b3b9476de4cfbdd8c19ac8f7f670a1e57b613a2816b07966e0346161210351d	email_address	8	NATIVE_TEXT	6d2c65a15b11256d6aebbe2be2738325673b8ca2b31bc41f727af3e5e2805c89			FALSE_POSITIVE_TECHNICAL|PUBLIC_INSTITUTIONAL_DATA|SYNTHETIC_EXAMPLE|PERSONAL_DATA_PRESENT		PERSONAL_DATA_PRESENT				
PII_CONTENT	P2_CANDIDATE	6f6db8aa4928ae3c0baac48d826068ae4223085daeb1e25c191e8e19cc8ef8a7	false	plaquette-de-presentation-du-passeport-educfi-au-lycee-professionnel--6f6db8aa49	01_EDUSCOL_OFFICIEL/LYCEE/TRANSVERSAL_MULTI_NIVEAUX/80_A_VERIFIER/MATHEMATIQUES/07_DIAPORAMAS_SUPPORTS/2026/plaquette-de-presentation-du-passeport-educfi-au-lycee-professionnel--6f6db8aa49.pdf	MOYEN	email_address	1	1					6f6db8aa4928ae3c0baac48d826068ae4223085daeb1e25c191e8e19cc8ef8a7			PII_CLEARED|PII_REDACTION_REQUIRED|EXCLUDE_FROM_SERVABLE_SET|HUMAN_REVIEW_REQUIRED	EXCLUDE_FROM_SERVABLE_SET		PERSONAL_DATA_PRESENT	abenrhouma		Exclusion par précaution : 1 signalement(s) (email_address) non examinés individuellement, présumés données personnelles ; le contenu n'est pas servi.
PII_FINDING	P2_CANDIDATE	6f6db8aa4928ae3c0baac48d826068ae4223085daeb1e25c191e8e19cc8ef8a7	false			MOYEN				20662a43d30ccdc423f73232ec3e7c8e1301f69662c3f8f71ffae6ef8c2210e9	email_address	1	NATIVE_TEXT	6f6db8aa4928ae3c0baac48d826068ae4223085daeb1e25c191e8e19cc8ef8a7			FALSE_POSITIVE_TECHNICAL|PUBLIC_INSTITUTIONAL_DATA|SYNTHETIC_EXAMPLE|PERSONAL_DATA_PRESENT		PERSONAL_DATA_PRESENT				
PII_CONTENT	P2_CANDIDATE	717a34a5f625709f4d1573c55e9c450e830699535a6db7b4c65deb89bcb6184c	false	memo-numeridanse-pdf-524-06-ko--717a34a5f6	01_EDUSCOL_OFFICIEL/LYCEE/TRANSVERSAL_MULTI_NIVEAUX/80_A_VERIFIER/DANSE/03_RESSOURCES_ACCOMPAGNEMENT/2023/memo-numeridanse-pdf-524-06-ko--717a34a5f6.pdf	MOYEN	email_address|phone_french	2	2					717a34a5f625709f4d1573c55e9c450e830699535a6db7b4c65deb89bcb6184c			PII_CLEARED|PII_REDACTION_REQUIRED|EXCLUDE_FROM_SERVABLE_SET|HUMAN_REVIEW_REQUIRED	EXCLUDE_FROM_SERVABLE_SET		PERSONAL_DATA_PRESENT	abenrhouma		Exclusion par précaution : 2 signalement(s) (email_address, phone_french) non examinés individuellement, présumés données personnelles ; le contenu n'est pas servi.
PII_FINDING	P2_CANDIDATE	717a34a5f625709f4d1573c55e9c450e830699535a6db7b4c65deb89bcb6184c	false			MOYEN				715b1e39f68cf00bd34f9523c19b9d46c19558eee25608496a6607181044fecc	email_address	2	NATIVE_TEXT	717a34a5f625709f4d1573c55e9c450e830699535a6db7b4c65deb89bcb6184c			FALSE_POSITIVE_TECHNICAL|PUBLIC_INSTITUTIONAL_DATA|SYNTHETIC_EXAMPLE|PERSONAL_DATA_PRESENT		PERSONAL_DATA_PRESENT				
PII_FINDING	P2_CANDIDATE	717a34a5f625709f4d1573c55e9c450e830699535a6db7b4c65deb89bcb6184c	false			MOYEN				99c7ec03ae33e1826ab3e0b6150175afc54bdac6c3ff09c6b3f814e1f9421d7a	phone_french	2	NATIVE_TEXT	717a34a5f625709f4d1573c55e9c450e830699535a6db7b4c65deb89bcb6184c			FALSE_POSITIVE_TECHNICAL|PUBLIC_INSTITUTIONAL_DATA|SYNTHETIC_EXAMPLE|PERSONAL_DATA_PRESENT		PERSONAL_DATA_PRESENT				
PII_CONTENT	P2_CANDIDATE	72b984955b8a919795dcf91d473f7579965d8b9228d129565b119af9e9981ed1	false	telecharger-l-invitation--72b984955b	01_EDUSCOL_OFFICIEL/LYCEE/TRANSVERSAL_MULTI_NIVEAUX/80_A_VERIFIER/MATHEMATIQUES/03_RESSOURCES_ACCOMPAGNEMENT/2024/telecharger-l-invitation--72b984955b.pdf	MOYEN	email_address|phone_french|postal_address	3	1					72b984955b8a919795dcf91d473f7579965d8b9228d129565b119af9e9981ed1			PII_CLEARED|PII_REDACTION_REQUIRED|EXCLUDE_FROM_SERVABLE_SET|HUMAN_REVIEW_REQUIRED	EXCLUDE_FROM_SERVABLE_SET		PERSONAL_DATA_PRESENT	abenrhouma		Exclusion par précaution : 3 signalement(s) (email_address, phone_french, postal_address) non examinés individuellement, présumés données personnelles ; le contenu n'est pas servi.
PII_FINDING	P2_CANDIDATE	72b984955b8a919795dcf91d473f7579965d8b9228d129565b119af9e9981ed1	false			MOYEN				3ee35c87dd835c962038d0b3844e000b6ceaf32341f845abc23ceb992c58e11e	email_address	1	NATIVE_TEXT	72b984955b8a919795dcf91d473f7579965d8b9228d129565b119af9e9981ed1			FALSE_POSITIVE_TECHNICAL|PUBLIC_INSTITUTIONAL_DATA|SYNTHETIC_EXAMPLE|PERSONAL_DATA_PRESENT		PERSONAL_DATA_PRESENT				
PII_FINDING	P2_CANDIDATE	72b984955b8a919795dcf91d473f7579965d8b9228d129565b119af9e9981ed1	false			MOYEN				bf05eec0d3ec90fc81b76cc86ad0ea1a4f0812bcd68c5927b73194ea7167e7ae	postal_address	1	NATIVE_TEXT	72b984955b8a919795dcf91d473f7579965d8b9228d129565b119af9e9981ed1			FALSE_POSITIVE_TECHNICAL|PUBLIC_INSTITUTIONAL_DATA|SYNTHETIC_EXAMPLE|PERSONAL_DATA_PRESENT		PERSONAL_DATA_PRESENT				
PII_FINDING	P2_CANDIDATE	72b984955b8a919795dcf91d473f7579965d8b9228d129565b119af9e9981ed1	false			MOYEN				cc3b86bbb15df17c02ffda803edbc03ae6af65893ab824ac703dcc9cbd3757f3	phone_french	1	NATIVE_TEXT	72b984955b8a919795dcf91d473f7579965d8b9228d129565b119af9e9981ed1			FALSE_POSITIVE_TECHNICAL|PUBLIC_INSTITUTIONAL_DATA|SYNTHETIC_EXAMPLE|PERSONAL_DATA_PRESENT		PERSONAL_DATA_PRESENT				
PII_CONTENT	P2_CANDIDATE	7305b8db434287d64254e20b8d668f0e15b944557ca8f2df257eea00f62d5b62	false	telecharger-la-liste-des-adresses-de-contact-des-referents-academiques-generation-2030--7305b8db43	01_EDUSCOL_OFFICIEL/LYCEE/TRANSVERSAL_MULTI_NIVEAUX/80_A_VERIFIER/EPS/09_AUTRES/2025/telecharger-la-liste-des-adresses-de-contact-des-referents-academiques-generation-2030--7305b8db43.pdf	MOYEN	email_address	32	1|2					7305b8db434287d64254e20b8d668f0e15b944557ca8f2df257eea00f62d5b62			PII_CLEARED|PII_REDACTION_REQUIRED|EXCLUDE_FROM_SERVABLE_SET|HUMAN_REVIEW_REQUIRED	EXCLUDE_FROM_SERVABLE_SET		PERSONAL_DATA_PRESENT	abenrhouma		Exclusion par précaution : 32 signalement(s) (email_address) non examinés individuellement, présumés données personnelles ; le contenu n'est pas servi.
PII_FINDING	P2_CANDIDATE	7305b8db434287d64254e20b8d668f0e15b944557ca8f2df257eea00f62d5b62	false			MOYEN				04a383637a2fdbadb4fa24fd2b732ad8d8b5176c52e153c7e07a8397890149d7	email_address	2	NATIVE_TEXT	7305b8db434287d64254e20b8d668f0e15b944557ca8f2df257eea00f62d5b62			FALSE_POSITIVE_TECHNICAL|PUBLIC_INSTITUTIONAL_DATA|SYNTHETIC_EXAMPLE|PERSONAL_DATA_PRESENT		PERSONAL_DATA_PRESENT				
PII_FINDING	P2_CANDIDATE	7305b8db434287d64254e20b8d668f0e15b944557ca8f2df257eea00f62d5b62	false			MOYEN				067065a9b4ec33341d16b3e98b53e1c36f7b7f404eacd3fcf3e95093cd000946	email_address	1	NATIVE_TEXT	7305b8db434287d64254e20b8d668f0e15b944557ca8f2df257eea00f62d5b62			FALSE_POSITIVE_TECHNICAL|PUBLIC_INSTITUTIONAL_DATA|SYNTHETIC_EXAMPLE|PERSONAL_DATA_PRESENT		PERSONAL_DATA_PRESENT				
PII_FINDING	P2_CANDIDATE	7305b8db434287d64254e20b8d668f0e15b944557ca8f2df257eea00f62d5b62	false			MOYEN				126e1dd166c5bcb8a05bcd7f2f8abe92d611ada0ecd625c524ed84531820c12b	email_address	2	NATIVE_TEXT	7305b8db434287d64254e20b8d668f0e15b944557ca8f2df257eea00f62d5b62			FALSE_POSITIVE_TECHNICAL|PUBLIC_INSTITUTIONAL_DATA|SYNTHETIC_EXAMPLE|PERSONAL_DATA_PRESENT		PERSONAL_DATA_PRESENT				
PII_FINDING	P2_CANDIDATE	7305b8db434287d64254e20b8d668f0e15b944557ca8f2df257eea00f62d5b62	false			MOYEN				29243f06cbb0a6872874761a0f410227a7566c3803a747897c4f5a70e94efdae	email_address	1	NATIVE_TEXT	7305b8db434287d64254e20b8d668f0e15b944557ca8f2df257eea00f62d5b62			FALSE_POSITIVE_TECHNICAL|PUBLIC_INSTITUTIONAL_DATA|SYNTHETIC_EXAMPLE|PERSONAL_DATA_PRESENT		PERSONAL_DATA_PRESENT				
PII_FINDING	P2_CANDIDATE	7305b8db434287d64254e20b8d668f0e15b944557ca8f2df257eea00f62d5b62	false			MOYEN				307ef67fd007d0d20686017299a499ec2985c60dfa632ec6f9ab0ceb68464163	email_address	1	NATIVE_TEXT	7305b8db434287d64254e20b8d668f0e15b944557ca8f2df257eea00f62d5b62			FALSE_POSITIVE_TECHNICAL|PUBLIC_INSTITUTIONAL_DATA|SYNTHETIC_EXAMPLE|PERSONAL_DATA_PRESENT		PERSONAL_DATA_PRESENT				
PII_FINDING	P2_CANDIDATE	7305b8db434287d64254e20b8d668f0e15b944557ca8f2df257eea00f62d5b62	false			MOYEN				30fa052a983b180eb5ba1e13d1f5cece97f4ba7fb20368b2d221542720d6b0b4	email_address	1	NATIVE_TEXT	7305b8db434287d64254e20b8d668f0e15b944557ca8f2df257eea00f62d5b62			FALSE_POSITIVE_TECHNICAL|PUBLIC_INSTITUTIONAL_DATA|SYNTHETIC_EXAMPLE|PERSONAL_DATA_PRESENT		PERSONAL_DATA_PRESENT				
PII_FINDING	P2_CANDIDATE	7305b8db434287d64254e20b8d668f0e15b944557ca8f2df257eea00f62d5b62	false			MOYEN				406e8fcf99942e36ec52111c8a0368f8a81864e937d8da9d177b90a2e22ee52f	email_address	2	NATIVE_TEXT	7305b8db434287d64254e20b8d668f0e15b944557ca8f2df257eea00f62d5b62			FALSE_POSITIVE_TECHNICAL|PUBLIC_INSTITUTIONAL_DATA|SYNTHETIC_EXAMPLE|PERSONAL_DATA_PRESENT		PERSONAL_DATA_PRESENT				
PII_FINDING	P2_CANDIDATE	7305b8db434287d64254e20b8d668f0e15b944557ca8f2df257eea00f62d5b62	false			MOYEN				45670caba7f090df47f2b23c68c3728f190eb731b653c6b824274410b2aee4eb	email_address	1	NATIVE_TEXT	7305b8db434287d64254e20b8d668f0e15b944557ca8f2df257eea00f62d5b62			FALSE_POSITIVE_TECHNICAL|PUBLIC_INSTITUTIONAL_DATA|SYNTHETIC_EXAMPLE|PERSONAL_DATA_PRESENT		PERSONAL_DATA_PRESENT				
PII_FINDING	P2_CANDIDATE	7305b8db434287d64254e20b8d668f0e15b944557ca8f2df257eea00f62d5b62	false			MOYEN				48598aaa6bdfdc5a2eabd465f58fad8065ac30d6d618a2ac31459e428ad1682b	email_address	1	NATIVE_TEXT	7305b8db434287d64254e20b8d668f0e15b944557ca8f2df257eea00f62d5b62			FALSE_POSITIVE_TECHNICAL|PUBLIC_INSTITUTIONAL_DATA|SYNTHETIC_EXAMPLE|PERSONAL_DATA_PRESENT		PERSONAL_DATA_PRESENT				
PII_FINDING	P2_CANDIDATE	7305b8db434287d64254e20b8d668f0e15b944557ca8f2df257eea00f62d5b62	false			MOYEN				5c08dd21b1952a8ee7fd00202dcb1e9c5c20b57f4d7e40c6d58d4a04ac00babc	email_address	2	NATIVE_TEXT	7305b8db434287d64254e20b8d668f0e15b944557ca8f2df257eea00f62d5b62			FALSE_POSITIVE_TECHNICAL|PUBLIC_INSTITUTIONAL_DATA|SYNTHETIC_EXAMPLE|PERSONAL_DATA_PRESENT		PERSONAL_DATA_PRESENT				
PII_FINDING	P2_CANDIDATE	7305b8db434287d64254e20b8d668f0e15b944557ca8f2df257eea00f62d5b62	false			MOYEN				5ee0fe9b78cae87c12c9621d0ea22b4350c065c2b1817e37cbc9ad6b36ed3443	email_address	2	NATIVE_TEXT	7305b8db434287d64254e20b8d668f0e15b944557ca8f2df257eea00f62d5b62			FALSE_POSITIVE_TECHNICAL|PUBLIC_INSTITUTIONAL_DATA|SYNTHETIC_EXAMPLE|PERSONAL_DATA_PRESENT		PERSONAL_DATA_PRESENT				
PII_FINDING	P2_CANDIDATE	7305b8db434287d64254e20b8d668f0e15b944557ca8f2df257eea00f62d5b62	false			MOYEN				666aa230dd6c483ceec09faae3f7253c3776adf10b5abca7e1751967fcfbc114	email_address	2	NATIVE_TEXT	7305b8db434287d64254e20b8d668f0e15b944557ca8f2df257eea00f62d5b62			FALSE_POSITIVE_TECHNICAL|PUBLIC_INSTITUTIONAL_DATA|SYNTHETIC_EXAMPLE|PERSONAL_DATA_PRESENT		PERSONAL_DATA_PRESENT				
PII_FINDING	P2_CANDIDATE	7305b8db434287d64254e20b8d668f0e15b944557ca8f2df257eea00f62d5b62	false			MOYEN				6749749bbc410be024aa5725936cc157ee994e0dfa4107e642c519e678485bd0	email_address	1	NATIVE_TEXT	7305b8db434287d64254e20b8d668f0e15b944557ca8f2df257eea00f62d5b62			FALSE_POSITIVE_TECHNICAL|PUBLIC_INSTITUTIONAL_DATA|SYNTHETIC_EXAMPLE|PERSONAL_DATA_PRESENT		PERSONAL_DATA_PRESENT				
PII_FINDING	P2_CANDIDATE	7305b8db434287d64254e20b8d668f0e15b944557ca8f2df257eea00f62d5b62	false			MOYEN				6b2f7b90cd088a069e8f053cb2cdb78311232619b267ee1d19de673d680d9b3a	email_address	2	NATIVE_TEXT	7305b8db434287d64254e20b8d668f0e15b944557ca8f2df257eea00f62d5b62			FALSE_POSITIVE_TECHNICAL|PUBLIC_INSTITUTIONAL_DATA|SYNTHETIC_EXAMPLE|PERSONAL_DATA_PRESENT		PERSONAL_DATA_PRESENT				
PII_FINDING	P2_CANDIDATE	7305b8db434287d64254e20b8d668f0e15b944557ca8f2df257eea00f62d5b62	false			MOYEN				709d115e22674999ee7d9a9cf0ef5ed2915015a5e7dc80d38ccf332d265168a2	email_address	1	NATIVE_TEXT	7305b8db434287d64254e20b8d668f0e15b944557ca8f2df257eea00f62d5b62			FALSE_POSITIVE_TECHNICAL|PUBLIC_INSTITUTIONAL_DATA|SYNTHETIC_EXAMPLE|PERSONAL_DATA_PRESENT		PERSONAL_DATA_PRESENT				
PII_FINDING	P2_CANDIDATE	7305b8db434287d64254e20b8d668f0e15b944557ca8f2df257eea00f62d5b62	false			MOYEN				7a9589b447a163c03283a41686d225f3e9379f696b165445ebf5af6d40d54caf	email_address	1	NATIVE_TEXT	7305b8db434287d64254e20b8d668f0e15b944557ca8f2df257eea00f62d5b62			FALSE_POSITIVE_TECHNICAL|PUBLIC_INSTITUTIONAL_DATA|SYNTHETIC_EXAMPLE|PERSONAL_DATA_PRESENT		PERSONAL_DATA_PRESENT				
PII_FINDING	P2_CANDIDATE	7305b8db434287d64254e20b8d668f0e15b944557ca8f2df257eea00f62d5b62	false			MOYEN				7b2a688fee20ffa180a159c65bfde99b83cf012d600f339207cbf13c5c262edb	email_address	2	NATIVE_TEXT	7305b8db434287d64254e20b8d668f0e15b944557ca8f2df257eea00f62d5b62			FALSE_POSITIVE_TECHNICAL|PUBLIC_INSTITUTIONAL_DATA|SYNTHETIC_EXAMPLE|PERSONAL_DATA_PRESENT		PERSONAL_DATA_PRESENT				
PII_FINDING	P2_CANDIDATE	7305b8db434287d64254e20b8d668f0e15b944557ca8f2df257eea00f62d5b62	false			MOYEN				8235e33298e5ff610566e5a7e7e0b898ad6237794b9e7f4b4a54554cf6f8233e	email_address	1	NATIVE_TEXT	7305b8db434287d64254e20b8d668f0e15b944557ca8f2df257eea00f62d5b62			FALSE_POSITIVE_TECHNICAL|PUBLIC_INSTITUTIONAL_DATA|SYNTHETIC_EXAMPLE|PERSONAL_DATA_PRESENT		PERSONAL_DATA_PRESENT				
PII_FINDING	P2_CANDIDATE	7305b8db434287d64254e20b8d668f0e15b944557ca8f2df257eea00f62d5b62	false			MOYEN				98a3d07f3b7883271649b86060176c7218070ee6a6a880927401c7031b865af9	email_address	1	NATIVE_TEXT	7305b8db434287d64254e20b8d668f0e15b944557ca8f2df257eea00f62d5b62			FALSE_POSITIVE_TECHNICAL|PUBLIC_INSTITUTIONAL_DATA|SYNTHETIC_EXAMPLE|PERSONAL_DATA_PRESENT		PERSONAL_DATA_PRESENT				
PII_FINDING	P2_CANDIDATE	7305b8db434287d64254e20b8d668f0e15b944557ca8f2df257eea00f62d5b62	false			MOYEN				a11d5bc071650f220e67d1fa0542fa5ef4c14e057d7f5c69bee50fc2ab2d30ab	email_address	2	NATIVE_TEXT	7305b8db434287d64254e20b8d668f0e15b944557ca8f2df257eea00f62d5b62			FALSE_POSITIVE_TECHNICAL|PUBLIC_INSTITUTIONAL_DATA|SYNTHETIC_EXAMPLE|PERSONAL_DATA_PRESENT		PERSONAL_DATA_PRESENT				
PII_FINDING	P2_CANDIDATE	7305b8db434287d64254e20b8d668f0e15b944557ca8f2df257eea00f62d5b62	false			MOYEN				ad5e3e5395a717d1c19ed13471e285838ad619742510dba85bb9980db91ee0a6	email_address	1	NATIVE_TEXT	7305b8db434287d64254e20b8d668f0e15b944557ca8f2df257eea00f62d5b62			FALSE_POSITIVE_TECHNICAL|PUBLIC_INSTITUTIONAL_DATA|SYNTHETIC_EXAMPLE|PERSONAL_DATA_PRESENT		PERSONAL_DATA_PRESENT				
PII_FINDING	P2_CANDIDATE	7305b8db434287d64254e20b8d668f0e15b944557ca8f2df257eea00f62d5b62	false			MOYEN				b1a3193fd908354b68c9077bfad7ca4a5abe7d476a49f7e155c725c4150f1f95	email_address	1	NATIVE_TEXT	7305b8db434287d64254e20b8d668f0e15b944557ca8f2df257eea00f62d5b62			FALSE_POSITIVE_TECHNICAL|PUBLIC_INSTITUTIONAL_DATA|SYNTHETIC_EXAMPLE|PERSONAL_DATA_PRESENT		PERSONAL_DATA_PRESENT				
PII_FINDING	P2_CANDIDATE	7305b8db434287d64254e20b8d668f0e15b944557ca8f2df257eea00f62d5b62	false			MOYEN				b39aab5d1d18d72ccb10c85314af88b7077f1fc3d8818958818380970ac1a5d8	email_address	1	NATIVE_TEXT	7305b8db434287d64254e20b8d668f0e15b944557ca8f2df257eea00f62d5b62			FALSE_POSITIVE_TECHNICAL|PUBLIC_INSTITUTIONAL_DATA|SYNTHETIC_EXAMPLE|PERSONAL_DATA_PRESENT		PERSONAL_DATA_PRESENT				
PII_FINDING	P2_CANDIDATE	7305b8db434287d64254e20b8d668f0e15b944557ca8f2df257eea00f62d5b62	false			MOYEN				be8d5dfac49dc3fe895467723578b38f1b5d6694ae39bce32d2c92125aa5bb98	email_address	1	NATIVE_TEXT	7305b8db434287d64254e20b8d668f0e15b944557ca8f2df257eea00f62d5b62			FALSE_POSITIVE_TECHNICAL|PUBLIC_INSTITUTIONAL_DATA|SYNTHETIC_EXAMPLE|PERSONAL_DATA_PRESENT		PERSONAL_DATA_PRESENT				
PII_FINDING	P2_CANDIDATE	7305b8db434287d64254e20b8d668f0e15b944557ca8f2df257eea00f62d5b62	false			MOYEN				bef3be87ec182133f9a2ae38fddefd85e8ee3ac08eec2cb65cf9ccb6fa80d652	email_address	2	NATIVE_TEXT	7305b8db434287d64254e20b8d668f0e15b944557ca8f2df257eea00f62d5b62			FALSE_POSITIVE_TECHNICAL|PUBLIC_INSTITUTIONAL_DATA|SYNTHETIC_EXAMPLE|PERSONAL_DATA_PRESENT		PERSONAL_DATA_PRESENT				
PII_FINDING	P2_CANDIDATE	7305b8db434287d64254e20b8d668f0e15b944557ca8f2df257eea00f62d5b62	false			MOYEN				c33eaead249b3418d07a3dd78320e3ff0e4e5bfad064d3b413c0a72ff8d20176	email_address	1	NATIVE_TEXT	7305b8db434287d64254e20b8d668f0e15b944557ca8f2df257eea00f62d5b62			FALSE_POSITIVE_TECHNICAL|PUBLIC_INSTITUTIONAL_DATA|SYNTHETIC_EXAMPLE|PERSONAL_DATA_PRESENT		PERSONAL_DATA_PRESENT				
PII_FINDING	P2_CANDIDATE	7305b8db434287d64254e20b8d668f0e15b944557ca8f2df257eea00f62d5b62	false			MOYEN				c8cdaf205cb0fd73f5bba097568317b39c8f322438d30940452203c93b57c644	email_address	1	NATIVE_TEXT	7305b8db434287d64254e20b8d668f0e15b944557ca8f2df257eea00f62d5b62			FALSE_POSITIVE_TECHNICAL|PUBLIC_INSTITUTIONAL_DATA|SYNTHETIC_EXAMPLE|PERSONAL_DATA_PRESENT		PERSONAL_DATA_PRESENT				
PII_FINDING	P2_CANDIDATE	7305b8db434287d64254e20b8d668f0e15b944557ca8f2df257eea00f62d5b62	false			MOYEN				c8d451568f7837ceb88173c5adcbd7aac19a9eca0f2e6b0bfe22c0f4618a327e	email_address	1	NATIVE_TEXT	7305b8db434287d64254e20b8d668f0e15b944557ca8f2df257eea00f62d5b62			FALSE_POSITIVE_TECHNICAL|PUBLIC_INSTITUTIONAL_DATA|SYNTHETIC_EXAMPLE|PERSONAL_DATA_PRESENT		PERSONAL_DATA_PRESENT				
PII_FINDING	P2_CANDIDATE	7305b8db434287d64254e20b8d668f0e15b944557ca8f2df257eea00f62d5b62	false			MOYEN				cd32a3381b7c2707604c4cd13f376fbe13040b251c8ecf94dfffca440b71bb07	email_address	2	NATIVE_TEXT	7305b8db434287d64254e20b8d668f0e15b944557ca8f2df257eea00f62d5b62			FALSE_POSITIVE_TECHNICAL|PUBLIC_INSTITUTIONAL_DATA|SYNTHETIC_EXAMPLE|PERSONAL_DATA_PRESENT		PERSONAL_DATA_PRESENT				
PII_FINDING	P2_CANDIDATE	7305b8db434287d64254e20b8d668f0e15b944557ca8f2df257eea00f62d5b62	false			MOYEN				d6a34d4586e9292cb1ca0d18effbc9189a2c253fc148588d7c61dfc2eb8544b2	email_address	1	NATIVE_TEXT	7305b8db434287d64254e20b8d668f0e15b944557ca8f2df257eea00f62d5b62			FALSE_POSITIVE_TECHNICAL|PUBLIC_INSTITUTIONAL_DATA|SYNTHETIC_EXAMPLE|PERSONAL_DATA_PRESENT		PERSONAL_DATA_PRESENT				
PII_FINDING	P2_CANDIDATE	7305b8db434287d64254e20b8d668f0e15b944557ca8f2df257eea00f62d5b62	false			MOYEN				e72c225390ffc0370b788b4984aada6d951ede066e8f258e998691845e8e16e9	email_address	2	NATIVE_TEXT	7305b8db434287d64254e20b8d668f0e15b944557ca8f2df257eea00f62d5b62			FALSE_POSITIVE_TECHNICAL|PUBLIC_INSTITUTIONAL_DATA|SYNTHETIC_EXAMPLE|PERSONAL_DATA_PRESENT		PERSONAL_DATA_PRESENT				
PII_FINDING	P2_CANDIDATE	7305b8db434287d64254e20b8d668f0e15b944557ca8f2df257eea00f62d5b62	false			MOYEN				f2c15836a19bc6a471992691bc25ad129ade0c0deae81c02108fb162270ce078	email_address	1	NATIVE_TEXT	7305b8db434287d64254e20b8d668f0e15b944557ca8f2df257eea00f62d5b62			FALSE_POSITIVE_TECHNICAL|PUBLIC_INSTITUTIONAL_DATA|SYNTHETIC_EXAMPLE|PERSONAL_DATA_PRESENT		PERSONAL_DATA_PRESENT				
PII_CONTENT	P2_CANDIDATE	76749ac52564adf56d6203225b36f784fd6ad4e457c7f273c40556e8bfca7cc7	false	qu-est-ce-qui-differencie-un-son-grave-d-un-son-aigu-pdf-484-87-ko--76749ac525	01_EDUSCOL_OFFICIEL/LYCEE/TRANSVERSAL_MULTI_NIVEAUX/80_A_VERIFIER/PHYSIQUE_CHIMIE/04_EVALUATIONS_EXAMENS/2019/qu-est-ce-qui-differencie-un-son-grave-d-un-son-aigu-pdf-484-87-ko--76749ac525.pdf	MOYEN	postal_address	2	4					76749ac52564adf56d6203225b36f784fd6ad4e457c7f273c40556e8bfca7cc7			PII_CLEARED|PII_REDACTION_REQUIRED|EXCLUDE_FROM_SERVABLE_SET|HUMAN_REVIEW_REQUIRED	EXCLUDE_FROM_SERVABLE_SET		PERSONAL_DATA_PRESENT	abenrhouma		Exclusion par précaution : 2 signalement(s) (postal_address) non examinés individuellement, présumés données personnelles ; le contenu n'est pas servi.
PII_FINDING	P2_CANDIDATE	76749ac52564adf56d6203225b36f784fd6ad4e457c7f273c40556e8bfca7cc7	false			MOYEN				1a8ee3eb14bbd2474be5956b8d2046268eb352d6b14fc70e63c27c460cfeb20a	postal_address	4	NATIVE_TEXT	76749ac52564adf56d6203225b36f784fd6ad4e457c7f273c40556e8bfca7cc7			FALSE_POSITIVE_TECHNICAL|PUBLIC_INSTITUTIONAL_DATA|SYNTHETIC_EXAMPLE|PERSONAL_DATA_PRESENT		PERSONAL_DATA_PRESENT				
PII_FINDING	P2_CANDIDATE	76749ac52564adf56d6203225b36f784fd6ad4e457c7f273c40556e8bfca7cc7	false			MOYEN				80703966e909643ba349c77df2e9cdf09204cf910601f96dd1a491d283cb033d	postal_address	4	NATIVE_TEXT	76749ac52564adf56d6203225b36f784fd6ad4e457c7f273c40556e8bfca7cc7			FALSE_POSITIVE_TECHNICAL|PUBLIC_INSTITUTIONAL_DATA|SYNTHETIC_EXAMPLE|PERSONAL_DATA_PRESENT		PERSONAL_DATA_PRESENT				
PII_CONTENT	P2_CANDIDATE	79cbc782bee529940145bfcf1e82830610a8bf2adaca23759a10be4ed52aad2a	false	breton-pdf-445-13-ko--79cbc782be	01_EDUSCOL_OFFICIEL/LYCEE/PREMIERE/LLCER/01_PROGRAMMES_OFFICIELS/2019/breton-pdf-445-13-ko--79cbc782be.pdf	MOYEN	postal_address	1	13					79cbc782bee529940145bfcf1e82830610a8bf2adaca23759a10be4ed52aad2a			PII_CLEARED|PII_REDACTION_REQUIRED|EXCLUDE_FROM_SERVABLE_SET|HUMAN_REVIEW_REQUIRED	EXCLUDE_FROM_SERVABLE_SET		PERSONAL_DATA_PRESENT	abenrhouma		Exclusion par précaution : 1 signalement(s) (postal_address) non examinés individuellement, présumés données personnelles ; le contenu n'est pas servi.
PII_FINDING	P2_CANDIDATE	79cbc782bee529940145bfcf1e82830610a8bf2adaca23759a10be4ed52aad2a	false			MOYEN				cc4ad6eefeefb4d1e7c74a9f160b0822d450220226e79b9a5108f29b1ed2a10f	postal_address	13	NATIVE_TEXT	79cbc782bee529940145bfcf1e82830610a8bf2adaca23759a10be4ed52aad2a			FALSE_POSITIVE_TECHNICAL|PUBLIC_INSTITUTIONAL_DATA|SYNTHETIC_EXAMPLE|PERSONAL_DATA_PRESENT		PERSONAL_DATA_PRESENT				
PII_CONTENT	P2_CANDIDATE	7c52f1db07bc1e666318ca3540fb8b41da4a93b0a12327a008a883bc3edac562	false	les-mentions-informatives-relatives-a-la-protection-de-donnees-a-caractere-personnel--7c52f1db07	01_EDUSCOL_OFFICIEL/COLLEGE/CYCLE_4_TRANSVERSAL/LANGUES_VIVANTES/09_AUTRES/2023/les-mentions-informatives-relatives-a-la-protection-de-donnees-a-caractere-personnel--7c52f1db07.pdf	MOYEN	email_address|postal_address	5	1|2					7c52f1db07bc1e666318ca3540fb8b41da4a93b0a12327a008a883bc3edac562			PII_CLEARED|PII_REDACTION_REQUIRED|EXCLUDE_FROM_SERVABLE_SET|HUMAN_REVIEW_REQUIRED	EXCLUDE_FROM_SERVABLE_SET		PERSONAL_DATA_PRESENT	abenrhouma		Exclusion par précaution : 5 signalement(s) (email_address, postal_address) non examinés individuellement, présumés données personnelles ; le contenu n'est pas servi.
PII_FINDING	P2_CANDIDATE	7c52f1db07bc1e666318ca3540fb8b41da4a93b0a12327a008a883bc3edac562	false			MOYEN				5618a8a968665fba37fc9d86022eccddb169db0020cbc3e20c516fe28950eabf	postal_address	2	NATIVE_TEXT	7c52f1db07bc1e666318ca3540fb8b41da4a93b0a12327a008a883bc3edac562			FALSE_POSITIVE_TECHNICAL|PUBLIC_INSTITUTIONAL_DATA|SYNTHETIC_EXAMPLE|PERSONAL_DATA_PRESENT		PERSONAL_DATA_PRESENT				
PII_FINDING	P2_CANDIDATE	7c52f1db07bc1e666318ca3540fb8b41da4a93b0a12327a008a883bc3edac562	false			MOYEN				7bd8d27ef68cd0ab04fbf04dedbfbb074fb1c6f9aa8104e11739afc8c6ceba64	postal_address	2	NATIVE_TEXT	7c52f1db07bc1e666318ca3540fb8b41da4a93b0a12327a008a883bc3edac562			FALSE_POSITIVE_TECHNICAL|PUBLIC_INSTITUTIONAL_DATA|SYNTHETIC_EXAMPLE|PERSONAL_DATA_PRESENT		PERSONAL_DATA_PRESENT				
PII_FINDING	P2_CANDIDATE	7c52f1db07bc1e666318ca3540fb8b41da4a93b0a12327a008a883bc3edac562	false			MOYEN				9d79bb3f13648526c9d561e13fc1eee501a28de5b75dedb2ed82e354c4e92651	postal_address	1	NATIVE_TEXT	7c52f1db07bc1e666318ca3540fb8b41da4a93b0a12327a008a883bc3edac562			FALSE_POSITIVE_TECHNICAL|PUBLIC_INSTITUTIONAL_DATA|SYNTHETIC_EXAMPLE|PERSONAL_DATA_PRESENT		PERSONAL_DATA_PRESENT				
PII_FINDING	P2_CANDIDATE	7c52f1db07bc1e666318ca3540fb8b41da4a93b0a12327a008a883bc3edac562	false			MOYEN				da696051929de6aab42783ff3aa40f41a93c2481cad34a875a14c80b87225186	email_address	2	NATIVE_TEXT	7c52f1db07bc1e666318ca3540fb8b41da4a93b0a12327a008a883bc3edac562			FALSE_POSITIVE_TECHNICAL|PUBLIC_INSTITUTIONAL_DATA|SYNTHETIC_EXAMPLE|PERSONAL_DATA_PRESENT		PERSONAL_DATA_PRESENT				
PII_FINDING	P2_CANDIDATE	7c52f1db07bc1e666318ca3540fb8b41da4a93b0a12327a008a883bc3edac562	false			MOYEN				e99c549bb820b84da04b27b2597d3ee9d2814ccdc8a49fc8aba47584094d13b7	email_address	1	NATIVE_TEXT	7c52f1db07bc1e666318ca3540fb8b41da4a93b0a12327a008a883bc3edac562			FALSE_POSITIVE_TECHNICAL|PUBLIC_INSTITUTIONAL_DATA|SYNTHETIC_EXAMPLE|PERSONAL_DATA_PRESENT		PERSONAL_DATA_PRESENT				
PII_CONTENT	P2_CANDIDATE	7d9f6a625190ead80a5ac5fb3add8e139e3fb377932342d58309226d3631368f	false	presentation-du-programme-de-droit-aspects-didactiques-et-pedagogiques-pdf-1-26-mo--7d9f6a6251	01_EDUSCOL_OFFICIEL/STMG/PREMIERE/07_DIAPORAMAS_SUPPORTS/2019/presentation-du-programme-de-droit-aspects-didactiques-et-pedagogiques-pdf-1-26-mo--7d9f6a6251.pdf	MOYEN	email_address	1	11					7d9f6a625190ead80a5ac5fb3add8e139e3fb377932342d58309226d3631368f			PII_CLEARED|PII_REDACTION_REQUIRED|EXCLUDE_FROM_SERVABLE_SET|HUMAN_REVIEW_REQUIRED	EXCLUDE_FROM_SERVABLE_SET		PERSONAL_DATA_PRESENT	abenrhouma		Exclusion par précaution : 1 signalement(s) (email_address) non examinés individuellement, présumés données personnelles ; le contenu n'est pas servi.
PII_FINDING	P2_CANDIDATE	7d9f6a625190ead80a5ac5fb3add8e139e3fb377932342d58309226d3631368f	false			MOYEN				99597c12c6109a552abb06a098d1cf36b7fd54190951a34746f14029f463da8f	email_address	11	NATIVE_TEXT	7d9f6a625190ead80a5ac5fb3add8e139e3fb377932342d58309226d3631368f			FALSE_POSITIVE_TECHNICAL|PUBLIC_INSTITUTIONAL_DATA|SYNTHETIC_EXAMPLE|PERSONAL_DATA_PRESENT		PERSONAL_DATA_PRESENT				
PII_CONTENT	P2_CANDIDATE	7ff7c4886c7b2c564eccc6f8ec91314cccfe936003d51fa58cd152eb312757b5	false	convention-men-fntp-08-octobre-2018--7ff7c4886c	01_EDUSCOL_OFFICIEL/COLLEGE/CYCLE_4_TRANSVERSAL/TECHNOLOGIE/09_AUTRES/2018/convention-men-fntp-08-octobre-2018--7ff7c4886c.pdf	MOYEN	postal_address	1	1					7ff7c4886c7b2c564eccc6f8ec91314cccfe936003d51fa58cd152eb312757b5			PII_CLEARED|PII_REDACTION_REQUIRED|EXCLUDE_FROM_SERVABLE_SET|HUMAN_REVIEW_REQUIRED	EXCLUDE_FROM_SERVABLE_SET		PERSONAL_DATA_PRESENT	abenrhouma		Exclusion par précaution : 1 signalement(s) (postal_address) non examinés individuellement, présumés données personnelles ; le contenu n'est pas servi.
PII_FINDING	P2_CANDIDATE	7ff7c4886c7b2c564eccc6f8ec91314cccfe936003d51fa58cd152eb312757b5	false			MOYEN				1d9fbf45840debdfd770aa809a575863af2dbda46a246f1c847529236e225b4b	postal_address	1	NATIVE_TEXT	7ff7c4886c7b2c564eccc6f8ec91314cccfe936003d51fa58cd152eb312757b5			FALSE_POSITIVE_TECHNICAL|PUBLIC_INSTITUTIONAL_DATA|SYNTHETIC_EXAMPLE|PERSONAL_DATA_PRESENT		PERSONAL_DATA_PRESENT				
PII_CONTENT	P2_CANDIDATE	80b60094dbfc205cec6b7e29c0ac3ce713cc1c3efdf238aac418675379d51675	false	decouvrir-un-etablissement-labellise-e3d-niveau-3-deploiement--80b60094db	01_EDUSCOL_OFFICIEL/COLLEGE/CYCLE_4_TRANSVERSAL/PHYSIQUE_CHIMIE/07_DIAPORAMAS_SUPPORTS/2021/decouvrir-un-etablissement-labellise-e3d-niveau-3-deploiement--80b60094db.pdf	MOYEN	postal_address	1	1					80b60094dbfc205cec6b7e29c0ac3ce713cc1c3efdf238aac418675379d51675			PII_CLEARED|PII_REDACTION_REQUIRED|EXCLUDE_FROM_SERVABLE_SET|HUMAN_REVIEW_REQUIRED	EXCLUDE_FROM_SERVABLE_SET		PERSONAL_DATA_PRESENT	abenrhouma		Exclusion par précaution : 1 signalement(s) (postal_address) non examinés individuellement, présumés données personnelles ; le contenu n'est pas servi.
PII_FINDING	P2_CANDIDATE	80b60094dbfc205cec6b7e29c0ac3ce713cc1c3efdf238aac418675379d51675	false			MOYEN				01f246473aa9e9df2c3a41e718749e3a25659b688e8d63455bdc7c5eccc8cb24	postal_address	1	NATIVE_TEXT	80b60094dbfc205cec6b7e29c0ac3ce713cc1c3efdf238aac418675379d51675			FALSE_POSITIVE_TECHNICAL|PUBLIC_INSTITUTIONAL_DATA|SYNTHETIC_EXAMPLE|PERSONAL_DATA_PRESENT		PERSONAL_DATA_PRESENT				
PII_CONTENT	P2_CANDIDATE	8a8ec0edf81c51ca90c9c0f75154c7bf3303d550bb2c65dab74c46fd97b3cfd0	false	la-republique-a-l-ecole--8a8ec0edf8	01_EDUSCOL_OFFICIEL/LYCEE/TRANSVERSAL_MULTI_NIVEAUX/80_A_VERIFIER/EPS/09_AUTRES/2024/la-republique-a-l-ecole--8a8ec0edf8.pdf	MOYEN	postal_address	2	135|207					8a8ec0edf81c51ca90c9c0f75154c7bf3303d550bb2c65dab74c46fd97b3cfd0			PII_CLEARED|PII_REDACTION_REQUIRED|EXCLUDE_FROM_SERVABLE_SET|HUMAN_REVIEW_REQUIRED	EXCLUDE_FROM_SERVABLE_SET		PERSONAL_DATA_PRESENT	abenrhouma		Exclusion par précaution : 2 signalement(s) (postal_address) non examinés individuellement, présumés données personnelles ; le contenu n'est pas servi.
PII_FINDING	P2_CANDIDATE	8a8ec0edf81c51ca90c9c0f75154c7bf3303d550bb2c65dab74c46fd97b3cfd0	false			MOYEN				8b964188cf08e2fc2c5216d9f765a6c10d6081117e418f30370d3b1b63bc4079	postal_address	207	NATIVE_TEXT	8a8ec0edf81c51ca90c9c0f75154c7bf3303d550bb2c65dab74c46fd97b3cfd0			FALSE_POSITIVE_TECHNICAL|PUBLIC_INSTITUTIONAL_DATA|SYNTHETIC_EXAMPLE|PERSONAL_DATA_PRESENT		PERSONAL_DATA_PRESENT				
PII_FINDING	P2_CANDIDATE	8a8ec0edf81c51ca90c9c0f75154c7bf3303d550bb2c65dab74c46fd97b3cfd0	false			MOYEN				d33261e7f444caee04791bebad7ad7f4de95a457efdf2efdf4a916d236999ebe	postal_address	135	NATIVE_TEXT	8a8ec0edf81c51ca90c9c0f75154c7bf3303d550bb2c65dab74c46fd97b3cfd0			FALSE_POSITIVE_TECHNICAL|PUBLIC_INSTITUTIONAL_DATA|SYNTHETIC_EXAMPLE|PERSONAL_DATA_PRESENT		PERSONAL_DATA_PRESENT				
PII_CONTENT	P2_CANDIDATE	8d58582528e1a3c98465c8b2c1375ab5dc5662373cb6bff42c392d32ff6c5c69	false	inference-bayesienne-pdf-871-83-ko--8d58582528	01_EDUSCOL_OFFICIEL/LYCEE/TRANSVERSAL_MULTI_NIVEAUX/80_A_VERIFIER/ENSEIGNEMENT_SCIENTIFIQUE/09_AUTRES/2020/inference-bayesienne-pdf-871-83-ko--8d58582528.pdf	MOYEN	phone_french	2	3|4					8d58582528e1a3c98465c8b2c1375ab5dc5662373cb6bff42c392d32ff6c5c69			PII_CLEARED|PII_REDACTION_REQUIRED|EXCLUDE_FROM_SERVABLE_SET|HUMAN_REVIEW_REQUIRED	EXCLUDE_FROM_SERVABLE_SET		PERSONAL_DATA_PRESENT	abenrhouma		Exclusion par précaution : 2 signalement(s) (phone_french) non examinés individuellement, présumés données personnelles ; le contenu n'est pas servi.
PII_FINDING	P2_CANDIDATE	8d58582528e1a3c98465c8b2c1375ab5dc5662373cb6bff42c392d32ff6c5c69	false			MOYEN				ae4d39eb1122dbd07831a0f7ce03cf0abde2d1e348a90b822025175c11b5b959	phone_french	4	NATIVE_TEXT	8d58582528e1a3c98465c8b2c1375ab5dc5662373cb6bff42c392d32ff6c5c69			FALSE_POSITIVE_TECHNICAL|PUBLIC_INSTITUTIONAL_DATA|SYNTHETIC_EXAMPLE|PERSONAL_DATA_PRESENT		PERSONAL_DATA_PRESENT				
PII_FINDING	P2_CANDIDATE	8d58582528e1a3c98465c8b2c1375ab5dc5662373cb6bff42c392d32ff6c5c69	false			MOYEN				ec32378a52d03c04be3d354aa7835757cb8e38fcc9fe82b4f2b57c71dde60e19	phone_french	3	NATIVE_TEXT	8d58582528e1a3c98465c8b2c1375ab5dc5662373cb6bff42c392d32ff6c5c69			FALSE_POSITIVE_TECHNICAL|PUBLIC_INSTITUTIONAL_DATA|SYNTHETIC_EXAMPLE|PERSONAL_DATA_PRESENT		PERSONAL_DATA_PRESENT				
PII_CONTENT	P2_CANDIDATE	93c33ad88251b21c9fc46778f67582b13eb3cfb731a2c4ccf02d2f7cc1698f7a	false	adressage-ip-pdf-336-71-ko--93c33ad882	01_EDUSCOL_OFFICIEL/LYCEE/SECONDE/SNT/07_DIAPORAMAS_SUPPORTS/2019/adressage-ip-pdf-336-71-ko--93c33ad882.pdf	MOYEN	email_address|phone_french|postal_address|student_name_pattern	79	4|7|8|10|11|12|13|14|17|18|21|22|23|24|25					93c33ad88251b21c9fc46778f67582b13eb3cfb731a2c4ccf02d2f7cc1698f7a			PII_CLEARED|PII_REDACTION_REQUIRED|EXCLUDE_FROM_SERVABLE_SET|HUMAN_REVIEW_REQUIRED	EXCLUDE_FROM_SERVABLE_SET		PERSONAL_DATA_PRESENT	abenrhouma		Exclusion par précaution : 79 signalement(s) (email_address, phone_french, postal_address, student_name_pattern) non examinés individuellement, présumés données personnelles ; le contenu n'est pas servi.
PII_FINDING	P2_CANDIDATE	93c33ad88251b21c9fc46778f67582b13eb3cfb731a2c4ccf02d2f7cc1698f7a	false			MOYEN				02abd73d53b5e6d91067c5f310dd3da6e85d5b492d27164b9a4aabb7051038d4	phone_french	21	NATIVE_TEXT	93c33ad88251b21c9fc46778f67582b13eb3cfb731a2c4ccf02d2f7cc1698f7a			FALSE_POSITIVE_TECHNICAL|PUBLIC_INSTITUTIONAL_DATA|SYNTHETIC_EXAMPLE|PERSONAL_DATA_PRESENT		PERSONAL_DATA_PRESENT				
PII_FINDING	P2_CANDIDATE	93c33ad88251b21c9fc46778f67582b13eb3cfb731a2c4ccf02d2f7cc1698f7a	false			MOYEN				036d49755b9e2fcd7816ee1e1bcf197e44b1df0bb219d63e0c38954b6fefbcd1	email_address	17	NATIVE_TEXT	93c33ad88251b21c9fc46778f67582b13eb3cfb731a2c4ccf02d2f7cc1698f7a			FALSE_POSITIVE_TECHNICAL|PUBLIC_INSTITUTIONAL_DATA|SYNTHETIC_EXAMPLE|PERSONAL_DATA_PRESENT		PERSONAL_DATA_PRESENT				
PII_FINDING	P2_CANDIDATE	93c33ad88251b21c9fc46778f67582b13eb3cfb731a2c4ccf02d2f7cc1698f7a	false			MOYEN				07d350fe84e0e8352b3b7ef21d946b0335b9133741fea2d976843195e22afc09	email_address	7	NATIVE_TEXT	93c33ad88251b21c9fc46778f67582b13eb3cfb731a2c4ccf02d2f7cc1698f7a			FALSE_POSITIVE_TECHNICAL|PUBLIC_INSTITUTIONAL_DATA|SYNTHETIC_EXAMPLE|PERSONAL_DATA_PRESENT		PERSONAL_DATA_PRESENT				
PII_FINDING	P2_CANDIDATE	93c33ad88251b21c9fc46778f67582b13eb3cfb731a2c4ccf02d2f7cc1698f7a	false			MOYEN				07dd7544ad8d95d4a6d42bf869d2c7ca174f48fedcde46c8e00e85cd077f7e97	email_address	17	NATIVE_TEXT	93c33ad88251b21c9fc46778f67582b13eb3cfb731a2c4ccf02d2f7cc1698f7a			FALSE_POSITIVE_TECHNICAL|PUBLIC_INSTITUTIONAL_DATA|SYNTHETIC_EXAMPLE|PERSONAL_DATA_PRESENT		PERSONAL_DATA_PRESENT				
PII_FINDING	P2_CANDIDATE	93c33ad88251b21c9fc46778f67582b13eb3cfb731a2c4ccf02d2f7cc1698f7a	false			MOYEN				0a360ac7e9ddf8212415b3754219db618c1e0d02b33049447c1d4e85765224f5	email_address	7	NATIVE_TEXT	93c33ad88251b21c9fc46778f67582b13eb3cfb731a2c4ccf02d2f7cc1698f7a			FALSE_POSITIVE_TECHNICAL|PUBLIC_INSTITUTIONAL_DATA|SYNTHETIC_EXAMPLE|PERSONAL_DATA_PRESENT		PERSONAL_DATA_PRESENT				
PII_FINDING	P2_CANDIDATE	93c33ad88251b21c9fc46778f67582b13eb3cfb731a2c4ccf02d2f7cc1698f7a	false			MOYEN				0a4dc680c0cce4de658930f288e2dff82ce8a20cd53b1f97df8fb52791bfcee2	email_address	21	NATIVE_TEXT	93c33ad88251b21c9fc46778f67582b13eb3cfb731a2c4ccf02d2f7cc1698f7a			FALSE_POSITIVE_TECHNICAL|PUBLIC_INSTITUTIONAL_DATA|SYNTHETIC_EXAMPLE|PERSONAL_DATA_PRESENT		PERSONAL_DATA_PRESENT				
PII_FINDING	P2_CANDIDATE	93c33ad88251b21c9fc46778f67582b13eb3cfb731a2c4ccf02d2f7cc1698f7a	false			MOYEN				127a12706f163dfe561545469bb0f50ca2e239a4e2553538ad529339ce626745	email_address	21	NATIVE_TEXT	93c33ad88251b21c9fc46778f67582b13eb3cfb731a2c4ccf02d2f7cc1698f7a			FALSE_POSITIVE_TECHNICAL|PUBLIC_INSTITUTIONAL_DATA|SYNTHETIC_EXAMPLE|PERSONAL_DATA_PRESENT		PERSONAL_DATA_PRESENT				
PII_FINDING	P2_CANDIDATE	93c33ad88251b21c9fc46778f67582b13eb3cfb731a2c4ccf02d2f7cc1698f7a	false			MOYEN				1384a2f1ae36c16b3c0d144168b4357bbb05ca3dca164988518645afd03f0e04	email_address	8	NATIVE_TEXT	93c33ad88251b21c9fc46778f67582b13eb3cfb731a2c4ccf02d2f7cc1698f7a			FALSE_POSITIVE_TECHNICAL|PUBLIC_INSTITUTIONAL_DATA|SYNTHETIC_EXAMPLE|PERSONAL_DATA_PRESENT		PERSONAL_DATA_PRESENT				
PII_FINDING	P2_CANDIDATE	93c33ad88251b21c9fc46778f67582b13eb3cfb731a2c4ccf02d2f7cc1698f7a	false			MOYEN				1bf1e9d73ae8a7cb6bf9553a397fbcd9962c53727c75d70ec998cfefdfa0b72e	phone_french	8	NATIVE_TEXT	93c33ad88251b21c9fc46778f67582b13eb3cfb731a2c4ccf02d2f7cc1698f7a			FALSE_POSITIVE_TECHNICAL|PUBLIC_INSTITUTIONAL_DATA|SYNTHETIC_EXAMPLE|PERSONAL_DATA_PRESENT		PERSONAL_DATA_PRESENT				
PII_FINDING	P2_CANDIDATE	93c33ad88251b21c9fc46778f67582b13eb3cfb731a2c4ccf02d2f7cc1698f7a	false			MOYEN				1bfde51efc3f0e07d28c193ae9b00e7f4ebbf5812378734368daadd8aed63052	postal_address	14	NATIVE_TEXT	93c33ad88251b21c9fc46778f67582b13eb3cfb731a2c4ccf02d2f7cc1698f7a			FALSE_POSITIVE_TECHNICAL|PUBLIC_INSTITUTIONAL_DATA|SYNTHETIC_EXAMPLE|PERSONAL_DATA_PRESENT		PERSONAL_DATA_PRESENT				
PII_FINDING	P2_CANDIDATE	93c33ad88251b21c9fc46778f67582b13eb3cfb731a2c4ccf02d2f7cc1698f7a	false			MOYEN				1c8057ca06b59fc039c5a721e8ceed9560c81b8c979f9e67e15cb0860b3e7b09	phone_french	25	NATIVE_TEXT	93c33ad88251b21c9fc46778f67582b13eb3cfb731a2c4ccf02d2f7cc1698f7a			FALSE_POSITIVE_TECHNICAL|PUBLIC_INSTITUTIONAL_DATA|SYNTHETIC_EXAMPLE|PERSONAL_DATA_PRESENT		PERSONAL_DATA_PRESENT				
PII_FINDING	P2_CANDIDATE	93c33ad88251b21c9fc46778f67582b13eb3cfb731a2c4ccf02d2f7cc1698f7a	false			MOYEN				212952530fda95c132ec48e1898cb3f9676511c6de3a51349d97d6286838d1a2	email_address	17	NATIVE_TEXT	93c33ad88251b21c9fc46778f67582b13eb3cfb731a2c4ccf02d2f7cc1698f7a			FALSE_POSITIVE_TECHNICAL|PUBLIC_INSTITUTIONAL_DATA|SYNTHETIC_EXAMPLE|PERSONAL_DATA_PRESENT		PERSONAL_DATA_PRESENT				
PII_FINDING	P2_CANDIDATE	93c33ad88251b21c9fc46778f67582b13eb3cfb731a2c4ccf02d2f7cc1698f7a	false			MOYEN				2154c89bd4171d5563a5ac0cad9c0bb3d092ed646d02a44453ac36d744dd5e9b	phone_french	25	NATIVE_TEXT	93c33ad88251b21c9fc46778f67582b13eb3cfb731a2c4ccf02d2f7cc1698f7a			FALSE_POSITIVE_TECHNICAL|PUBLIC_INSTITUTIONAL_DATA|SYNTHETIC_EXAMPLE|PERSONAL_DATA_PRESENT		PERSONAL_DATA_PRESENT				
PII_FINDING	P2_CANDIDATE	93c33ad88251b21c9fc46778f67582b13eb3cfb731a2c4ccf02d2f7cc1698f7a	false			MOYEN				217dfc59ff5a1418d0ad7a972a711efa7fe009e1b152ab50f3d939a96f70682b	email_address	17	NATIVE_TEXT	93c33ad88251b21c9fc46778f67582b13eb3cfb731a2c4ccf02d2f7cc1698f7a			FALSE_POSITIVE_TECHNICAL|PUBLIC_INSTITUTIONAL_DATA|SYNTHETIC_EXAMPLE|PERSONAL_DATA_PRESENT		PERSONAL_DATA_PRESENT				
PII_FINDING	P2_CANDIDATE	93c33ad88251b21c9fc46778f67582b13eb3cfb731a2c4ccf02d2f7cc1698f7a	false			MOYEN				25a763e09368a2af11448ddbd5f1ebeb9f55df2bac22276da577262c0b0486e8	phone_french	17	NATIVE_TEXT	93c33ad88251b21c9fc46778f67582b13eb3cfb731a2c4ccf02d2f7cc1698f7a			FALSE_POSITIVE_TECHNICAL|PUBLIC_INSTITUTIONAL_DATA|SYNTHETIC_EXAMPLE|PERSONAL_DATA_PRESENT		PERSONAL_DATA_PRESENT				
PII_FINDING	P2_CANDIDATE	93c33ad88251b21c9fc46778f67582b13eb3cfb731a2c4ccf02d2f7cc1698f7a	false			MOYEN				2c107dcc1a448095030cf4969a40f83e9c7d659f407d942b2fe0fc403d7a5efb	email_address	7	NATIVE_TEXT	93c33ad88251b21c9fc46778f67582b13eb3cfb731a2c4ccf02d2f7cc1698f7a			FALSE_POSITIVE_TECHNICAL|PUBLIC_INSTITUTIONAL_DATA|SYNTHETIC_EXAMPLE|PERSONAL_DATA_PRESENT		PERSONAL_DATA_PRESENT				
PII_FINDING	P2_CANDIDATE	93c33ad88251b21c9fc46778f67582b13eb3cfb731a2c4ccf02d2f7cc1698f7a	false			MOYEN				2fa50aae2d2baaaa2bfc8bc15b6f67c4158b2c0f74e9e4cffda486646ecb355d	email_address	21	NATIVE_TEXT	93c33ad88251b21c9fc46778f67582b13eb3cfb731a2c4ccf02d2f7cc1698f7a			FALSE_POSITIVE_TECHNICAL|PUBLIC_INSTITUTIONAL_DATA|SYNTHETIC_EXAMPLE|PERSONAL_DATA_PRESENT		PERSONAL_DATA_PRESENT				
PII_FINDING	P2_CANDIDATE	93c33ad88251b21c9fc46778f67582b13eb3cfb731a2c4ccf02d2f7cc1698f7a	false			MOYEN				3165c0760e9c13cd306a4f38ca5e2084efca0fee3892a12b0415bebc1ee92beb	phone_french	10	NATIVE_TEXT	93c33ad88251b21c9fc46778f67582b13eb3cfb731a2c4ccf02d2f7cc1698f7a			FALSE_POSITIVE_TECHNICAL|PUBLIC_INSTITUTIONAL_DATA|SYNTHETIC_EXAMPLE|PERSONAL_DATA_PRESENT		PERSONAL_DATA_PRESENT				
PII_FINDING	P2_CANDIDATE	93c33ad88251b21c9fc46778f67582b13eb3cfb731a2c4ccf02d2f7cc1698f7a	false			MOYEN				328d6d0cc8a7044eab0891e2548b9a1805ccd0fc2969312639ae530075956d60	email_address	21	NATIVE_TEXT	93c33ad88251b21c9fc46778f67582b13eb3cfb731a2c4ccf02d2f7cc1698f7a			FALSE_POSITIVE_TECHNICAL|PUBLIC_INSTITUTIONAL_DATA|SYNTHETIC_EXAMPLE|PERSONAL_DATA_PRESENT		PERSONAL_DATA_PRESENT				
PII_FINDING	P2_CANDIDATE	93c33ad88251b21c9fc46778f67582b13eb3cfb731a2c4ccf02d2f7cc1698f7a	false			MOYEN				32bf395952da9f4918873c0e5368bfcd940794db3f148d2511f26700e576fb83	phone_french	25	NATIVE_TEXT	93c33ad88251b21c9fc46778f67582b13eb3cfb731a2c4ccf02d2f7cc1698f7a			FALSE_POSITIVE_TECHNICAL|PUBLIC_INSTITUTIONAL_DATA|SYNTHETIC_EXAMPLE|PERSONAL_DATA_PRESENT		PERSONAL_DATA_PRESENT				
PII_FINDING	P2_CANDIDATE	93c33ad88251b21c9fc46778f67582b13eb3cfb731a2c4ccf02d2f7cc1698f7a	false			MOYEN				3bd03d1c69a853bc3dd7aafb8a1a93d7b2dfaba6196d3bf0240ce4b78b972313	student_name_pattern	14	NATIVE_TEXT	93c33ad88251b21c9fc46778f67582b13eb3cfb731a2c4ccf02d2f7cc1698f7a			FALSE_POSITIVE_TECHNICAL|PUBLIC_INSTITUTIONAL_DATA|SYNTHETIC_EXAMPLE|PERSONAL_DATA_PRESENT		PERSONAL_DATA_PRESENT				
PII_FINDING	P2_CANDIDATE	93c33ad88251b21c9fc46778f67582b13eb3cfb731a2c4ccf02d2f7cc1698f7a	false			MOYEN				3e06a5eacd287b863007d21366d1ce3554bfc91c30609e118ff6171b88b94805	email_address	8	NATIVE_TEXT	93c33ad88251b21c9fc46778f67582b13eb3cfb731a2c4ccf02d2f7cc1698f7a			FALSE_POSITIVE_TECHNICAL|PUBLIC_INSTITUTIONAL_DATA|SYNTHETIC_EXAMPLE|PERSONAL_DATA_PRESENT		PERSONAL_DATA_PRESENT				
PII_FINDING	P2_CANDIDATE	93c33ad88251b21c9fc46778f67582b13eb3cfb731a2c4ccf02d2f7cc1698f7a	false			MOYEN				3e7782b7569fd94134d2b57a9b5d265b8746c74636378d285e1acc28d36bbc18	email_address	8	NATIVE_TEXT	93c33ad88251b21c9fc46778f67582b13eb3cfb731a2c4ccf02d2f7cc1698f7a			FALSE_POSITIVE_TECHNICAL|PUBLIC_INSTITUTIONAL_DATA|SYNTHETIC_EXAMPLE|PERSONAL_DATA_PRESENT		PERSONAL_DATA_PRESENT				
PII_FINDING	P2_CANDIDATE	93c33ad88251b21c9fc46778f67582b13eb3cfb731a2c4ccf02d2f7cc1698f7a	false			MOYEN				42b0b027c8484bdb0fe2938b3efb8be64bbb7002f7d16ce68dadb2f72249ace8	email_address	18	NATIVE_TEXT	93c33ad88251b21c9fc46778f67582b13eb3cfb731a2c4ccf02d2f7cc1698f7a			FALSE_POSITIVE_TECHNICAL|PUBLIC_INSTITUTIONAL_DATA|SYNTHETIC_EXAMPLE|PERSONAL_DATA_PRESENT		PERSONAL_DATA_PRESENT				
PII_FINDING	P2_CANDIDATE	93c33ad88251b21c9fc46778f67582b13eb3cfb731a2c4ccf02d2f7cc1698f7a	false			MOYEN				46cfbd466936dc360ed63a3c41bcfa99d6a20e26455367d3f31736462d9ee576	phone_french	25	NATIVE_TEXT	93c33ad88251b21c9fc46778f67582b13eb3cfb731a2c4ccf02d2f7cc1698f7a			FALSE_POSITIVE_TECHNICAL|PUBLIC_INSTITUTIONAL_DATA|SYNTHETIC_EXAMPLE|PERSONAL_DATA_PRESENT		PERSONAL_DATA_PRESENT				
PII_FINDING	P2_CANDIDATE	93c33ad88251b21c9fc46778f67582b13eb3cfb731a2c4ccf02d2f7cc1698f7a	false			MOYEN				53eadcf5e8f876322e473ee177ba8ed4c889c80746af62b6247f0eccdcadaae3	postal_address	23	NATIVE_TEXT	93c33ad88251b21c9fc46778f67582b13eb3cfb731a2c4ccf02d2f7cc1698f7a			FALSE_POSITIVE_TECHNICAL|PUBLIC_INSTITUTIONAL_DATA|SYNTHETIC_EXAMPLE|PERSONAL_DATA_PRESENT		PERSONAL_DATA_PRESENT				
PII_FINDING	P2_CANDIDATE	93c33ad88251b21c9fc46778f67582b13eb3cfb731a2c4ccf02d2f7cc1698f7a	false			MOYEN				54d93d778e051a64a485d624b0d3cb5e59fe1213c529441310bd750a2c7ab10a	email_address	11	NATIVE_TEXT	93c33ad88251b21c9fc46778f67582b13eb3cfb731a2c4ccf02d2f7cc1698f7a			FALSE_POSITIVE_TECHNICAL|PUBLIC_INSTITUTIONAL_DATA|SYNTHETIC_EXAMPLE|PERSONAL_DATA_PRESENT		PERSONAL_DATA_PRESENT				
PII_FINDING	P2_CANDIDATE	93c33ad88251b21c9fc46778f67582b13eb3cfb731a2c4ccf02d2f7cc1698f7a	false			MOYEN				5557bc6e00cdc5b151d0fd58973eb5edfd6869222ee9dd3ba075ed253211489b	email_address	21	NATIVE_TEXT	93c33ad88251b21c9fc46778f67582b13eb3cfb731a2c4ccf02d2f7cc1698f7a			FALSE_POSITIVE_TECHNICAL|PUBLIC_INSTITUTIONAL_DATA|SYNTHETIC_EXAMPLE|PERSONAL_DATA_PRESENT		PERSONAL_DATA_PRESENT				
PII_FINDING	P2_CANDIDATE	93c33ad88251b21c9fc46778f67582b13eb3cfb731a2c4ccf02d2f7cc1698f7a	false			MOYEN				5c0ffaf07e7da8cdc4582a5b60e138daa1fd71aba5ca314487d1840917570206	phone_french	10	NATIVE_TEXT	93c33ad88251b21c9fc46778f67582b13eb3cfb731a2c4ccf02d2f7cc1698f7a			FALSE_POSITIVE_TECHNICAL|PUBLIC_INSTITUTIONAL_DATA|SYNTHETIC_EXAMPLE|PERSONAL_DATA_PRESENT		PERSONAL_DATA_PRESENT				
PII_FINDING	P2_CANDIDATE	93c33ad88251b21c9fc46778f67582b13eb3cfb731a2c4ccf02d2f7cc1698f7a	false			MOYEN				5ebacc9564fbaa484e63f534621bea683a2e98014c54b86b3677fabd34f7f22b	phone_french	12	NATIVE_TEXT	93c33ad88251b21c9fc46778f67582b13eb3cfb731a2c4ccf02d2f7cc1698f7a			FALSE_POSITIVE_TECHNICAL|PUBLIC_INSTITUTIONAL_DATA|SYNTHETIC_EXAMPLE|PERSONAL_DATA_PRESENT		PERSONAL_DATA_PRESENT				
PII_FINDING	P2_CANDIDATE	93c33ad88251b21c9fc46778f67582b13eb3cfb731a2c4ccf02d2f7cc1698f7a	false			MOYEN				5f4cfa0978aab4a78e534253f8b6b4c09002880c0e06997741fa526e54222e4d	email_address	17	NATIVE_TEXT	93c33ad88251b21c9fc46778f67582b13eb3cfb731a2c4ccf02d2f7cc1698f7a			FALSE_POSITIVE_TECHNICAL|PUBLIC_INSTITUTIONAL_DATA|SYNTHETIC_EXAMPLE|PERSONAL_DATA_PRESENT		PERSONAL_DATA_PRESENT				
PII_FINDING	P2_CANDIDATE	93c33ad88251b21c9fc46778f67582b13eb3cfb731a2c4ccf02d2f7cc1698f7a	false			MOYEN				5f6baab8416fee68293be701554a73ca301a950e9f62255b3d214c5bba18a79e	phone_french	8	NATIVE_TEXT	93c33ad88251b21c9fc46778f67582b13eb3cfb731a2c4ccf02d2f7cc1698f7a			FALSE_POSITIVE_TECHNICAL|PUBLIC_INSTITUTIONAL_DATA|SYNTHETIC_EXAMPLE|PERSONAL_DATA_PRESENT		PERSONAL_DATA_PRESENT				
PII_FINDING	P2_CANDIDATE	93c33ad88251b21c9fc46778f67582b13eb3cfb731a2c4ccf02d2f7cc1698f7a	false			MOYEN				61af8bacdb5bbb3596d350de3b0aefe49032266359288ccd50589373f89eb900	email_address	21	NATIVE_TEXT	93c33ad88251b21c9fc46778f67582b13eb3cfb731a2c4ccf02d2f7cc1698f7a			FALSE_POSITIVE_TECHNICAL|PUBLIC_INSTITUTIONAL_DATA|SYNTHETIC_EXAMPLE|PERSONAL_DATA_PRESENT		PERSONAL_DATA_PRESENT				
PII_FINDING	P2_CANDIDATE	93c33ad88251b21c9fc46778f67582b13eb3cfb731a2c4ccf02d2f7cc1698f7a	false			MOYEN				63c95042eeb3a06b7bda5c06df467b34ad53984a1c6b06be4ba9d71553d8544a	email_address	7	NATIVE_TEXT	93c33ad88251b21c9fc46778f67582b13eb3cfb731a2c4ccf02d2f7cc1698f7a			FALSE_POSITIVE_TECHNICAL|PUBLIC_INSTITUTIONAL_DATA|SYNTHETIC_EXAMPLE|PERSONAL_DATA_PRESENT		PERSONAL_DATA_PRESENT				
PII_FINDING	P2_CANDIDATE	93c33ad88251b21c9fc46778f67582b13eb3cfb731a2c4ccf02d2f7cc1698f7a	false			MOYEN				655cd7599af22d5ddc98c75182107e846a7efdcc7873daaae451ebf2dd331bd6	phone_french	22	NATIVE_TEXT	93c33ad88251b21c9fc46778f67582b13eb3cfb731a2c4ccf02d2f7cc1698f7a			FALSE_POSITIVE_TECHNICAL|PUBLIC_INSTITUTIONAL_DATA|SYNTHETIC_EXAMPLE|PERSONAL_DATA_PRESENT		PERSONAL_DATA_PRESENT				
PII_FINDING	P2_CANDIDATE	93c33ad88251b21c9fc46778f67582b13eb3cfb731a2c4ccf02d2f7cc1698f7a	false			MOYEN				65847872e8cf811a8d28acf0bb67619f718239589a7d086d5ea31a982582183c	email_address	17	NATIVE_TEXT	93c33ad88251b21c9fc46778f67582b13eb3cfb731a2c4ccf02d2f7cc1698f7a			FALSE_POSITIVE_TECHNICAL|PUBLIC_INSTITUTIONAL_DATA|SYNTHETIC_EXAMPLE|PERSONAL_DATA_PRESENT		PERSONAL_DATA_PRESENT				
PII_FINDING	P2_CANDIDATE	93c33ad88251b21c9fc46778f67582b13eb3cfb731a2c4ccf02d2f7cc1698f7a	false			MOYEN				679d0c0a78c2d31515c17f8053c56168097de985430abd472098793195b5b90e	email_address	8	NATIVE_TEXT	93c33ad88251b21c9fc46778f67582b13eb3cfb731a2c4ccf02d2f7cc1698f7a			FALSE_POSITIVE_TECHNICAL|PUBLIC_INSTITUTIONAL_DATA|SYNTHETIC_EXAMPLE|PERSONAL_DATA_PRESENT		PERSONAL_DATA_PRESENT				
PII_FINDING	P2_CANDIDATE	93c33ad88251b21c9fc46778f67582b13eb3cfb731a2c4ccf02d2f7cc1698f7a	false			MOYEN				7347a9303c785a8c912ce3ce85006481491415e4bf057a70336fb1c834e48156	phone_french	25	NATIVE_TEXT	93c33ad88251b21c9fc46778f67582b13eb3cfb731a2c4ccf02d2f7cc1698f7a			FALSE_POSITIVE_TECHNICAL|PUBLIC_INSTITUTIONAL_DATA|SYNTHETIC_EXAMPLE|PERSONAL_DATA_PRESENT		PERSONAL_DATA_PRESENT				
PII_FINDING	P2_CANDIDATE	93c33ad88251b21c9fc46778f67582b13eb3cfb731a2c4ccf02d2f7cc1698f7a	false			MOYEN				75cd29c4d03d2400c34e941772d776aaf5f88a744096d3dbd1c6efafefe3c657	phone_french	22	NATIVE_TEXT	93c33ad88251b21c9fc46778f67582b13eb3cfb731a2c4ccf02d2f7cc1698f7a			FALSE_POSITIVE_TECHNICAL|PUBLIC_INSTITUTIONAL_DATA|SYNTHETIC_EXAMPLE|PERSONAL_DATA_PRESENT		PERSONAL_DATA_PRESENT				
PII_FINDING	P2_CANDIDATE	93c33ad88251b21c9fc46778f67582b13eb3cfb731a2c4ccf02d2f7cc1698f7a	false			MOYEN				7c90d9d8b5611fa474e4072499e6d534ea0139bf07d37c4b09b490b029081d0c	email_address	4	NATIVE_TEXT	93c33ad88251b21c9fc46778f67582b13eb3cfb731a2c4ccf02d2f7cc1698f7a			FALSE_POSITIVE_TECHNICAL|PUBLIC_INSTITUTIONAL_DATA|SYNTHETIC_EXAMPLE|PERSONAL_DATA_PRESENT		PERSONAL_DATA_PRESENT				
PII_FINDING	P2_CANDIDATE	93c33ad88251b21c9fc46778f67582b13eb3cfb731a2c4ccf02d2f7cc1698f7a	false			MOYEN				7d698eb8630c66e17be03b5c87bc64a24c907de7456b2ac8daec4726b7d43f18	phone_french	22	NATIVE_TEXT	93c33ad88251b21c9fc46778f67582b13eb3cfb731a2c4ccf02d2f7cc1698f7a			FALSE_POSITIVE_TECHNICAL|PUBLIC_INSTITUTIONAL_DATA|SYNTHETIC_EXAMPLE|PERSONAL_DATA_PRESENT		PERSONAL_DATA_PRESENT				
PII_FINDING	P2_CANDIDATE	93c33ad88251b21c9fc46778f67582b13eb3cfb731a2c4ccf02d2f7cc1698f7a	false			MOYEN				815791242b1a904082979ab4a2e77c622e5230deeaeceae9b7971edbf3a6d3e4	phone_french	25	NATIVE_TEXT	93c33ad88251b21c9fc46778f67582b13eb3cfb731a2c4ccf02d2f7cc1698f7a			FALSE_POSITIVE_TECHNICAL|PUBLIC_INSTITUTIONAL_DATA|SYNTHETIC_EXAMPLE|PERSONAL_DATA_PRESENT		PERSONAL_DATA_PRESENT				
PII_FINDING	P2_CANDIDATE	93c33ad88251b21c9fc46778f67582b13eb3cfb731a2c4ccf02d2f7cc1698f7a	false			MOYEN				8980c874d05fae62946d9209e6d2623ee9cd04313fa1ca28e9c9700120c4c09b	phone_french	25	NATIVE_TEXT	93c33ad88251b21c9fc46778f67582b13eb3cfb731a2c4ccf02d2f7cc1698f7a			FALSE_POSITIVE_TECHNICAL|PUBLIC_INSTITUTIONAL_DATA|SYNTHETIC_EXAMPLE|PERSONAL_DATA_PRESENT		PERSONAL_DATA_PRESENT				
PII_FINDING	P2_CANDIDATE	93c33ad88251b21c9fc46778f67582b13eb3cfb731a2c4ccf02d2f7cc1698f7a	false			MOYEN				89ac082d092196c918060504aa1c76b2b8a736f5bc8029479f5f633a63b1a906	phone_french	22	NATIVE_TEXT	93c33ad88251b21c9fc46778f67582b13eb3cfb731a2c4ccf02d2f7cc1698f7a			FALSE_POSITIVE_TECHNICAL|PUBLIC_INSTITUTIONAL_DATA|SYNTHETIC_EXAMPLE|PERSONAL_DATA_PRESENT		PERSONAL_DATA_PRESENT				
PII_FINDING	P2_CANDIDATE	93c33ad88251b21c9fc46778f67582b13eb3cfb731a2c4ccf02d2f7cc1698f7a	false			MOYEN				8a4e43ab60fb767c80d179d4d08ef0766eba68894ce0834ebee42420093998d2	email_address	17	NATIVE_TEXT	93c33ad88251b21c9fc46778f67582b13eb3cfb731a2c4ccf02d2f7cc1698f7a			FALSE_POSITIVE_TECHNICAL|PUBLIC_INSTITUTIONAL_DATA|SYNTHETIC_EXAMPLE|PERSONAL_DATA_PRESENT		PERSONAL_DATA_PRESENT				
PII_FINDING	P2_CANDIDATE	93c33ad88251b21c9fc46778f67582b13eb3cfb731a2c4ccf02d2f7cc1698f7a	false			MOYEN				8b16f103dc8a9d67fdeae37a6d967103f6645eb90475ac340b5638bda6bbcb76	phone_french	8	NATIVE_TEXT	93c33ad88251b21c9fc46778f67582b13eb3cfb731a2c4ccf02d2f7cc1698f7a			FALSE_POSITIVE_TECHNICAL|PUBLIC_INSTITUTIONAL_DATA|SYNTHETIC_EXAMPLE|PERSONAL_DATA_PRESENT		PERSONAL_DATA_PRESENT				
PII_FINDING	P2_CANDIDATE	93c33ad88251b21c9fc46778f67582b13eb3cfb731a2c4ccf02d2f7cc1698f7a	false			MOYEN				8c6883415233aeb33359e8eab1ca655f349d2bd63e048886724ffab61f7b712b	email_address	7	NATIVE_TEXT	93c33ad88251b21c9fc46778f67582b13eb3cfb731a2c4ccf02d2f7cc1698f7a			FALSE_POSITIVE_TECHNICAL|PUBLIC_INSTITUTIONAL_DATA|SYNTHETIC_EXAMPLE|PERSONAL_DATA_PRESENT		PERSONAL_DATA_PRESENT				
PII_FINDING	P2_CANDIDATE	93c33ad88251b21c9fc46778f67582b13eb3cfb731a2c4ccf02d2f7cc1698f7a	false			MOYEN				8f7d22dd5b199e1f68ec41623adc27d05c676154157c5dce60a7a066434425b7	email_address	17	NATIVE_TEXT	93c33ad88251b21c9fc46778f67582b13eb3cfb731a2c4ccf02d2f7cc1698f7a			FALSE_POSITIVE_TECHNICAL|PUBLIC_INSTITUTIONAL_DATA|SYNTHETIC_EXAMPLE|PERSONAL_DATA_PRESENT		PERSONAL_DATA_PRESENT				
PII_FINDING	P2_CANDIDATE	93c33ad88251b21c9fc46778f67582b13eb3cfb731a2c4ccf02d2f7cc1698f7a	false			MOYEN				964e2797fdf85196fb25089ecd72cd170c6ae183cb4c27c93bea18c4205b286b	email_address	21	NATIVE_TEXT	93c33ad88251b21c9fc46778f67582b13eb3cfb731a2c4ccf02d2f7cc1698f7a			FALSE_POSITIVE_TECHNICAL|PUBLIC_INSTITUTIONAL_DATA|SYNTHETIC_EXAMPLE|PERSONAL_DATA_PRESENT		PERSONAL_DATA_PRESENT				
PII_FINDING	P2_CANDIDATE	93c33ad88251b21c9fc46778f67582b13eb3cfb731a2c4ccf02d2f7cc1698f7a	false			MOYEN				9702fa0954da0129519a2ca02299aa30ff29547b4b0d5aaed1ac098ca90664ce	student_name_pattern	13	NATIVE_TEXT	93c33ad88251b21c9fc46778f67582b13eb3cfb731a2c4ccf02d2f7cc1698f7a			FALSE_POSITIVE_TECHNICAL|PUBLIC_INSTITUTIONAL_DATA|SYNTHETIC_EXAMPLE|PERSONAL_DATA_PRESENT		PERSONAL_DATA_PRESENT				
PII_FINDING	P2_CANDIDATE	93c33ad88251b21c9fc46778f67582b13eb3cfb731a2c4ccf02d2f7cc1698f7a	false			MOYEN				9afcc87287ec96a93950442b34db86e6a204d178a3ec2d1715e685b47ca1cb06	postal_address	14	NATIVE_TEXT	93c33ad88251b21c9fc46778f67582b13eb3cfb731a2c4ccf02d2f7cc1698f7a			FALSE_POSITIVE_TECHNICAL|PUBLIC_INSTITUTIONAL_DATA|SYNTHETIC_EXAMPLE|PERSONAL_DATA_PRESENT		PERSONAL_DATA_PRESENT				
PII_FINDING	P2_CANDIDATE	93c33ad88251b21c9fc46778f67582b13eb3cfb731a2c4ccf02d2f7cc1698f7a	false			MOYEN				9cc7a67b268aa22ab13cb409f2d8f4a69df162541e35df247c8943ecd3a2d09b	email_address	7	NATIVE_TEXT	93c33ad88251b21c9fc46778f67582b13eb3cfb731a2c4ccf02d2f7cc1698f7a			FALSE_POSITIVE_TECHNICAL|PUBLIC_INSTITUTIONAL_DATA|SYNTHETIC_EXAMPLE|PERSONAL_DATA_PRESENT		PERSONAL_DATA_PRESENT				
PII_FINDING	P2_CANDIDATE	93c33ad88251b21c9fc46778f67582b13eb3cfb731a2c4ccf02d2f7cc1698f7a	false			MOYEN				9f82da3153457521edfc26493e31623276c08fbb88a4bf1f0ccc997adcbad52b	email_address	8	NATIVE_TEXT	93c33ad88251b21c9fc46778f67582b13eb3cfb731a2c4ccf02d2f7cc1698f7a			FALSE_POSITIVE_TECHNICAL|PUBLIC_INSTITUTIONAL_DATA|SYNTHETIC_EXAMPLE|PERSONAL_DATA_PRESENT		PERSONAL_DATA_PRESENT				
PII_FINDING	P2_CANDIDATE	93c33ad88251b21c9fc46778f67582b13eb3cfb731a2c4ccf02d2f7cc1698f7a	false			MOYEN				a6fe5e28793ee29a940dc3c5dd3779b8781ae3c6215ee7d8ff1a57ac34097754	phone_french	24	NATIVE_TEXT	93c33ad88251b21c9fc46778f67582b13eb3cfb731a2c4ccf02d2f7cc1698f7a			FALSE_POSITIVE_TECHNICAL|PUBLIC_INSTITUTIONAL_DATA|SYNTHETIC_EXAMPLE|PERSONAL_DATA_PRESENT		PERSONAL_DATA_PRESENT				
PII_FINDING	P2_CANDIDATE	93c33ad88251b21c9fc46778f67582b13eb3cfb731a2c4ccf02d2f7cc1698f7a	false			MOYEN				aca35cf1e7b9adf48ad97a68cfde23009002739ce138791065a61e6a9fbe4cbc	phone_french	25	NATIVE_TEXT	93c33ad88251b21c9fc46778f67582b13eb3cfb731a2c4ccf02d2f7cc1698f7a			FALSE_POSITIVE_TECHNICAL|PUBLIC_INSTITUTIONAL_DATA|SYNTHETIC_EXAMPLE|PERSONAL_DATA_PRESENT		PERSONAL_DATA_PRESENT				
PII_FINDING	P2_CANDIDATE	93c33ad88251b21c9fc46778f67582b13eb3cfb731a2c4ccf02d2f7cc1698f7a	false			MOYEN				ade4d75eb42bb96bd1c3a803aeb4be9faaf8acb5a29bc0ea3c649052641daeda	phone_french	7	NATIVE_TEXT	93c33ad88251b21c9fc46778f67582b13eb3cfb731a2c4ccf02d2f7cc1698f7a			FALSE_POSITIVE_TECHNICAL|PUBLIC_INSTITUTIONAL_DATA|SYNTHETIC_EXAMPLE|PERSONAL_DATA_PRESENT		PERSONAL_DATA_PRESENT				
PII_FINDING	P2_CANDIDATE	93c33ad88251b21c9fc46778f67582b13eb3cfb731a2c4ccf02d2f7cc1698f7a	false			MOYEN				af2c8a916fdf6cf997f470f77f7f5a9cfa14c12aad9fb1c296f6e25f73e3cff3	phone_french	25	NATIVE_TEXT	93c33ad88251b21c9fc46778f67582b13eb3cfb731a2c4ccf02d2f7cc1698f7a			FALSE_POSITIVE_TECHNICAL|PUBLIC_INSTITUTIONAL_DATA|SYNTHETIC_EXAMPLE|PERSONAL_DATA_PRESENT		PERSONAL_DATA_PRESENT				
PII_FINDING	P2_CANDIDATE	93c33ad88251b21c9fc46778f67582b13eb3cfb731a2c4ccf02d2f7cc1698f7a	false			MOYEN				b40493e8b36a7e20cc97f64dfce32584c6cb8e91f7cbd576352ccdb44752c549	email_address	8	NATIVE_TEXT	93c33ad88251b21c9fc46778f67582b13eb3cfb731a2c4ccf02d2f7cc1698f7a			FALSE_POSITIVE_TECHNICAL|PUBLIC_INSTITUTIONAL_DATA|SYNTHETIC_EXAMPLE|PERSONAL_DATA_PRESENT		PERSONAL_DATA_PRESENT				
PII_FINDING	P2_CANDIDATE	93c33ad88251b21c9fc46778f67582b13eb3cfb731a2c4ccf02d2f7cc1698f7a	false			MOYEN				b71bb7626973bf10d275b5222417ecb1d41bf7c2879fe75fae30a5c21564e7e2	phone_french	25	NATIVE_TEXT	93c33ad88251b21c9fc46778f67582b13eb3cfb731a2c4ccf02d2f7cc1698f7a			FALSE_POSITIVE_TECHNICAL|PUBLIC_INSTITUTIONAL_DATA|SYNTHETIC_EXAMPLE|PERSONAL_DATA_PRESENT		PERSONAL_DATA_PRESENT				
PII_FINDING	P2_CANDIDATE	93c33ad88251b21c9fc46778f67582b13eb3cfb731a2c4ccf02d2f7cc1698f7a	false			MOYEN				c076a6a5e8f5e5ae6862a707094b90b5cfaf9d4b46145b2b34ef82a8bc92be00	phone_french	25	NATIVE_TEXT	93c33ad88251b21c9fc46778f67582b13eb3cfb731a2c4ccf02d2f7cc1698f7a			FALSE_POSITIVE_TECHNICAL|PUBLIC_INSTITUTIONAL_DATA|SYNTHETIC_EXAMPLE|PERSONAL_DATA_PRESENT		PERSONAL_DATA_PRESENT				
PII_FINDING	P2_CANDIDATE	93c33ad88251b21c9fc46778f67582b13eb3cfb731a2c4ccf02d2f7cc1698f7a	false			MOYEN				c12e05a11676454f22588ed3b50d2f6a73495f98ef1784a202d2ddc1c1e84983	phone_french	22	NATIVE_TEXT	93c33ad88251b21c9fc46778f67582b13eb3cfb731a2c4ccf02d2f7cc1698f7a			FALSE_POSITIVE_TECHNICAL|PUBLIC_INSTITUTIONAL_DATA|SYNTHETIC_EXAMPLE|PERSONAL_DATA_PRESENT		PERSONAL_DATA_PRESENT				
PII_FINDING	P2_CANDIDATE	93c33ad88251b21c9fc46778f67582b13eb3cfb731a2c4ccf02d2f7cc1698f7a	false			MOYEN				c20446cb55811cbe8e16db4fcfa3b783a2836f65556b8a57eb0f0ab7e82b4cf1	email_address	18	NATIVE_TEXT	93c33ad88251b21c9fc46778f67582b13eb3cfb731a2c4ccf02d2f7cc1698f7a			FALSE_POSITIVE_TECHNICAL|PUBLIC_INSTITUTIONAL_DATA|SYNTHETIC_EXAMPLE|PERSONAL_DATA_PRESENT		PERSONAL_DATA_PRESENT				
PII_FINDING	P2_CANDIDATE	93c33ad88251b21c9fc46778f67582b13eb3cfb731a2c4ccf02d2f7cc1698f7a	false			MOYEN				c29a06ccf3ccaf21ca634fc526677db01d0edfa0952582c2f6437785c77a2292	phone_french	8	NATIVE_TEXT	93c33ad88251b21c9fc46778f67582b13eb3cfb731a2c4ccf02d2f7cc1698f7a			FALSE_POSITIVE_TECHNICAL|PUBLIC_INSTITUTIONAL_DATA|SYNTHETIC_EXAMPLE|PERSONAL_DATA_PRESENT		PERSONAL_DATA_PRESENT				
PII_FINDING	P2_CANDIDATE	93c33ad88251b21c9fc46778f67582b13eb3cfb731a2c4ccf02d2f7cc1698f7a	false			MOYEN				cc6ff4cc7255256f1fa218e2e0c74ba8eb7d4b23527b13e2c0369c1424b29fbc	phone_french	21	NATIVE_TEXT	93c33ad88251b21c9fc46778f67582b13eb3cfb731a2c4ccf02d2f7cc1698f7a			FALSE_POSITIVE_TECHNICAL|PUBLIC_INSTITUTIONAL_DATA|SYNTHETIC_EXAMPLE|PERSONAL_DATA_PRESENT		PERSONAL_DATA_PRESENT				
PII_FINDING	P2_CANDIDATE	93c33ad88251b21c9fc46778f67582b13eb3cfb731a2c4ccf02d2f7cc1698f7a	false			MOYEN				d06651a03dc2d8acff1588fabc613606108a0e8a6da349fefdbcc87ba141b338	email_address	21	NATIVE_TEXT	93c33ad88251b21c9fc46778f67582b13eb3cfb731a2c4ccf02d2f7cc1698f7a			FALSE_POSITIVE_TECHNICAL|PUBLIC_INSTITUTIONAL_DATA|SYNTHETIC_EXAMPLE|PERSONAL_DATA_PRESENT		PERSONAL_DATA_PRESENT				
PII_FINDING	P2_CANDIDATE	93c33ad88251b21c9fc46778f67582b13eb3cfb731a2c4ccf02d2f7cc1698f7a	false			MOYEN				d0fc8cc7d8262dc55e56b25a2d6bba48c65a4a8cbfe771d1d8a614d57d181e24	student_name_pattern	14	NATIVE_TEXT	93c33ad88251b21c9fc46778f67582b13eb3cfb731a2c4ccf02d2f7cc1698f7a			FALSE_POSITIVE_TECHNICAL|PUBLIC_INSTITUTIONAL_DATA|SYNTHETIC_EXAMPLE|PERSONAL_DATA_PRESENT		PERSONAL_DATA_PRESENT				
PII_FINDING	P2_CANDIDATE	93c33ad88251b21c9fc46778f67582b13eb3cfb731a2c4ccf02d2f7cc1698f7a	false			MOYEN				d1e6a389cb624e5c85f1a6fb2fe0bc4af1a9e1ca2a021e45b3742f97b314d816	phone_french	21	NATIVE_TEXT	93c33ad88251b21c9fc46778f67582b13eb3cfb731a2c4ccf02d2f7cc1698f7a			FALSE_POSITIVE_TECHNICAL|PUBLIC_INSTITUTIONAL_DATA|SYNTHETIC_EXAMPLE|PERSONAL_DATA_PRESENT		PERSONAL_DATA_PRESENT				
PII_FINDING	P2_CANDIDATE	93c33ad88251b21c9fc46778f67582b13eb3cfb731a2c4ccf02d2f7cc1698f7a	false			MOYEN				d22824309c144b99985b7d02fc7860930ca767ccefb8309a1b8706723a2d8774	phone_french	8	NATIVE_TEXT	93c33ad88251b21c9fc46778f67582b13eb3cfb731a2c4ccf02d2f7cc1698f7a			FALSE_POSITIVE_TECHNICAL|PUBLIC_INSTITUTIONAL_DATA|SYNTHETIC_EXAMPLE|PERSONAL_DATA_PRESENT		PERSONAL_DATA_PRESENT				
PII_FINDING	P2_CANDIDATE	93c33ad88251b21c9fc46778f67582b13eb3cfb731a2c4ccf02d2f7cc1698f7a	false			MOYEN				d7a9f3dd90e00c4cf146317edcb39c1923699dd6d8309b8e36b79e11a4fefd2c	email_address	7	NATIVE_TEXT	93c33ad88251b21c9fc46778f67582b13eb3cfb731a2c4ccf02d2f7cc1698f7a			FALSE_POSITIVE_TECHNICAL|PUBLIC_INSTITUTIONAL_DATA|SYNTHETIC_EXAMPLE|PERSONAL_DATA_PRESENT		PERSONAL_DATA_PRESENT				
PII_FINDING	P2_CANDIDATE	93c33ad88251b21c9fc46778f67582b13eb3cfb731a2c4ccf02d2f7cc1698f7a	false			MOYEN				dd81fc6fb7a4bde2e593b5277aae58c174ceb938959a5c53d05dd7e12aca5ab9	phone_french	22	NATIVE_TEXT	93c33ad88251b21c9fc46778f67582b13eb3cfb731a2c4ccf02d2f7cc1698f7a			FALSE_POSITIVE_TECHNICAL|PUBLIC_INSTITUTIONAL_DATA|SYNTHETIC_EXAMPLE|PERSONAL_DATA_PRESENT		PERSONAL_DATA_PRESENT				
PII_FINDING	P2_CANDIDATE	93c33ad88251b21c9fc46778f67582b13eb3cfb731a2c4ccf02d2f7cc1698f7a	false			MOYEN				e407e3d119f112f101b07f4de4b23f1bc7d3fdefa54c1e951e648dbf724922e2	phone_french	25	NATIVE_TEXT	93c33ad88251b21c9fc46778f67582b13eb3cfb731a2c4ccf02d2f7cc1698f7a			FALSE_POSITIVE_TECHNICAL|PUBLIC_INSTITUTIONAL_DATA|SYNTHETIC_EXAMPLE|PERSONAL_DATA_PRESENT		PERSONAL_DATA_PRESENT				
PII_FINDING	P2_CANDIDATE	93c33ad88251b21c9fc46778f67582b13eb3cfb731a2c4ccf02d2f7cc1698f7a	false			MOYEN				e4a8cb1420158ea80c966e3adc5d2f3cfcd5749df640ec3127b45d163095b537	email_address	8	NATIVE_TEXT	93c33ad88251b21c9fc46778f67582b13eb3cfb731a2c4ccf02d2f7cc1698f7a			FALSE_POSITIVE_TECHNICAL|PUBLIC_INSTITUTIONAL_DATA|SYNTHETIC_EXAMPLE|PERSONAL_DATA_PRESENT		PERSONAL_DATA_PRESENT				
PII_FINDING	P2_CANDIDATE	93c33ad88251b21c9fc46778f67582b13eb3cfb731a2c4ccf02d2f7cc1698f7a	false			MOYEN				e697997b8f3704793d1278627c6401ab09d38f7d2696473752e444e3b588fc88	email_address	17	NATIVE_TEXT	93c33ad88251b21c9fc46778f67582b13eb3cfb731a2c4ccf02d2f7cc1698f7a			FALSE_POSITIVE_TECHNICAL|PUBLIC_INSTITUTIONAL_DATA|SYNTHETIC_EXAMPLE|PERSONAL_DATA_PRESENT		PERSONAL_DATA_PRESENT				
PII_FINDING	P2_CANDIDATE	93c33ad88251b21c9fc46778f67582b13eb3cfb731a2c4ccf02d2f7cc1698f7a	false			MOYEN				ec0855ca0ef781de2afbd798e1b29a82a9e68a0b6dbcfde7d7d7358c385eeefd	email_address	17	NATIVE_TEXT	93c33ad88251b21c9fc46778f67582b13eb3cfb731a2c4ccf02d2f7cc1698f7a			FALSE_POSITIVE_TECHNICAL|PUBLIC_INSTITUTIONAL_DATA|SYNTHETIC_EXAMPLE|PERSONAL_DATA_PRESENT		PERSONAL_DATA_PRESENT				
PII_FINDING	P2_CANDIDATE	93c33ad88251b21c9fc46778f67582b13eb3cfb731a2c4ccf02d2f7cc1698f7a	false			MOYEN				f1541305bac60443b1c68629fc20c4709eb71896ef11e8c2fdad1164bc143732	phone_french	24	NATIVE_TEXT	93c33ad88251b21c9fc46778f67582b13eb3cfb731a2c4ccf02d2f7cc1698f7a			FALSE_POSITIVE_TECHNICAL|PUBLIC_INSTITUTIONAL_DATA|SYNTHETIC_EXAMPLE|PERSONAL_DATA_PRESENT		PERSONAL_DATA_PRESENT				
PII_FINDING	P2_CANDIDATE	93c33ad88251b21c9fc46778f67582b13eb3cfb731a2c4ccf02d2f7cc1698f7a	false			MOYEN				f18e794d4e3c761fc36b71541c2b4e5d4189832a298c6dc79ed5904b5ce6058b	email_address	17	NATIVE_TEXT	93c33ad88251b21c9fc46778f67582b13eb3cfb731a2c4ccf02d2f7cc1698f7a			FALSE_POSITIVE_TECHNICAL|PUBLIC_INSTITUTIONAL_DATA|SYNTHETIC_EXAMPLE|PERSONAL_DATA_PRESENT		PERSONAL_DATA_PRESENT				
PII_FINDING	P2_CANDIDATE	93c33ad88251b21c9fc46778f67582b13eb3cfb731a2c4ccf02d2f7cc1698f7a	false			MOYEN				f2ba39116867a3960e91c77a3472beff259d9347702245f7fcc97de085562a70	email_address	21	NATIVE_TEXT	93c33ad88251b21c9fc46778f67582b13eb3cfb731a2c4ccf02d2f7cc1698f7a			FALSE_POSITIVE_TECHNICAL|PUBLIC_INSTITUTIONAL_DATA|SYNTHETIC_EXAMPLE|PERSONAL_DATA_PRESENT		PERSONAL_DATA_PRESENT				
PII_FINDING	P2_CANDIDATE	93c33ad88251b21c9fc46778f67582b13eb3cfb731a2c4ccf02d2f7cc1698f7a	false			MOYEN				f4027788adbec4b94b9c0f02267680e1531af08808153975f7a42752a533c4aa	phone_french	12	NATIVE_TEXT	93c33ad88251b21c9fc46778f67582b13eb3cfb731a2c4ccf02d2f7cc1698f7a			FALSE_POSITIVE_TECHNICAL|PUBLIC_INSTITUTIONAL_DATA|SYNTHETIC_EXAMPLE|PERSONAL_DATA_PRESENT		PERSONAL_DATA_PRESENT				
PII_FINDING	P2_CANDIDATE	93c33ad88251b21c9fc46778f67582b13eb3cfb731a2c4ccf02d2f7cc1698f7a	false			MOYEN				f6c36f37cc7f03616911d12d2a1b32989428f65fa21413b4d664fac6529ce428	email_address	21	NATIVE_TEXT	93c33ad88251b21c9fc46778f67582b13eb3cfb731a2c4ccf02d2f7cc1698f7a			FALSE_POSITIVE_TECHNICAL|PUBLIC_INSTITUTIONAL_DATA|SYNTHETIC_EXAMPLE|PERSONAL_DATA_PRESENT		PERSONAL_DATA_PRESENT				
PII_CONTENT	P2_CANDIDATE	945016e2ba546a1313f6c917d4f42fd555d41caabc31db70cec15191c6cf12a5	false	reperes-de-progressivite-linguistique--945016e2ba	01_EDUSCOL_OFFICIEL/COLLEGE/CYCLE_4_TRANSVERSAL/LANGUES_VIVANTES/02_REPERES_ATTENDUS/2016/reperes-de-progressivite-linguistique--945016e2ba.pdf	MOYEN	postal_address	2	8					945016e2ba546a1313f6c917d4f42fd555d41caabc31db70cec15191c6cf12a5			PII_CLEARED|PII_REDACTION_REQUIRED|EXCLUDE_FROM_SERVABLE_SET|HUMAN_REVIEW_REQUIRED	EXCLUDE_FROM_SERVABLE_SET		PERSONAL_DATA_PRESENT	abenrhouma		Exclusion par précaution : 2 signalement(s) (postal_address) non examinés individuellement, présumés données personnelles ; le contenu n'est pas servi.
PII_FINDING	P2_CANDIDATE	945016e2ba546a1313f6c917d4f42fd555d41caabc31db70cec15191c6cf12a5	false			MOYEN				957548bfa6825fcf85bc4ddde7cf03b80824cbd2cd40a0d417c05064c5092968	postal_address	8	NATIVE_TEXT	945016e2ba546a1313f6c917d4f42fd555d41caabc31db70cec15191c6cf12a5			FALSE_POSITIVE_TECHNICAL|PUBLIC_INSTITUTIONAL_DATA|SYNTHETIC_EXAMPLE|PERSONAL_DATA_PRESENT		PERSONAL_DATA_PRESENT				
PII_FINDING	P2_CANDIDATE	945016e2ba546a1313f6c917d4f42fd555d41caabc31db70cec15191c6cf12a5	false			MOYEN				a71d42b31833e51d6fbc6f6c8fd9fb3acfb2fc7af2fb15441a469cebeed76f35	postal_address	8	NATIVE_TEXT	945016e2ba546a1313f6c917d4f42fd555d41caabc31db70cec15191c6cf12a5			FALSE_POSITIVE_TECHNICAL|PUBLIC_INSTITUTIONAL_DATA|SYNTHETIC_EXAMPLE|PERSONAL_DATA_PRESENT		PERSONAL_DATA_PRESENT				
PII_CONTENT	P2_CANDIDATE	9af15e9a80385102471c0a73e7a725dfc1b15713b78b231b1eaa8d9ad74c8d93	false	l-engagement-au-service-du-developpement-durable--9af15e9a80	01_EDUSCOL_OFFICIEL/COLLEGE/CYCLE_4_TRANSVERSAL/PHYSIQUE_CHIMIE/03_RESSOURCES_ACCOMPAGNEMENT/2019/l-engagement-au-service-du-developpement-durable--9af15e9a80.pdf	MOYEN	email_address|phone_french	9	13|14					9af15e9a80385102471c0a73e7a725dfc1b15713b78b231b1eaa8d9ad74c8d93			PII_CLEARED|PII_REDACTION_REQUIRED|EXCLUDE_FROM_SERVABLE_SET|HUMAN_REVIEW_REQUIRED	EXCLUDE_FROM_SERVABLE_SET		PERSONAL_DATA_PRESENT	abenrhouma		Exclusion par précaution : 9 signalement(s) (email_address, phone_french) non examinés individuellement, présumés données personnelles ; le contenu n'est pas servi.
PII_FINDING	P2_CANDIDATE	9af15e9a80385102471c0a73e7a725dfc1b15713b78b231b1eaa8d9ad74c8d93	false			MOYEN				107c6c5570f006389f8db74ea30028bf32c82682b33f479554c8b013279765d2	email_address	14	NATIVE_TEXT	9af15e9a80385102471c0a73e7a725dfc1b15713b78b231b1eaa8d9ad74c8d93			FALSE_POSITIVE_TECHNICAL|PUBLIC_INSTITUTIONAL_DATA|SYNTHETIC_EXAMPLE|PERSONAL_DATA_PRESENT		PERSONAL_DATA_PRESENT				
PII_FINDING	P2_CANDIDATE	9af15e9a80385102471c0a73e7a725dfc1b15713b78b231b1eaa8d9ad74c8d93	false			MOYEN				27903218ba4a9dc273e26796db4ae1c0d48bd6093f7f8bf98e5d5dd837ef9717	email_address	14	NATIVE_TEXT	9af15e9a80385102471c0a73e7a725dfc1b15713b78b231b1eaa8d9ad74c8d93			FALSE_POSITIVE_TECHNICAL|PUBLIC_INSTITUTIONAL_DATA|SYNTHETIC_EXAMPLE|PERSONAL_DATA_PRESENT		PERSONAL_DATA_PRESENT				
PII_FINDING	P2_CANDIDATE	9af15e9a80385102471c0a73e7a725dfc1b15713b78b231b1eaa8d9ad74c8d93	false			MOYEN				46d1163ab60478a7f08ea45095c5c5357f0d842cde0e0ed5cb0798222293e642	email_address	14	NATIVE_TEXT	9af15e9a80385102471c0a73e7a725dfc1b15713b78b231b1eaa8d9ad74c8d93			FALSE_POSITIVE_TECHNICAL|PUBLIC_INSTITUTIONAL_DATA|SYNTHETIC_EXAMPLE|PERSONAL_DATA_PRESENT		PERSONAL_DATA_PRESENT				
PII_FINDING	P2_CANDIDATE	9af15e9a80385102471c0a73e7a725dfc1b15713b78b231b1eaa8d9ad74c8d93	false			MOYEN				4e5728f633be53b37d3e70879613f4fc9e3dcdf4a4f7b1a8ff3c9f13a2656872	phone_french	14	NATIVE_TEXT	9af15e9a80385102471c0a73e7a725dfc1b15713b78b231b1eaa8d9ad74c8d93			FALSE_POSITIVE_TECHNICAL|PUBLIC_INSTITUTIONAL_DATA|SYNTHETIC_EXAMPLE|PERSONAL_DATA_PRESENT		PERSONAL_DATA_PRESENT				
PII_FINDING	P2_CANDIDATE	9af15e9a80385102471c0a73e7a725dfc1b15713b78b231b1eaa8d9ad74c8d93	false			MOYEN				8ff5567a4bf6e5531e05dbfd10327df642563750a5daa71b6f23bdddfeda416a	email_address	13	NATIVE_TEXT	9af15e9a80385102471c0a73e7a725dfc1b15713b78b231b1eaa8d9ad74c8d93			FALSE_POSITIVE_TECHNICAL|PUBLIC_INSTITUTIONAL_DATA|SYNTHETIC_EXAMPLE|PERSONAL_DATA_PRESENT		PERSONAL_DATA_PRESENT				
PII_FINDING	P2_CANDIDATE	9af15e9a80385102471c0a73e7a725dfc1b15713b78b231b1eaa8d9ad74c8d93	false			MOYEN				a17214a80f9c4c2102df0a7aff79c255346b0d3e2a0e087d9fd3f52deb0a05fc	email_address	14	NATIVE_TEXT	9af15e9a80385102471c0a73e7a725dfc1b15713b78b231b1eaa8d9ad74c8d93			FALSE_POSITIVE_TECHNICAL|PUBLIC_INSTITUTIONAL_DATA|SYNTHETIC_EXAMPLE|PERSONAL_DATA_PRESENT		PERSONAL_DATA_PRESENT				
PII_FINDING	P2_CANDIDATE	9af15e9a80385102471c0a73e7a725dfc1b15713b78b231b1eaa8d9ad74c8d93	false			MOYEN				bbfb74715053ff552b3af2daa1cc72b053860f307e59a5ba401ee699ee4696aa	email_address	14	NATIVE_TEXT	9af15e9a80385102471c0a73e7a725dfc1b15713b78b231b1eaa8d9ad74c8d93			FALSE_POSITIVE_TECHNICAL|PUBLIC_INSTITUTIONAL_DATA|SYNTHETIC_EXAMPLE|PERSONAL_DATA_PRESENT		PERSONAL_DATA_PRESENT				
PII_FINDING	P2_CANDIDATE	9af15e9a80385102471c0a73e7a725dfc1b15713b78b231b1eaa8d9ad74c8d93	false			MOYEN				c683585906984a9667b8beed339bb52c3f73cfb819561f6b2f050810f97b33e1	phone_french	14	NATIVE_TEXT	9af15e9a80385102471c0a73e7a725dfc1b15713b78b231b1eaa8d9ad74c8d93			FALSE_POSITIVE_TECHNICAL|PUBLIC_INSTITUTIONAL_DATA|SYNTHETIC_EXAMPLE|PERSONAL_DATA_PRESENT		PERSONAL_DATA_PRESENT				
PII_FINDING	P2_CANDIDATE	9af15e9a80385102471c0a73e7a725dfc1b15713b78b231b1eaa8d9ad74c8d93	false			MOYEN				ca199f9930ef4b6e5b61f270caf5de96ec9a3925f8b1f565e00523aae2d9801f	email_address	14	NATIVE_TEXT	9af15e9a80385102471c0a73e7a725dfc1b15713b78b231b1eaa8d9ad74c8d93			FALSE_POSITIVE_TECHNICAL|PUBLIC_INSTITUTIONAL_DATA|SYNTHETIC_EXAMPLE|PERSONAL_DATA_PRESENT		PERSONAL_DATA_PRESENT				
PII_CONTENT	P2_CANDIDATE	9ffbf2ad6b5f78afcfbbea88b8fcbd558934ba6bed28d5464d57c4c6c7e7d6f0	false	programme-d-hebreu--9ffbf2ad6b	01_EDUSCOL_OFFICIEL/LYCEE/TRANSVERSAL_MULTI_NIVEAUX/80_A_VERIFIER/_MULTI_DISCIPLINES/03_RESSOURCES_ACCOMPAGNEMENT/2025/programme-d-hebreu--9ffbf2ad6b.pdf	MOYEN	email_address	1	37					9ffbf2ad6b5f78afcfbbea88b8fcbd558934ba6bed28d5464d57c4c6c7e7d6f0			PII_CLEARED|PII_REDACTION_REQUIRED|EXCLUDE_FROM_SERVABLE_SET|HUMAN_REVIEW_REQUIRED	EXCLUDE_FROM_SERVABLE_SET		PERSONAL_DATA_PRESENT	abenrhouma		Exclusion par précaution : 1 signalement(s) (email_address) non examinés individuellement, présumés données personnelles ; le contenu n'est pas servi.
PII_FINDING	P2_CANDIDATE	9ffbf2ad6b5f78afcfbbea88b8fcbd558934ba6bed28d5464d57c4c6c7e7d6f0	false			MOYEN				317d34c77d10ef27b9ea694618fda8f3a5344796536420cda97e5d17212881d2	email_address	37	NATIVE_TEXT	9ffbf2ad6b5f78afcfbbea88b8fcbd558934ba6bed28d5464d57c4c6c7e7d6f0			FALSE_POSITIVE_TECHNICAL|PUBLIC_INSTITUTIONAL_DATA|SYNTHETIC_EXAMPLE|PERSONAL_DATA_PRESENT		PERSONAL_DATA_PRESENT				
PII_CONTENT	P2_CANDIDATE	a2967c28700733a4db3326b6d014d2084ecb50a129fe6c53b95236d76100228b	false	la-circulation-des-uvres-et-les-echanges-artistiques-pdf-420-78-ko--a2967c2870	01_EDUSCOL_OFFICIEL/LYCEE/TRANSVERSAL_MULTI_NIVEAUX/80_A_VERIFIER/HISTOIRE_DES_ARTS/01_PROGRAMMES_OFFICIELS/2020/la-circulation-des-uvres-et-les-echanges-artistiques-pdf-420-78-ko--a2967c2870.pdf	MOYEN	postal_address	1	2					a2967c28700733a4db3326b6d014d2084ecb50a129fe6c53b95236d76100228b			PII_CLEARED|PII_REDACTION_REQUIRED|EXCLUDE_FROM_SERVABLE_SET|HUMAN_REVIEW_REQUIRED	EXCLUDE_FROM_SERVABLE_SET		PERSONAL_DATA_PRESENT	abenrhouma		Exclusion par précaution : 1 signalement(s) (postal_address) non examinés individuellement, présumés données personnelles ; le contenu n'est pas servi.
PII_FINDING	P2_CANDIDATE	a2967c28700733a4db3326b6d014d2084ecb50a129fe6c53b95236d76100228b	false			MOYEN				6f18d2016eb644f28cff35ccf3a51fdba0821ba3a15a19333e3bf99e8368d972	postal_address	2	NATIVE_TEXT	a2967c28700733a4db3326b6d014d2084ecb50a129fe6c53b95236d76100228b			FALSE_POSITIVE_TECHNICAL|PUBLIC_INSTITUTIONAL_DATA|SYNTHETIC_EXAMPLE|PERSONAL_DATA_PRESENT		PERSONAL_DATA_PRESENT				
PII_CONTENT	P2_CANDIDATE	a2bf1662d304920239e24a1a6480b38b702a9649c396308fe5046dc523613bdf	false	ra16-c4-math-fractions-flash3-sens-quotient-554232-pdf--a2bf1662d3	01_EDUSCOL_OFFICIEL/COLLEGE/CYCLE_4_TRANSVERSAL/MATHEMATIQUES/02_REPERES_ATTENDUS/2016/ra16-c4-math-fractions-flash3-sens-quotient-554232-pdf--a2bf1662d3.pdf	MOYEN	phone_french	1	2					a2bf1662d304920239e24a1a6480b38b702a9649c396308fe5046dc523613bdf			PII_CLEARED|PII_REDACTION_REQUIRED|EXCLUDE_FROM_SERVABLE_SET|HUMAN_REVIEW_REQUIRED	EXCLUDE_FROM_SERVABLE_SET		PERSONAL_DATA_PRESENT	abenrhouma		Exclusion par précaution : 1 signalement(s) (phone_french) non examinés individuellement, présumés données personnelles ; le contenu n'est pas servi.
PII_FINDING	P2_CANDIDATE	a2bf1662d304920239e24a1a6480b38b702a9649c396308fe5046dc523613bdf	false			MOYEN				355593e9e3b3df1e354bc7a992cd1d1d27db64e347470b6a1b7f912f69bb8c41	phone_french	2	NATIVE_TEXT	a2bf1662d304920239e24a1a6480b38b702a9649c396308fe5046dc523613bdf			FALSE_POSITIVE_TECHNICAL|PUBLIC_INSTITUTIONAL_DATA|SYNTHETIC_EXAMPLE|PERSONAL_DATA_PRESENT		PERSONAL_DATA_PRESENT				
PII_CONTENT	P2_CANDIDATE	ad55ea950cfd5a9440c8d5c3b88a8fd8363dd4ff5b8cdde67f0fb66c772c7b75	false	vademecum-laboratoires-de-mathematiques-pdf-932-92-ko--ad55ea950c	01_EDUSCOL_OFFICIEL/COLLEGE/CYCLE_4_TRANSVERSAL/MATHEMATIQUES/09_AUTRES/2019/vademecum-laboratoires-de-mathematiques-pdf-932-92-ko--ad55ea950c.pdf	MOYEN	email_address	3	17					ad55ea950cfd5a9440c8d5c3b88a8fd8363dd4ff5b8cdde67f0fb66c772c7b75			PII_CLEARED|PII_REDACTION_REQUIRED|EXCLUDE_FROM_SERVABLE_SET|HUMAN_REVIEW_REQUIRED	EXCLUDE_FROM_SERVABLE_SET		PERSONAL_DATA_PRESENT	abenrhouma		Exclusion par précaution : 3 signalement(s) (email_address) non examinés individuellement, présumés données personnelles ; le contenu n'est pas servi.
PII_FINDING	P2_CANDIDATE	ad55ea950cfd5a9440c8d5c3b88a8fd8363dd4ff5b8cdde67f0fb66c772c7b75	false			MOYEN				42b97ba1691903b9ca856329cd850127b76a3c5328b2c95e9a4bc3595faaec7f	email_address	17	NATIVE_TEXT	ad55ea950cfd5a9440c8d5c3b88a8fd8363dd4ff5b8cdde67f0fb66c772c7b75			FALSE_POSITIVE_TECHNICAL|PUBLIC_INSTITUTIONAL_DATA|SYNTHETIC_EXAMPLE|PERSONAL_DATA_PRESENT		PERSONAL_DATA_PRESENT				
PII_FINDING	P2_CANDIDATE	ad55ea950cfd5a9440c8d5c3b88a8fd8363dd4ff5b8cdde67f0fb66c772c7b75	false			MOYEN				546ab674d53ffc6a084aa816883dea7643c33d9010999eb783185b4ee361e423	email_address	17	NATIVE_TEXT	ad55ea950cfd5a9440c8d5c3b88a8fd8363dd4ff5b8cdde67f0fb66c772c7b75			FALSE_POSITIVE_TECHNICAL|PUBLIC_INSTITUTIONAL_DATA|SYNTHETIC_EXAMPLE|PERSONAL_DATA_PRESENT		PERSONAL_DATA_PRESENT				
PII_FINDING	P2_CANDIDATE	ad55ea950cfd5a9440c8d5c3b88a8fd8363dd4ff5b8cdde67f0fb66c772c7b75	false			MOYEN				70da1c798d630d981b2aa516ca624d8db8de7f47d5b6b85c06fb886cce423a77	email_address	17	NATIVE_TEXT	ad55ea950cfd5a9440c8d5c3b88a8fd8363dd4ff5b8cdde67f0fb66c772c7b75			FALSE_POSITIVE_TECHNICAL|PUBLIC_INSTITUTIONAL_DATA|SYNTHETIC_EXAMPLE|PERSONAL_DATA_PRESENT		PERSONAL_DATA_PRESENT				
PII_CONTENT	P2_CANDIDATE	aff96b231f734123e29635b56938dffef5540a2c94ea3b86248d5e522b4bcead	false	diaporama-de-la-presentation-pdf-1-9-mo--aff96b231f	01_EDUSCOL_OFFICIEL/STMG/COMMUN/07_DIAPORAMAS_SUPPORTS/2019/diaporama-de-la-presentation-pdf-1-9-mo--aff96b231f.pdf	MOYEN	email_address	1	23					aff96b231f734123e29635b56938dffef5540a2c94ea3b86248d5e522b4bcead			PII_CLEARED|PII_REDACTION_REQUIRED|EXCLUDE_FROM_SERVABLE_SET|HUMAN_REVIEW_REQUIRED	EXCLUDE_FROM_SERVABLE_SET		PERSONAL_DATA_PRESENT	abenrhouma		Exclusion par précaution : 1 signalement(s) (email_address) non examinés individuellement, présumés données personnelles ; le contenu n'est pas servi.
PII_FINDING	P2_CANDIDATE	aff96b231f734123e29635b56938dffef5540a2c94ea3b86248d5e522b4bcead	false			MOYEN				a929b18505b779e8cbef884f77dbffa36275cc817ad65aa823f073aacf4275d8	email_address	23	NATIVE_TEXT	aff96b231f734123e29635b56938dffef5540a2c94ea3b86248d5e522b4bcead			FALSE_POSITIVE_TECHNICAL|PUBLIC_INSTITUTIONAL_DATA|SYNTHETIC_EXAMPLE|PERSONAL_DATA_PRESENT		PERSONAL_DATA_PRESENT				
PII_CONTENT	P2_CANDIDATE	b0de0f8dc72121c484734a98075314869b5cf5a891204ca3ff583a6100c856d0	false	annexe-agar-art-pdf-1-46-mo--b0de0f8dc7	01_EDUSCOL_OFFICIEL/LYCEE/TRANSVERSAL_MULTI_NIVEAUX/80_A_VERIFIER/PHYSIQUE_CHIMIE/03_RESSOURCES_ACCOMPAGNEMENT/2019/annexe-agar-art-pdf-1-46-mo--b0de0f8dc7.pdf	MOYEN	email_address	1	7					b0de0f8dc72121c484734a98075314869b5cf5a891204ca3ff583a6100c856d0			PII_CLEARED|PII_REDACTION_REQUIRED|EXCLUDE_FROM_SERVABLE_SET|HUMAN_REVIEW_REQUIRED	EXCLUDE_FROM_SERVABLE_SET		PERSONAL_DATA_PRESENT	abenrhouma		Exclusion par précaution : 1 signalement(s) (email_address) non examinés individuellement, présumés données personnelles ; le contenu n'est pas servi.
PII_FINDING	P2_CANDIDATE	b0de0f8dc72121c484734a98075314869b5cf5a891204ca3ff583a6100c856d0	false			MOYEN				a8850ba0171234cc87de8b732983d6603c4e1069910ca32021ad26655910eddc	email_address	7	NATIVE_TEXT	b0de0f8dc72121c484734a98075314869b5cf5a891204ca3ff583a6100c856d0			FALSE_POSITIVE_TECHNICAL|PUBLIC_INSTITUTIONAL_DATA|SYNTHETIC_EXAMPLE|PERSONAL_DATA_PRESENT		PERSONAL_DATA_PRESENT				
PII_CONTENT	P2_CANDIDATE	b0e637d806bc0b9276b2e56ba435d9a6fc6d3170899923511ef435e0ae6ac923	false	projet-aborder-l-edd-et-l-emi-par-le-dessin-humoristique--b0e637d806	01_EDUSCOL_OFFICIEL/COLLEGE/CYCLE_4_TRANSVERSAL/PHYSIQUE_CHIMIE/09_AUTRES/2021/projet-aborder-l-edd-et-l-emi-par-le-dessin-humoristique--b0e637d806.pdf	MOYEN	email_address	2	2					b0e637d806bc0b9276b2e56ba435d9a6fc6d3170899923511ef435e0ae6ac923			PII_CLEARED|PII_REDACTION_REQUIRED|EXCLUDE_FROM_SERVABLE_SET|HUMAN_REVIEW_REQUIRED	EXCLUDE_FROM_SERVABLE_SET		PERSONAL_DATA_PRESENT	abenrhouma		Exclusion par précaution : 2 signalement(s) (email_address) non examinés individuellement, présumés données personnelles ; le contenu n'est pas servi.
PII_FINDING	P2_CANDIDATE	b0e637d806bc0b9276b2e56ba435d9a6fc6d3170899923511ef435e0ae6ac923	false			MOYEN				6a73957be863c696f36046b0c2e0b60d283eac16ece1907d31d77b7416d02401	email_address	2	NATIVE_TEXT	b0e637d806bc0b9276b2e56ba435d9a6fc6d3170899923511ef435e0ae6ac923			FALSE_POSITIVE_TECHNICAL|PUBLIC_INSTITUTIONAL_DATA|SYNTHETIC_EXAMPLE|PERSONAL_DATA_PRESENT		PERSONAL_DATA_PRESENT				
PII_FINDING	P2_CANDIDATE	b0e637d806bc0b9276b2e56ba435d9a6fc6d3170899923511ef435e0ae6ac923	false			MOYEN				d2f356a6643fb66debd7d34ac09c9d5b3442fe42dd8227cbf39ef4cf26d0e6c5	email_address	2	NATIVE_TEXT	b0e637d806bc0b9276b2e56ba435d9a6fc6d3170899923511ef435e0ae6ac923			FALSE_POSITIVE_TECHNICAL|PUBLIC_INSTITUTIONAL_DATA|SYNTHETIC_EXAMPLE|PERSONAL_DATA_PRESENT		PERSONAL_DATA_PRESENT				
PII_CONTENT	P2_CANDIDATE	b1cbc2be06a8a9c69b7ad3a8aa85fa2493096c561a6fbbdfa880368469e5612c	false	diaporama-de-la-presentation-d-isabelle-leguy-pdf-125-84-ko--b1cbc2be06	01_EDUSCOL_OFFICIEL/STMG/COMMUN/07_DIAPORAMAS_SUPPORTS/2019/diaporama-de-la-presentation-d-isabelle-leguy-pdf-125-84-ko--b1cbc2be06.pdf	MOYEN	email_address	1	18					b1cbc2be06a8a9c69b7ad3a8aa85fa2493096c561a6fbbdfa880368469e5612c			PII_CLEARED|PII_REDACTION_REQUIRED|EXCLUDE_FROM_SERVABLE_SET|HUMAN_REVIEW_REQUIRED	EXCLUDE_FROM_SERVABLE_SET		PERSONAL_DATA_PRESENT	abenrhouma		Exclusion par précaution : 1 signalement(s) (email_address) non examinés individuellement, présumés données personnelles ; le contenu n'est pas servi.
PII_FINDING	P2_CANDIDATE	b1cbc2be06a8a9c69b7ad3a8aa85fa2493096c561a6fbbdfa880368469e5612c	false			MOYEN				dd63bf04cccbae49edd799158441f8128ba99f98b66b41c8be92b76045121c87	email_address	18	NATIVE_TEXT	b1cbc2be06a8a9c69b7ad3a8aa85fa2493096c561a6fbbdfa880368469e5612c			FALSE_POSITIVE_TECHNICAL|PUBLIC_INSTITUTIONAL_DATA|SYNTHETIC_EXAMPLE|PERSONAL_DATA_PRESENT		PERSONAL_DATA_PRESENT				
PII_CONTENT	P2_CANDIDATE	b79478f0763becd469dbc1ddebef3c9dbe4bfc70e97cf49ca8d165476ed1d1cd	false	diaporama-de-la-conference-syntaxe-semantique-et-arguments-philosophiques--b79478f076	01_EDUSCOL_OFFICIEL/LYCEE/TRANSVERSAL_MULTI_NIVEAUX/90_ARCHIVE_CATALOGUE/PHILOSOPHIE/07_DIAPORAMAS_SUPPORTS/2020/diaporama-de-la-conference-syntaxe-semantique-et-arguments-philosophiques--b79478f076.pdf	MOYEN	postal_address	1	1					b79478f0763becd469dbc1ddebef3c9dbe4bfc70e97cf49ca8d165476ed1d1cd			PII_CLEARED|PII_REDACTION_REQUIRED|EXCLUDE_FROM_SERVABLE_SET|HUMAN_REVIEW_REQUIRED	EXCLUDE_FROM_SERVABLE_SET		PERSONAL_DATA_PRESENT	abenrhouma		Exclusion par précaution : 1 signalement(s) (postal_address) non examinés individuellement, présumés données personnelles ; le contenu n'est pas servi.
PII_FINDING	P2_CANDIDATE	b79478f0763becd469dbc1ddebef3c9dbe4bfc70e97cf49ca8d165476ed1d1cd	false			MOYEN				fba90eb7773e39b59887c55fc1ee9b65944943923f4c74e26d50ad5079f20f49	postal_address	1	NATIVE_TEXT	b79478f0763becd469dbc1ddebef3c9dbe4bfc70e97cf49ca8d165476ed1d1cd			FALSE_POSITIVE_TECHNICAL|PUBLIC_INSTITUTIONAL_DATA|SYNTHETIC_EXAMPLE|PERSONAL_DATA_PRESENT		PERSONAL_DATA_PRESENT				
PII_CONTENT	P2_CANDIDATE	bb05863ac03f90eeb775dcd26a19559bd66c360963a4d5f3acdcbdf0b1ddcebc	false	le-programme-cinema-et-citoyennete--bb05863ac0	01_EDUSCOL_OFFICIEL/LYCEE/TRANSVERSAL_MULTI_NIVEAUX/80_A_VERIFIER/CINEMA_AUDIOVISUEL/03_RESSOURCES_ACCOMPAGNEMENT/2024/le-programme-cinema-et-citoyennete--bb05863ac0.pdf	MOYEN	email_address	1	4					bb05863ac03f90eeb775dcd26a19559bd66c360963a4d5f3acdcbdf0b1ddcebc			PII_CLEARED|PII_REDACTION_REQUIRED|EXCLUDE_FROM_SERVABLE_SET|HUMAN_REVIEW_REQUIRED	EXCLUDE_FROM_SERVABLE_SET		PERSONAL_DATA_PRESENT	abenrhouma		Exclusion par précaution : 1 signalement(s) (email_address) non examinés individuellement, présumés données personnelles ; le contenu n'est pas servi.
PII_FINDING	P2_CANDIDATE	bb05863ac03f90eeb775dcd26a19559bd66c360963a4d5f3acdcbdf0b1ddcebc	false			MOYEN				bac835df1c2e77ec26cff5cdd91d84233e017f72a079b9245d374354aec1ac5d	email_address	4	NATIVE_TEXT	bb05863ac03f90eeb775dcd26a19559bd66c360963a4d5f3acdcbdf0b1ddcebc			FALSE_POSITIVE_TECHNICAL|PUBLIC_INSTITUTIONAL_DATA|SYNTHETIC_EXAMPLE|PERSONAL_DATA_PRESENT		PERSONAL_DATA_PRESENT				
PII_CONTENT	P2_CANDIDATE	bf225ac7f6db883f196af06cc29fdcfe2fdd1c56d78ed6f10e0c945698b70009	false	vademecum-pour-les-colleges-pdf-1-1-mo--bf225ac7f6	01_EDUSCOL_OFFICIEL/COLLEGE/CYCLE_4_TRANSVERSAL/MATHEMATIQUES/09_AUTRES/2020/vademecum-pour-les-colleges-pdf-1-1-mo--bf225ac7f6.pdf	MOYEN	phone_french	1	17					bf225ac7f6db883f196af06cc29fdcfe2fdd1c56d78ed6f10e0c945698b70009			PII_CLEARED|PII_REDACTION_REQUIRED|EXCLUDE_FROM_SERVABLE_SET|HUMAN_REVIEW_REQUIRED	EXCLUDE_FROM_SERVABLE_SET		PERSONAL_DATA_PRESENT	abenrhouma		Exclusion par précaution : 1 signalement(s) (phone_french) non examinés individuellement, présumés données personnelles ; le contenu n'est pas servi.
PII_FINDING	P2_CANDIDATE	bf225ac7f6db883f196af06cc29fdcfe2fdd1c56d78ed6f10e0c945698b70009	false			MOYEN				d67ea74b21e9f6f29c7927e32a204dd4635f2fbfe902cbbc1088ef4540934b8e	phone_french	17	NATIVE_TEXT	bf225ac7f6db883f196af06cc29fdcfe2fdd1c56d78ed6f10e0c945698b70009			FALSE_POSITIVE_TECHNICAL|PUBLIC_INSTITUTIONAL_DATA|SYNTHETIC_EXAMPLE|PERSONAL_DATA_PRESENT		PERSONAL_DATA_PRESENT				
PII_CONTENT	P2_CANDIDATE	c04e504742e4e69a7b410e01ad5c0613eac99ab1348f5f4dd502de7dba6b529f	false	mathematiques-et-quotidien-pdf-2-12-mo--c04e504742	01_EDUSCOL_OFFICIEL/COLLEGE/CYCLE_4_TRANSVERSAL/MATHEMATIQUES/06_GUIDES/2016/mathematiques-et-quotidien-pdf-2-12-mo--c04e504742.pdf	MOYEN	phone_french	2	23					c04e504742e4e69a7b410e01ad5c0613eac99ab1348f5f4dd502de7dba6b529f			PII_CLEARED|PII_REDACTION_REQUIRED|EXCLUDE_FROM_SERVABLE_SET|HUMAN_REVIEW_REQUIRED	EXCLUDE_FROM_SERVABLE_SET		PERSONAL_DATA_PRESENT	abenrhouma		Exclusion par précaution : 2 signalement(s) (phone_french) non examinés individuellement, présumés données personnelles ; le contenu n'est pas servi.
PII_FINDING	P2_CANDIDATE	c04e504742e4e69a7b410e01ad5c0613eac99ab1348f5f4dd502de7dba6b529f	false			MOYEN				1004ec51c1a7ca404cd0e2a82ecbb575afb155a509f5ac48b192b79de2e9acef	phone_french	23	NATIVE_TEXT	c04e504742e4e69a7b410e01ad5c0613eac99ab1348f5f4dd502de7dba6b529f			FALSE_POSITIVE_TECHNICAL|PUBLIC_INSTITUTIONAL_DATA|SYNTHETIC_EXAMPLE|PERSONAL_DATA_PRESENT		PERSONAL_DATA_PRESENT				
PII_FINDING	P2_CANDIDATE	c04e504742e4e69a7b410e01ad5c0613eac99ab1348f5f4dd502de7dba6b529f	false			MOYEN				49e34a3e82e5596c24e28f3d2a0afe1253030239e8025e4e6521691f950decf9	phone_french	23	NATIVE_TEXT	c04e504742e4e69a7b410e01ad5c0613eac99ab1348f5f4dd502de7dba6b529f			FALSE_POSITIVE_TECHNICAL|PUBLIC_INSTITUTIONAL_DATA|SYNTHETIC_EXAMPLE|PERSONAL_DATA_PRESENT		PERSONAL_DATA_PRESENT				
PII_CONTENT	P2_CANDIDATE	c3dca34eb3b8c3860979e49702e31381464f8458301f1a08cdfefb16da351abe	false	vers-une-6-e-extinction-de-masse--c3dca34eb3	01_EDUSCOL_OFFICIEL/COLLEGE/CYCLE_4_TRANSVERSAL/SVT/03_RESSOURCES_ACCOMPAGNEMENT/2016/vers-une-6-e-extinction-de-masse--c3dca34eb3.pdf	MOYEN	email_address	4	8					c3dca34eb3b8c3860979e49702e31381464f8458301f1a08cdfefb16da351abe			PII_CLEARED|PII_REDACTION_REQUIRED|EXCLUDE_FROM_SERVABLE_SET|HUMAN_REVIEW_REQUIRED	EXCLUDE_FROM_SERVABLE_SET		PERSONAL_DATA_PRESENT	abenrhouma		Exclusion par précaution : 4 signalement(s) (email_address) non examinés individuellement, présumés données personnelles ; le contenu n'est pas servi.
PII_FINDING	P2_CANDIDATE	c3dca34eb3b8c3860979e49702e31381464f8458301f1a08cdfefb16da351abe	false			MOYEN				11e67915410ba49752c2d6963c1156c1f772f93f33521898bb6db834e38a5cdf	email_address	8	NATIVE_TEXT	c3dca34eb3b8c3860979e49702e31381464f8458301f1a08cdfefb16da351abe			FALSE_POSITIVE_TECHNICAL|PUBLIC_INSTITUTIONAL_DATA|SYNTHETIC_EXAMPLE|PERSONAL_DATA_PRESENT		PERSONAL_DATA_PRESENT				
PII_FINDING	P2_CANDIDATE	c3dca34eb3b8c3860979e49702e31381464f8458301f1a08cdfefb16da351abe	false			MOYEN				184413ffcb3155f391fc9990ca250ae2062f3a88de0615bba000e1c920139483	email_address	8	NATIVE_TEXT	c3dca34eb3b8c3860979e49702e31381464f8458301f1a08cdfefb16da351abe			FALSE_POSITIVE_TECHNICAL|PUBLIC_INSTITUTIONAL_DATA|SYNTHETIC_EXAMPLE|PERSONAL_DATA_PRESENT		PERSONAL_DATA_PRESENT				
PII_FINDING	P2_CANDIDATE	c3dca34eb3b8c3860979e49702e31381464f8458301f1a08cdfefb16da351abe	false			MOYEN				886d2095c322e10a1d2ac09e799a1a029ed4ed66c63cf39a6627fb04272d00ae	email_address	8	NATIVE_TEXT	c3dca34eb3b8c3860979e49702e31381464f8458301f1a08cdfefb16da351abe			FALSE_POSITIVE_TECHNICAL|PUBLIC_INSTITUTIONAL_DATA|SYNTHETIC_EXAMPLE|PERSONAL_DATA_PRESENT		PERSONAL_DATA_PRESENT				
PII_FINDING	P2_CANDIDATE	c3dca34eb3b8c3860979e49702e31381464f8458301f1a08cdfefb16da351abe	false			MOYEN				9af6dda5244c168efad7a935898a2333dbbee9e028ae9e1a0ccf0630308907aa	email_address	8	NATIVE_TEXT	c3dca34eb3b8c3860979e49702e31381464f8458301f1a08cdfefb16da351abe			FALSE_POSITIVE_TECHNICAL|PUBLIC_INSTITUTIONAL_DATA|SYNTHETIC_EXAMPLE|PERSONAL_DATA_PRESENT		PERSONAL_DATA_PRESENT				
PII_CONTENT	P2_CANDIDATE	c7937df3d9e3cba6738938cb7be3af265d16fb17448beb0aca2f4c94f95d2f47	false	reglement-du-concours-pdf-158-16-ko--c7937df3d9	01_EDUSCOL_OFFICIEL/LYCEE/TRANSVERSAL_MULTI_NIVEAUX/80_A_VERIFIER/DGEMC/09_AUTRES/2025/reglement-du-concours-pdf-158-16-ko--c7937df3d9.pdf	MOYEN	email_address|postal_address	5	2|4|5					c7937df3d9e3cba6738938cb7be3af265d16fb17448beb0aca2f4c94f95d2f47			PII_CLEARED|PII_REDACTION_REQUIRED|EXCLUDE_FROM_SERVABLE_SET|HUMAN_REVIEW_REQUIRED	EXCLUDE_FROM_SERVABLE_SET		PERSONAL_DATA_PRESENT	abenrhouma		Exclusion par précaution : 5 signalement(s) (email_address, postal_address) non examinés individuellement, présumés données personnelles ; le contenu n'est pas servi.
PII_FINDING	P2_CANDIDATE	c7937df3d9e3cba6738938cb7be3af265d16fb17448beb0aca2f4c94f95d2f47	false			MOYEN				06aba46df370549d75ffdf164de4403dc837c1ca5ef4d7245904c8a640d5a084	email_address	2	NATIVE_TEXT	c7937df3d9e3cba6738938cb7be3af265d16fb17448beb0aca2f4c94f95d2f47			FALSE_POSITIVE_TECHNICAL|PUBLIC_INSTITUTIONAL_DATA|SYNTHETIC_EXAMPLE|PERSONAL_DATA_PRESENT		PERSONAL_DATA_PRESENT				
PII_FINDING	P2_CANDIDATE	c7937df3d9e3cba6738938cb7be3af265d16fb17448beb0aca2f4c94f95d2f47	false			MOYEN				1aa8e5ebdbad83dcc48244c14082b66541f0756619c8cd5513a7bbdac1487be2	postal_address	4	NATIVE_TEXT	c7937df3d9e3cba6738938cb7be3af265d16fb17448beb0aca2f4c94f95d2f47			FALSE_POSITIVE_TECHNICAL|PUBLIC_INSTITUTIONAL_DATA|SYNTHETIC_EXAMPLE|PERSONAL_DATA_PRESENT		PERSONAL_DATA_PRESENT				
PII_FINDING	P2_CANDIDATE	c7937df3d9e3cba6738938cb7be3af265d16fb17448beb0aca2f4c94f95d2f47	false			MOYEN				bb95559470f288aa8b11e8a9572db1a7c7d1d1d000ef6697ac07c317d21b616f	email_address	5	NATIVE_TEXT	c7937df3d9e3cba6738938cb7be3af265d16fb17448beb0aca2f4c94f95d2f47			FALSE_POSITIVE_TECHNICAL|PUBLIC_INSTITUTIONAL_DATA|SYNTHETIC_EXAMPLE|PERSONAL_DATA_PRESENT		PERSONAL_DATA_PRESENT				
PII_FINDING	P2_CANDIDATE	c7937df3d9e3cba6738938cb7be3af265d16fb17448beb0aca2f4c94f95d2f47	false			MOYEN				f1f7159a0de2182335d3e4ac7ee2904baa208cd990f922ffeb81e6d32b7547c0	email_address	2	NATIVE_TEXT	c7937df3d9e3cba6738938cb7be3af265d16fb17448beb0aca2f4c94f95d2f47			FALSE_POSITIVE_TECHNICAL|PUBLIC_INSTITUTIONAL_DATA|SYNTHETIC_EXAMPLE|PERSONAL_DATA_PRESENT		PERSONAL_DATA_PRESENT				
PII_FINDING	P2_CANDIDATE	c7937df3d9e3cba6738938cb7be3af265d16fb17448beb0aca2f4c94f95d2f47	false			MOYEN				fc0ea3332ff4b6d7e13f3336bc1e79fa70d1e5b9b04175b70b217e7dfcf9ad90	email_address	4	NATIVE_TEXT	c7937df3d9e3cba6738938cb7be3af265d16fb17448beb0aca2f4c94f95d2f47			FALSE_POSITIVE_TECHNICAL|PUBLIC_INSTITUTIONAL_DATA|SYNTHETIC_EXAMPLE|PERSONAL_DATA_PRESENT		PERSONAL_DATA_PRESENT				
PII_CONTENT	P2_CANDIDATE	c9be166d2f09d7c265de469c2d97ce414085644b1202e3f319a6979c11fb49f7	false	les-performances-financieres-et-le-developpement-de-l-entreprise-annexes-7-a-11--c9be166d2f	01_EDUSCOL_OFFICIEL/STMG/TERMINALE/03_RESSOURCES_ACCOMPAGNEMENT/2020/les-performances-financieres-et-le-developpement-de-l-entreprise-annexes-7-a-11--c9be166d2f.pdf	MOYEN	phone_french|postal_address	3	6					c9be166d2f09d7c265de469c2d97ce414085644b1202e3f319a6979c11fb49f7			PII_CLEARED|PII_REDACTION_REQUIRED|EXCLUDE_FROM_SERVABLE_SET|HUMAN_REVIEW_REQUIRED	EXCLUDE_FROM_SERVABLE_SET		PERSONAL_DATA_PRESENT	abenrhouma		Exclusion par précaution : 3 signalement(s) (phone_french, postal_address) non examinés individuellement, présumés données personnelles ; le contenu n'est pas servi.
PII_FINDING	P2_CANDIDATE	c9be166d2f09d7c265de469c2d97ce414085644b1202e3f319a6979c11fb49f7	false			MOYEN				3648fc0af6e577a23e9d98cdd9c053a3c0b39576eb66211e7e6bc48a4f70800b	phone_french	6	NATIVE_TEXT	c9be166d2f09d7c265de469c2d97ce414085644b1202e3f319a6979c11fb49f7			FALSE_POSITIVE_TECHNICAL|PUBLIC_INSTITUTIONAL_DATA|SYNTHETIC_EXAMPLE|PERSONAL_DATA_PRESENT		PERSONAL_DATA_PRESENT				
PII_FINDING	P2_CANDIDATE	c9be166d2f09d7c265de469c2d97ce414085644b1202e3f319a6979c11fb49f7	false			MOYEN				8ab6509d4ab343792f9fa8609c650bcf1bbf6b212d8f8fdc39fae7b3810d200f	postal_address	6	NATIVE_TEXT	c9be166d2f09d7c265de469c2d97ce414085644b1202e3f319a6979c11fb49f7			FALSE_POSITIVE_TECHNICAL|PUBLIC_INSTITUTIONAL_DATA|SYNTHETIC_EXAMPLE|PERSONAL_DATA_PRESENT		PERSONAL_DATA_PRESENT				
PII_FINDING	P2_CANDIDATE	c9be166d2f09d7c265de469c2d97ce414085644b1202e3f319a6979c11fb49f7	false			MOYEN				ab0c7b71998b1bf23efe828185a07e9c9591b3d7ccdaf257d508ec038425fd66	postal_address	6	NATIVE_TEXT	c9be166d2f09d7c265de469c2d97ce414085644b1202e3f319a6979c11fb49f7			FALSE_POSITIVE_TECHNICAL|PUBLIC_INSTITUTIONAL_DATA|SYNTHETIC_EXAMPLE|PERSONAL_DATA_PRESENT		PERSONAL_DATA_PRESENT				
PII_CONTENT	P2_CANDIDATE	d2fcc3e9eebf67cf027e2743d8746ad19bbbb57e8f7d2f88f07d0327ebead59e	false	programme-de-corse--d2fcc3e9ee	01_EDUSCOL_OFFICIEL/COLLEGE/CYCLE_4_TRANSVERSAL/LANGUES_VIVANTES/01_PROGRAMMES_OFFICIELS/2026/programme-de-corse--d2fcc3e9ee.pdf	MOYEN	phone_french	2	21|29					d2fcc3e9eebf67cf027e2743d8746ad19bbbb57e8f7d2f88f07d0327ebead59e			PII_CLEARED|PII_REDACTION_REQUIRED|EXCLUDE_FROM_SERVABLE_SET|HUMAN_REVIEW_REQUIRED	EXCLUDE_FROM_SERVABLE_SET		PERSONAL_DATA_PRESENT	abenrhouma		Exclusion par précaution : 2 signalement(s) (phone_french) non examinés individuellement, présumés données personnelles ; le contenu n'est pas servi.
PII_FINDING	P2_CANDIDATE	d2fcc3e9eebf67cf027e2743d8746ad19bbbb57e8f7d2f88f07d0327ebead59e	false			MOYEN				3b2ed2ce6a95617f637783800da9c63fcf48e56c7639f96a5a44a5bab9291b35	phone_french	21	NATIVE_TEXT	d2fcc3e9eebf67cf027e2743d8746ad19bbbb57e8f7d2f88f07d0327ebead59e			FALSE_POSITIVE_TECHNICAL|PUBLIC_INSTITUTIONAL_DATA|SYNTHETIC_EXAMPLE|PERSONAL_DATA_PRESENT		PERSONAL_DATA_PRESENT				
PII_FINDING	P2_CANDIDATE	d2fcc3e9eebf67cf027e2743d8746ad19bbbb57e8f7d2f88f07d0327ebead59e	false			MOYEN				70bb83b32529f6bcd317c40cff6eb339a4bad7f8e19c723320bc908de069ee0b	phone_french	29	NATIVE_TEXT	d2fcc3e9eebf67cf027e2743d8746ad19bbbb57e8f7d2f88f07d0327ebead59e			FALSE_POSITIVE_TECHNICAL|PUBLIC_INSTITUTIONAL_DATA|SYNTHETIC_EXAMPLE|PERSONAL_DATA_PRESENT		PERSONAL_DATA_PRESENT				
PII_CONTENT	P2_CANDIDATE	d9832953fcfde74abf70307026aae5d5b878a7f27cc7b98af88af5bc47469d13	false	guide-resolution-de-problemes-mathematiques-au-college--d9832953fc	01_EDUSCOL_OFFICIEL/COLLEGE/CYCLE_4_TRANSVERSAL/MATHEMATIQUES/02_REPERES_ATTENDUS/2022/guide-resolution-de-problemes-mathematiques-au-college--d9832953fc.pdf	MOYEN	phone_french	4	76|77|80|203					d9832953fcfde74abf70307026aae5d5b878a7f27cc7b98af88af5bc47469d13			PII_CLEARED|PII_REDACTION_REQUIRED|EXCLUDE_FROM_SERVABLE_SET|HUMAN_REVIEW_REQUIRED	EXCLUDE_FROM_SERVABLE_SET		PERSONAL_DATA_PRESENT	abenrhouma		Exclusion par précaution : 4 signalement(s) (phone_french) non examinés individuellement, présumés données personnelles ; le contenu n'est pas servi.
PII_FINDING	P2_CANDIDATE	d9832953fcfde74abf70307026aae5d5b878a7f27cc7b98af88af5bc47469d13	false			MOYEN				09fc80315a0a246e6495184da69698bb7542c34275001bc04b75f4bb85ffe4f3	phone_french	203	NATIVE_TEXT	d9832953fcfde74abf70307026aae5d5b878a7f27cc7b98af88af5bc47469d13			FALSE_POSITIVE_TECHNICAL|PUBLIC_INSTITUTIONAL_DATA|SYNTHETIC_EXAMPLE|PERSONAL_DATA_PRESENT		PERSONAL_DATA_PRESENT				
PII_FINDING	P2_CANDIDATE	d9832953fcfde74abf70307026aae5d5b878a7f27cc7b98af88af5bc47469d13	false			MOYEN				87f2d749d35eb720b8d5d792a6c4cca88272e585edd500c479727a1f5676409c	phone_french	77	NATIVE_TEXT	d9832953fcfde74abf70307026aae5d5b878a7f27cc7b98af88af5bc47469d13			FALSE_POSITIVE_TECHNICAL|PUBLIC_INSTITUTIONAL_DATA|SYNTHETIC_EXAMPLE|PERSONAL_DATA_PRESENT		PERSONAL_DATA_PRESENT				
PII_FINDING	P2_CANDIDATE	d9832953fcfde74abf70307026aae5d5b878a7f27cc7b98af88af5bc47469d13	false			MOYEN				8a38102abd4ddee5e9fa11e24278665a2fe2d4940c49bb6efa588a8c0b3dfd18	phone_french	76	NATIVE_TEXT	d9832953fcfde74abf70307026aae5d5b878a7f27cc7b98af88af5bc47469d13			FALSE_POSITIVE_TECHNICAL|PUBLIC_INSTITUTIONAL_DATA|SYNTHETIC_EXAMPLE|PERSONAL_DATA_PRESENT		PERSONAL_DATA_PRESENT				
PII_FINDING	P2_CANDIDATE	d9832953fcfde74abf70307026aae5d5b878a7f27cc7b98af88af5bc47469d13	false			MOYEN				db6373a9519ec58dd839e6a09e45650766e5352db8328d12374f8beefd269963	phone_french	80	NATIVE_TEXT	d9832953fcfde74abf70307026aae5d5b878a7f27cc7b98af88af5bc47469d13			FALSE_POSITIVE_TECHNICAL|PUBLIC_INSTITUTIONAL_DATA|SYNTHETIC_EXAMPLE|PERSONAL_DATA_PRESENT		PERSONAL_DATA_PRESENT				
PII_CONTENT	P2_CANDIDATE	dd764a6c8ea8cd1bd091dd78bed4bc1486f27a8d7d62af237c19a3d3ebb6386e	false	observatoire-phenologique-des-saisons-rechauffement-climatique--dd764a6c8e	01_EDUSCOL_OFFICIEL/COLLEGE/CYCLE_4_TRANSVERSAL/SVT/03_RESSOURCES_ACCOMPAGNEMENT/2017/observatoire-phenologique-des-saisons-rechauffement-climatique--dd764a6c8e.pdf	MOYEN	email_address	1	2					dd764a6c8ea8cd1bd091dd78bed4bc1486f27a8d7d62af237c19a3d3ebb6386e			PII_CLEARED|PII_REDACTION_REQUIRED|EXCLUDE_FROM_SERVABLE_SET|HUMAN_REVIEW_REQUIRED	EXCLUDE_FROM_SERVABLE_SET		PERSONAL_DATA_PRESENT	abenrhouma		Exclusion par précaution : 1 signalement(s) (email_address) non examinés individuellement, présumés données personnelles ; le contenu n'est pas servi.
PII_FINDING	P2_CANDIDATE	dd764a6c8ea8cd1bd091dd78bed4bc1486f27a8d7d62af237c19a3d3ebb6386e	false			MOYEN				d31a2206d5559d8744e5c5bf1d53cb62f901652fca36fe445e6521353d2edf0a	email_address	2	NATIVE_TEXT	dd764a6c8ea8cd1bd091dd78bed4bc1486f27a8d7d62af237c19a3d3ebb6386e			FALSE_POSITIVE_TECHNICAL|PUBLIC_INSTITUTIONAL_DATA|SYNTHETIC_EXAMPLE|PERSONAL_DATA_PRESENT		PERSONAL_DATA_PRESENT				
PII_CONTENT	P2_CANDIDATE	dfb6dcdf9c751bd456387c2e2b945fa0fda52a1547f3f9875dea13729f71053c	false	axe-production-et-circulation-des-savoirs-the-university-of-the-future-pdf-1-05-mo--dfb6dcdf9c	01_EDUSCOL_OFFICIEL/LYCEE/PREMIERE/LLCER/07_DIAPORAMAS_SUPPORTS/2022/axe-production-et-circulation-des-savoirs-the-university-of-the-future-pdf-1-05-mo--dfb6dcdf9c.pdf	MOYEN	phone_french	1	12					dfb6dcdf9c751bd456387c2e2b945fa0fda52a1547f3f9875dea13729f71053c			PII_CLEARED|PII_REDACTION_REQUIRED|EXCLUDE_FROM_SERVABLE_SET|HUMAN_REVIEW_REQUIRED	EXCLUDE_FROM_SERVABLE_SET		PERSONAL_DATA_PRESENT	abenrhouma		Exclusion par précaution : 1 signalement(s) (phone_french) non examinés individuellement, présumés données personnelles ; le contenu n'est pas servi.
PII_FINDING	P2_CANDIDATE	dfb6dcdf9c751bd456387c2e2b945fa0fda52a1547f3f9875dea13729f71053c	false			MOYEN				e5041afcd602bf8a229f9a828283111533ce60d45f4465292ce3cd30a04c0652	phone_french	12	NATIVE_TEXT	dfb6dcdf9c751bd456387c2e2b945fa0fda52a1547f3f9875dea13729f71053c			FALSE_POSITIVE_TECHNICAL|PUBLIC_INSTITUTIONAL_DATA|SYNTHETIC_EXAMPLE|PERSONAL_DATA_PRESENT		PERSONAL_DATA_PRESENT				
PII_CONTENT	P2_CANDIDATE	e1df146a56150632ba50e603fcb6f9399e3f83e41e37b948f8070634098de1b5	false	securite-et-cybercriminalite-pdf-497-53-ko--e1df146a56	01_EDUSCOL_OFFICIEL/STMG/TERMINALE/06_GUIDES/2020/securite-et-cybercriminalite-pdf-497-53-ko--e1df146a56.pdf	MOYEN	phone_french	3	6|16|19					e1df146a56150632ba50e603fcb6f9399e3f83e41e37b948f8070634098de1b5			PII_CLEARED|PII_REDACTION_REQUIRED|EXCLUDE_FROM_SERVABLE_SET|HUMAN_REVIEW_REQUIRED	EXCLUDE_FROM_SERVABLE_SET		PERSONAL_DATA_PRESENT	abenrhouma		Exclusion par précaution : 3 signalement(s) (phone_french) non examinés individuellement, présumés données personnelles ; le contenu n'est pas servi.
PII_FINDING	P2_CANDIDATE	e1df146a56150632ba50e603fcb6f9399e3f83e41e37b948f8070634098de1b5	false			MOYEN				4107bdcc2f81b8ea23cd1ec57b1a342659f746099524981e83dc5df462542ba8	phone_french	6	NATIVE_TEXT	e1df146a56150632ba50e603fcb6f9399e3f83e41e37b948f8070634098de1b5			FALSE_POSITIVE_TECHNICAL|PUBLIC_INSTITUTIONAL_DATA|SYNTHETIC_EXAMPLE|PERSONAL_DATA_PRESENT		PERSONAL_DATA_PRESENT				
PII_FINDING	P2_CANDIDATE	e1df146a56150632ba50e603fcb6f9399e3f83e41e37b948f8070634098de1b5	false			MOYEN				533760db5deed6431183abdc5a680727777bb497a3643ba5c2d5beed6492c237	phone_french	16	NATIVE_TEXT	e1df146a56150632ba50e603fcb6f9399e3f83e41e37b948f8070634098de1b5			FALSE_POSITIVE_TECHNICAL|PUBLIC_INSTITUTIONAL_DATA|SYNTHETIC_EXAMPLE|PERSONAL_DATA_PRESENT		PERSONAL_DATA_PRESENT				
PII_FINDING	P2_CANDIDATE	e1df146a56150632ba50e603fcb6f9399e3f83e41e37b948f8070634098de1b5	false			MOYEN				b03b5b0bed823e55c1d48a5a134a8abe961e5cc2e52ba0fdc9e2f9d50c7f29f4	phone_french	19	NATIVE_TEXT	e1df146a56150632ba50e603fcb6f9399e3f83e41e37b948f8070634098de1b5			FALSE_POSITIVE_TECHNICAL|PUBLIC_INSTITUTIONAL_DATA|SYNTHETIC_EXAMPLE|PERSONAL_DATA_PRESENT		PERSONAL_DATA_PRESENT				
PII_CONTENT	P2_CANDIDATE	e28f3aa99b14a0f796df9a76d1c82ccfbcba5eee96d9f71631c1b941e6c9214f	false	diaporama-de-la-presentation-pdf-336-6-ko--e28f3aa99b	01_EDUSCOL_OFFICIEL/STMG/COMMUN/07_DIAPORAMAS_SUPPORTS/2019/diaporama-de-la-presentation-pdf-336-6-ko--e28f3aa99b.pdf	MOYEN	phone_french	2	9					e28f3aa99b14a0f796df9a76d1c82ccfbcba5eee96d9f71631c1b941e6c9214f			PII_CLEARED|PII_REDACTION_REQUIRED|EXCLUDE_FROM_SERVABLE_SET|HUMAN_REVIEW_REQUIRED	EXCLUDE_FROM_SERVABLE_SET		PERSONAL_DATA_PRESENT	abenrhouma		Exclusion par précaution : 2 signalement(s) (phone_french) non examinés individuellement, présumés données personnelles ; le contenu n'est pas servi.
PII_FINDING	P2_CANDIDATE	e28f3aa99b14a0f796df9a76d1c82ccfbcba5eee96d9f71631c1b941e6c9214f	false			MOYEN				0fee9caa2ecd3d219bf5d2959057a5ceb3b021d06294ac67268bc3c794f2c75e	phone_french	9	NATIVE_TEXT	e28f3aa99b14a0f796df9a76d1c82ccfbcba5eee96d9f71631c1b941e6c9214f			FALSE_POSITIVE_TECHNICAL|PUBLIC_INSTITUTIONAL_DATA|SYNTHETIC_EXAMPLE|PERSONAL_DATA_PRESENT		PERSONAL_DATA_PRESENT				
PII_FINDING	P2_CANDIDATE	e28f3aa99b14a0f796df9a76d1c82ccfbcba5eee96d9f71631c1b941e6c9214f	false			MOYEN				69a7c27506fd59a78bf43adf8df2bc895a6b1d65626b963fdbd5f62f072b174b	phone_french	9	NATIVE_TEXT	e28f3aa99b14a0f796df9a76d1c82ccfbcba5eee96d9f71631c1b941e6c9214f			FALSE_POSITIVE_TECHNICAL|PUBLIC_INSTITUTIONAL_DATA|SYNTHETIC_EXAMPLE|PERSONAL_DATA_PRESENT		PERSONAL_DATA_PRESENT				
PII_CONTENT	P2_CANDIDATE	e4b0460e2b9d92849e986bdccac28750e7e2a0ce6c0136acc272af3393eae622	false	memento-pour-les-chefs-d-etablissement-actualise-le-18-12-2025-pdf-162-1-ko--e4b0460e2b	01_EDUSCOL_OFFICIEL/COLLEGE/CYCLE_4_TRANSVERSAL/LANGUES_VIVANTES/06_GUIDES/2025/memento-pour-les-chefs-d-etablissement-actualise-le-18-12-2025-pdf-162-1-ko--e4b0460e2b.pdf	MOYEN	email_address	3	2					e4b0460e2b9d92849e986bdccac28750e7e2a0ce6c0136acc272af3393eae622			PII_CLEARED|PII_REDACTION_REQUIRED|EXCLUDE_FROM_SERVABLE_SET|HUMAN_REVIEW_REQUIRED	EXCLUDE_FROM_SERVABLE_SET		PERSONAL_DATA_PRESENT	abenrhouma		Exclusion par précaution : 3 signalement(s) (email_address) non examinés individuellement, présumés données personnelles ; le contenu n'est pas servi.
PII_FINDING	P2_CANDIDATE	e4b0460e2b9d92849e986bdccac28750e7e2a0ce6c0136acc272af3393eae622	false			MOYEN				091f64b59da1140845a4390bfcef406d92e34bf72b5468ec6d0da7074f0c5410	email_address	2	NATIVE_TEXT	e4b0460e2b9d92849e986bdccac28750e7e2a0ce6c0136acc272af3393eae622			FALSE_POSITIVE_TECHNICAL|PUBLIC_INSTITUTIONAL_DATA|SYNTHETIC_EXAMPLE|PERSONAL_DATA_PRESENT		PERSONAL_DATA_PRESENT				
PII_FINDING	P2_CANDIDATE	e4b0460e2b9d92849e986bdccac28750e7e2a0ce6c0136acc272af3393eae622	false			MOYEN				525f835b0e9c8e7cc6b1198c45d59cf57333a445885071fd43ad6f9f09c28290	email_address	2	NATIVE_TEXT	e4b0460e2b9d92849e986bdccac28750e7e2a0ce6c0136acc272af3393eae622			FALSE_POSITIVE_TECHNICAL|PUBLIC_INSTITUTIONAL_DATA|SYNTHETIC_EXAMPLE|PERSONAL_DATA_PRESENT		PERSONAL_DATA_PRESENT				
PII_FINDING	P2_CANDIDATE	e4b0460e2b9d92849e986bdccac28750e7e2a0ce6c0136acc272af3393eae622	false			MOYEN				682e765e9e6ce0ba37d89733ab37bcf6b10d76cb8a146e9816340615da87a0be	email_address	2	NATIVE_TEXT	e4b0460e2b9d92849e986bdccac28750e7e2a0ce6c0136acc272af3393eae622			FALSE_POSITIVE_TECHNICAL|PUBLIC_INSTITUTIONAL_DATA|SYNTHETIC_EXAMPLE|PERSONAL_DATA_PRESENT		PERSONAL_DATA_PRESENT				
PII_CONTENT	P2_CANDIDATE	e6686275d37f29fc4b8a5f893a36740dc35c3531fe7e120d7b9fcc1590eeb0b6	false	enregistrer-et-analyser-des-sons-avec-des-outils-numeriques-version-pdf-pdf-1-76-mo--e6686275d3	01_EDUSCOL_OFFICIEL/COLLEGE/CYCLE_4_TRANSVERSAL/PHYSIQUE_CHIMIE/03_RESSOURCES_ACCOMPAGNEMENT/2016/enregistrer-et-analyser-des-sons-avec-des-outils-numeriques-version-pdf-pdf-1-76-mo--e6686275d3.pdf	MOYEN	postal_address	1	15					e6686275d37f29fc4b8a5f893a36740dc35c3531fe7e120d7b9fcc1590eeb0b6			PII_CLEARED|PII_REDACTION_REQUIRED|EXCLUDE_FROM_SERVABLE_SET|HUMAN_REVIEW_REQUIRED	EXCLUDE_FROM_SERVABLE_SET		PERSONAL_DATA_PRESENT	abenrhouma		Exclusion par précaution : 1 signalement(s) (postal_address) non examinés individuellement, présumés données personnelles ; le contenu n'est pas servi.
PII_FINDING	P2_CANDIDATE	e6686275d37f29fc4b8a5f893a36740dc35c3531fe7e120d7b9fcc1590eeb0b6	false			MOYEN				06c83c884c853d9caff6131c7197f12df9ccffb26672e99f354467449811b6c9	postal_address	15	NATIVE_TEXT	e6686275d37f29fc4b8a5f893a36740dc35c3531fe7e120d7b9fcc1590eeb0b6			FALSE_POSITIVE_TECHNICAL|PUBLIC_INSTITUTIONAL_DATA|SYNTHETIC_EXAMPLE|PERSONAL_DATA_PRESENT		PERSONAL_DATA_PRESENT				
PII_CONTENT	P2_CANDIDATE	e70ceaff5258f9b66174c905fcd8d2d5aecc36e0404bec86ca7d8661c6f6ad8f	false	annexe-deplacement-des-plaques-lithospheriques-educarte--e70ceaff52	01_EDUSCOL_OFFICIEL/COLLEGE/CYCLE_4_TRANSVERSAL/SVT/03_RESSOURCES_ACCOMPAGNEMENT/2017/annexe-deplacement-des-plaques-lithospheriques-educarte--e70ceaff52.pdf	MOYEN	phone_french	8	1|2					e70ceaff5258f9b66174c905fcd8d2d5aecc36e0404bec86ca7d8661c6f6ad8f			PII_CLEARED|PII_REDACTION_REQUIRED|EXCLUDE_FROM_SERVABLE_SET|HUMAN_REVIEW_REQUIRED	EXCLUDE_FROM_SERVABLE_SET		PERSONAL_DATA_PRESENT	abenrhouma		Exclusion par précaution : 8 signalement(s) (phone_french) non examinés individuellement, présumés données personnelles ; le contenu n'est pas servi.
PII_FINDING	P2_CANDIDATE	e70ceaff5258f9b66174c905fcd8d2d5aecc36e0404bec86ca7d8661c6f6ad8f	false			MOYEN				01267ce48b2b6ac06f7b432fc8ebb0d90dfb128f847aafebf1c6a23cb839551f	phone_french	1	NATIVE_TEXT	e70ceaff5258f9b66174c905fcd8d2d5aecc36e0404bec86ca7d8661c6f6ad8f			FALSE_POSITIVE_TECHNICAL|PUBLIC_INSTITUTIONAL_DATA|SYNTHETIC_EXAMPLE|PERSONAL_DATA_PRESENT		PERSONAL_DATA_PRESENT				
PII_FINDING	P2_CANDIDATE	e70ceaff5258f9b66174c905fcd8d2d5aecc36e0404bec86ca7d8661c6f6ad8f	false			MOYEN				1c069c893330bbe436bd93b3502ad0b45fb53bf6ea0e37b4a4a4f064784650e5	phone_french	1	NATIVE_TEXT	e70ceaff5258f9b66174c905fcd8d2d5aecc36e0404bec86ca7d8661c6f6ad8f			FALSE_POSITIVE_TECHNICAL|PUBLIC_INSTITUTIONAL_DATA|SYNTHETIC_EXAMPLE|PERSONAL_DATA_PRESENT		PERSONAL_DATA_PRESENT				
PII_FINDING	P2_CANDIDATE	e70ceaff5258f9b66174c905fcd8d2d5aecc36e0404bec86ca7d8661c6f6ad8f	false			MOYEN				1dc1316752ea7c0981b8b407b6d2ad0d336b461487b09b62870866e82d3b932f	phone_french	1	NATIVE_TEXT	e70ceaff5258f9b66174c905fcd8d2d5aecc36e0404bec86ca7d8661c6f6ad8f			FALSE_POSITIVE_TECHNICAL|PUBLIC_INSTITUTIONAL_DATA|SYNTHETIC_EXAMPLE|PERSONAL_DATA_PRESENT		PERSONAL_DATA_PRESENT				
PII_FINDING	P2_CANDIDATE	e70ceaff5258f9b66174c905fcd8d2d5aecc36e0404bec86ca7d8661c6f6ad8f	false			MOYEN				570fa47434bb0704d95360ab1949da95d70aeb0a519c9be237a5f771e023e43b	phone_french	1	NATIVE_TEXT	e70ceaff5258f9b66174c905fcd8d2d5aecc36e0404bec86ca7d8661c6f6ad8f			FALSE_POSITIVE_TECHNICAL|PUBLIC_INSTITUTIONAL_DATA|SYNTHETIC_EXAMPLE|PERSONAL_DATA_PRESENT		PERSONAL_DATA_PRESENT				
PII_FINDING	P2_CANDIDATE	e70ceaff5258f9b66174c905fcd8d2d5aecc36e0404bec86ca7d8661c6f6ad8f	false			MOYEN				57eb5201e7c88dbaa87cd8f017fa17b581d9c8a0073b5a7162df88110fd8eb4f	phone_french	1	NATIVE_TEXT	e70ceaff5258f9b66174c905fcd8d2d5aecc36e0404bec86ca7d8661c6f6ad8f			FALSE_POSITIVE_TECHNICAL|PUBLIC_INSTITUTIONAL_DATA|SYNTHETIC_EXAMPLE|PERSONAL_DATA_PRESENT		PERSONAL_DATA_PRESENT				
PII_FINDING	P2_CANDIDATE	e70ceaff5258f9b66174c905fcd8d2d5aecc36e0404bec86ca7d8661c6f6ad8f	false			MOYEN				a534763dfcc33c8fdd9023531ea1003ac0716b9a94702b214766f8a2d44c7b85	phone_french	1	NATIVE_TEXT	e70ceaff5258f9b66174c905fcd8d2d5aecc36e0404bec86ca7d8661c6f6ad8f			FALSE_POSITIVE_TECHNICAL|PUBLIC_INSTITUTIONAL_DATA|SYNTHETIC_EXAMPLE|PERSONAL_DATA_PRESENT		PERSONAL_DATA_PRESENT				
PII_FINDING	P2_CANDIDATE	e70ceaff5258f9b66174c905fcd8d2d5aecc36e0404bec86ca7d8661c6f6ad8f	false			MOYEN				a78a042fb28485cd3e81b966983bacdfb8d065f7debe940bf77204fd73dde026	phone_french	2	NATIVE_TEXT	e70ceaff5258f9b66174c905fcd8d2d5aecc36e0404bec86ca7d8661c6f6ad8f			FALSE_POSITIVE_TECHNICAL|PUBLIC_INSTITUTIONAL_DATA|SYNTHETIC_EXAMPLE|PERSONAL_DATA_PRESENT		PERSONAL_DATA_PRESENT				
PII_FINDING	P2_CANDIDATE	e70ceaff5258f9b66174c905fcd8d2d5aecc36e0404bec86ca7d8661c6f6ad8f	false			MOYEN				aed4510444a86adceddd3f792f7a2f8296dd9f9b61a23379aafe3268f0aeab87	phone_french	2	NATIVE_TEXT	e70ceaff5258f9b66174c905fcd8d2d5aecc36e0404bec86ca7d8661c6f6ad8f			FALSE_POSITIVE_TECHNICAL|PUBLIC_INSTITUTIONAL_DATA|SYNTHETIC_EXAMPLE|PERSONAL_DATA_PRESENT		PERSONAL_DATA_PRESENT				
PII_CONTENT	P2_CANDIDATE	ed1cb06c311fd157d0fee6c71b97e42da8c02b253ca494b887e4aae7f01dbcb3	false	vademecum-pour-le-reseau-aefe-pdf-847-78-ko--ed1cb06c31	01_EDUSCOL_OFFICIEL/COLLEGE/CYCLE_4_TRANSVERSAL/MATHEMATIQUES/09_AUTRES/2019/vademecum-pour-le-reseau-aefe-pdf-847-78-ko--ed1cb06c31.pdf	MOYEN	email_address	2	13					ed1cb06c311fd157d0fee6c71b97e42da8c02b253ca494b887e4aae7f01dbcb3			PII_CLEARED|PII_REDACTION_REQUIRED|EXCLUDE_FROM_SERVABLE_SET|HUMAN_REVIEW_REQUIRED	EXCLUDE_FROM_SERVABLE_SET		PERSONAL_DATA_PRESENT	abenrhouma		Exclusion par précaution : 2 signalement(s) (email_address) non examinés individuellement, présumés données personnelles ; le contenu n'est pas servi.
PII_FINDING	P2_CANDIDATE	ed1cb06c311fd157d0fee6c71b97e42da8c02b253ca494b887e4aae7f01dbcb3	false			MOYEN				78952640898006d6fc86d84a1b58aec29332c3645cd65a0bb9d8928e131ad072	email_address	13	NATIVE_TEXT	ed1cb06c311fd157d0fee6c71b97e42da8c02b253ca494b887e4aae7f01dbcb3			FALSE_POSITIVE_TECHNICAL|PUBLIC_INSTITUTIONAL_DATA|SYNTHETIC_EXAMPLE|PERSONAL_DATA_PRESENT		PERSONAL_DATA_PRESENT				
PII_FINDING	P2_CANDIDATE	ed1cb06c311fd157d0fee6c71b97e42da8c02b253ca494b887e4aae7f01dbcb3	false			MOYEN				a05f1c3ddee46c47e944f4224b06dde5f5e500cef976dfcdb369d38ae1de4362	email_address	13	NATIVE_TEXT	ed1cb06c311fd157d0fee6c71b97e42da8c02b253ca494b887e4aae7f01dbcb3			FALSE_POSITIVE_TECHNICAL|PUBLIC_INSTITUTIONAL_DATA|SYNTHETIC_EXAMPLE|PERSONAL_DATA_PRESENT		PERSONAL_DATA_PRESENT				
PII_CONTENT	P2_CANDIDATE	edd36e6204bc9c597335f2084c6c855a57766b259661641bf7cc6e22771fc93a	false	comprendre-une-reglementation-et-des-amenagements-agir-en-citoyen-responsable--edd36e6204	01_EDUSCOL_OFFICIEL/COLLEGE/CYCLE_4_TRANSVERSAL/SVT/07_DIAPORAMAS_SUPPORTS/2016/comprendre-une-reglementation-et-des-amenagements-agir-en-citoyen-responsable--edd36e6204.pdf	MOYEN	postal_address	2	5					edd36e6204bc9c597335f2084c6c855a57766b259661641bf7cc6e22771fc93a			PII_CLEARED|PII_REDACTION_REQUIRED|EXCLUDE_FROM_SERVABLE_SET|HUMAN_REVIEW_REQUIRED	EXCLUDE_FROM_SERVABLE_SET		PERSONAL_DATA_PRESENT	abenrhouma		Exclusion par précaution : 2 signalement(s) (postal_address) non examinés individuellement, présumés données personnelles ; le contenu n'est pas servi.
PII_FINDING	P2_CANDIDATE	edd36e6204bc9c597335f2084c6c855a57766b259661641bf7cc6e22771fc93a	false			MOYEN				a6b5f4b95b6ff78d984a0de0ef786ff2a554ad6588481fdfeb9d712bcd6c1ff5	postal_address	5	NATIVE_TEXT	edd36e6204bc9c597335f2084c6c855a57766b259661641bf7cc6e22771fc93a			FALSE_POSITIVE_TECHNICAL|PUBLIC_INSTITUTIONAL_DATA|SYNTHETIC_EXAMPLE|PERSONAL_DATA_PRESENT		PERSONAL_DATA_PRESENT				
PII_FINDING	P2_CANDIDATE	edd36e6204bc9c597335f2084c6c855a57766b259661641bf7cc6e22771fc93a	false			MOYEN				ab606838d28ae43623cc5e5dddbddc4fc345026a1e5b662072fa02953e5e3330	postal_address	5	NATIVE_TEXT	edd36e6204bc9c597335f2084c6c855a57766b259661641bf7cc6e22771fc93a			FALSE_POSITIVE_TECHNICAL|PUBLIC_INSTITUTIONAL_DATA|SYNTHETIC_EXAMPLE|PERSONAL_DATA_PRESENT		PERSONAL_DATA_PRESENT				
PII_CONTENT	P2_CANDIDATE	ef10dd5f402ecd51f9f8f3458e808a7a12a4c3a615c3992c447abaa7babbb56b	false	ressources-numeriques-pour-accompagner-l-etude-des-foyers-chrono-geographiques-pdf-174-97-ko--ef10dd5f40	01_EDUSCOL_OFFICIEL/LYCEE/SECONDE/HISTOIRE_DES_ARTS/01_PROGRAMMES_OFFICIELS/2021/ressources-numeriques-pour-accompagner-l-etude-des-foyers-chrono-geographiques-pdf-174-97-ko--ef10dd5f40.pdf	MOYEN	phone_french	1	8					ef10dd5f402ecd51f9f8f3458e808a7a12a4c3a615c3992c447abaa7babbb56b			PII_CLEARED|PII_REDACTION_REQUIRED|EXCLUDE_FROM_SERVABLE_SET|HUMAN_REVIEW_REQUIRED	EXCLUDE_FROM_SERVABLE_SET		PERSONAL_DATA_PRESENT	abenrhouma		Exclusion par précaution : 1 signalement(s) (phone_french) non examinés individuellement, présumés données personnelles ; le contenu n'est pas servi.
PII_FINDING	P2_CANDIDATE	ef10dd5f402ecd51f9f8f3458e808a7a12a4c3a615c3992c447abaa7babbb56b	false			MOYEN				4772d90a73c68ee4cdecf1eeb312b6c2c3a25bbfccccabd8739c68406e8cf1df	phone_french	8	NATIVE_TEXT	ef10dd5f402ecd51f9f8f3458e808a7a12a4c3a615c3992c447abaa7babbb56b			FALSE_POSITIVE_TECHNICAL|PUBLIC_INSTITUTIONAL_DATA|SYNTHETIC_EXAMPLE|PERSONAL_DATA_PRESENT		PERSONAL_DATA_PRESENT				
PII_CONTENT	P2_CANDIDATE	f530cf5529857fa1925cb429261f014d46d25b176844e5350ffb43caf0514528	false	mettre-en-oeuvre-l-enseignement-de-specialite-sciences-et-techniques-sanitaires-et-sociales-en-classe-de-terminale-pdf-279-16-ko--f530cf5529	01_EDUSCOL_OFFICIEL/LYCEE/TRANSVERSAL_MULTI_NIVEAUX/80_A_VERIFIER/PHYSIQUE_CHIMIE/01_PROGRAMMES_OFFICIELS/2020/mettre-en-oeuvre-l-enseignement-de-specialite-sciences-et-techniques-sanitaires-et-sociales-en-classe-de-terminale-pdf-279-16-ko--f530cf5529.pdf	MOYEN	phone_french	1	12					f530cf5529857fa1925cb429261f014d46d25b176844e5350ffb43caf0514528			PII_CLEARED|PII_REDACTION_REQUIRED|EXCLUDE_FROM_SERVABLE_SET|HUMAN_REVIEW_REQUIRED	EXCLUDE_FROM_SERVABLE_SET		PERSONAL_DATA_PRESENT	abenrhouma		Exclusion par précaution : 1 signalement(s) (phone_french) non examinés individuellement, présumés données personnelles ; le contenu n'est pas servi.
PII_FINDING	P2_CANDIDATE	f530cf5529857fa1925cb429261f014d46d25b176844e5350ffb43caf0514528	false			MOYEN				ba4d641021136232a58dacf9bfa8f36784b17b2bcb21581f73215f100bd44857	phone_french	12	NATIVE_TEXT	f530cf5529857fa1925cb429261f014d46d25b176844e5350ffb43caf0514528			FALSE_POSITIVE_TECHNICAL|PUBLIC_INSTITUTIONAL_DATA|SYNTHETIC_EXAMPLE|PERSONAL_DATA_PRESENT		PERSONAL_DATA_PRESENT				
PII_CONTENT	P2_CANDIDATE	f55d5b374be83fbea0754762e799d90fa01a6c60808d88ef708754f7a561c135	false	reperes-de-progressivite-linguistique--f55d5b374b	01_EDUSCOL_OFFICIEL/COLLEGE/CYCLE_4_TRANSVERSAL/LANGUES_VIVANTES/02_REPERES_ATTENDUS/2016/reperes-de-progressivite-linguistique--f55d5b374b.pdf	MOYEN	postal_address	1	12					f55d5b374be83fbea0754762e799d90fa01a6c60808d88ef708754f7a561c135			PII_CLEARED|PII_REDACTION_REQUIRED|EXCLUDE_FROM_SERVABLE_SET|HUMAN_REVIEW_REQUIRED	EXCLUDE_FROM_SERVABLE_SET		PERSONAL_DATA_PRESENT	abenrhouma		Exclusion par précaution : 1 signalement(s) (postal_address) non examinés individuellement, présumés données personnelles ; le contenu n'est pas servi.
PII_FINDING	P2_CANDIDATE	f55d5b374be83fbea0754762e799d90fa01a6c60808d88ef708754f7a561c135	false			MOYEN				cb2f800e25104bedfd3379cd9e71b79f2b93c1a2e464714bd2ff2677f27901b7	postal_address	12	NATIVE_TEXT	f55d5b374be83fbea0754762e799d90fa01a6c60808d88ef708754f7a561c135			FALSE_POSITIVE_TECHNICAL|PUBLIC_INSTITUTIONAL_DATA|SYNTHETIC_EXAMPLE|PERSONAL_DATA_PRESENT		PERSONAL_DATA_PRESENT				
PII_CONTENT	P2_CANDIDATE	f57f064453a7f4d27f0a23f09cb564166a5d3da852833e1a95bebdb5f31a7e80	false	comment-articuler-competences-scientifiques-et-strategies-de-la-communication-orale-pdf-610-61-ko--f57f064453	01_EDUSCOL_OFFICIEL/LYCEE/TRANSVERSAL_MULTI_NIVEAUX/80_A_VERIFIER/_MULTI_DISCIPLINES/09_AUTRES/2020/comment-articuler-competences-scientifiques-et-strategies-de-la-communication-orale-pdf-610-61-ko--f57f064453.pdf	MOYEN	postal_address	1	12					f57f064453a7f4d27f0a23f09cb564166a5d3da852833e1a95bebdb5f31a7e80			PII_CLEARED|PII_REDACTION_REQUIRED|EXCLUDE_FROM_SERVABLE_SET|HUMAN_REVIEW_REQUIRED	EXCLUDE_FROM_SERVABLE_SET		PERSONAL_DATA_PRESENT	abenrhouma		Exclusion par précaution : 1 signalement(s) (postal_address) non examinés individuellement, présumés données personnelles ; le contenu n'est pas servi.
PII_FINDING	P2_CANDIDATE	f57f064453a7f4d27f0a23f09cb564166a5d3da852833e1a95bebdb5f31a7e80	false			MOYEN				620ec94b5b5996e0a94cf08a304e7cbc9b13d9751e62702aa643816dec00b286	postal_address	12	NATIVE_TEXT	f57f064453a7f4d27f0a23f09cb564166a5d3da852833e1a95bebdb5f31a7e80			FALSE_POSITIVE_TECHNICAL|PUBLIC_INSTITUTIONAL_DATA|SYNTHETIC_EXAMPLE|PERSONAL_DATA_PRESENT		PERSONAL_DATA_PRESENT				
PII_CONTENT	P2_CANDIDATE	f83187cfa9c7524d91167a74c5bec99d3cbb0e47e6a65ddd73839a48124c3807	false	plaquette-de-presentation-du-passeport-educfi-au-college--f83187cfa9	01_EDUSCOL_OFFICIEL/LYCEE/TRANSVERSAL_MULTI_NIVEAUX/80_A_VERIFIER/MATHEMATIQUES/07_DIAPORAMAS_SUPPORTS/2026/plaquette-de-presentation-du-passeport-educfi-au-college--f83187cfa9.pdf	MOYEN	email_address	1	1					f83187cfa9c7524d91167a74c5bec99d3cbb0e47e6a65ddd73839a48124c3807			PII_CLEARED|PII_REDACTION_REQUIRED|EXCLUDE_FROM_SERVABLE_SET|HUMAN_REVIEW_REQUIRED	EXCLUDE_FROM_SERVABLE_SET		PERSONAL_DATA_PRESENT	abenrhouma		Exclusion par précaution : 1 signalement(s) (email_address) non examinés individuellement, présumés données personnelles ; le contenu n'est pas servi.
PII_FINDING	P2_CANDIDATE	f83187cfa9c7524d91167a74c5bec99d3cbb0e47e6a65ddd73839a48124c3807	false			MOYEN				44360edc57ea55cfd7020eb978013f4fffc8f8ce55e31e2fcbca34180e009615	email_address	1	NATIVE_TEXT	f83187cfa9c7524d91167a74c5bec99d3cbb0e47e6a65ddd73839a48124c3807			FALSE_POSITIVE_TECHNICAL|PUBLIC_INSTITUTIONAL_DATA|SYNTHETIC_EXAMPLE|PERSONAL_DATA_PRESENT		PERSONAL_DATA_PRESENT				
PII_CONTENT	P2_CANDIDATE	f9bdfde7c92ef413eb3ae4d56e6a070c8456675afc616af07bd3b8ea7de8d5d9	false	deplacement-des-plaques-lithospheriques-logiciel-educarte--f9bdfde7c9	01_EDUSCOL_OFFICIEL/COLLEGE/CYCLE_4_TRANSVERSAL/SVT/03_RESSOURCES_ACCOMPAGNEMENT/2017/deplacement-des-plaques-lithospheriques-logiciel-educarte--f9bdfde7c9.pdf	MOYEN	phone_french|student_name_pattern	3	3|5					f9bdfde7c92ef413eb3ae4d56e6a070c8456675afc616af07bd3b8ea7de8d5d9			PII_CLEARED|PII_REDACTION_REQUIRED|EXCLUDE_FROM_SERVABLE_SET|HUMAN_REVIEW_REQUIRED	EXCLUDE_FROM_SERVABLE_SET		PERSONAL_DATA_PRESENT	abenrhouma		Exclusion par précaution : 3 signalement(s) (phone_french, student_name_pattern) non examinés individuellement, présumés données personnelles ; le contenu n'est pas servi.
PII_FINDING	P2_CANDIDATE	f9bdfde7c92ef413eb3ae4d56e6a070c8456675afc616af07bd3b8ea7de8d5d9	false			MOYEN				2cb9978b92fc9757cb99e55830d856c59e6fd6d0589b9133b30abe045c0a4729	phone_french	5	NATIVE_TEXT	f9bdfde7c92ef413eb3ae4d56e6a070c8456675afc616af07bd3b8ea7de8d5d9			FALSE_POSITIVE_TECHNICAL|PUBLIC_INSTITUTIONAL_DATA|SYNTHETIC_EXAMPLE|PERSONAL_DATA_PRESENT		PERSONAL_DATA_PRESENT				
PII_FINDING	P2_CANDIDATE	f9bdfde7c92ef413eb3ae4d56e6a070c8456675afc616af07bd3b8ea7de8d5d9	false			MOYEN				6a0ac831a2133209b8cbdeba2edbacf476053504784a7eea543c933980f55bb6	student_name_pattern	3	NATIVE_TEXT	f9bdfde7c92ef413eb3ae4d56e6a070c8456675afc616af07bd3b8ea7de8d5d9			FALSE_POSITIVE_TECHNICAL|PUBLIC_INSTITUTIONAL_DATA|SYNTHETIC_EXAMPLE|PERSONAL_DATA_PRESENT		PERSONAL_DATA_PRESENT				
PII_FINDING	P2_CANDIDATE	f9bdfde7c92ef413eb3ae4d56e6a070c8456675afc616af07bd3b8ea7de8d5d9	false			MOYEN				c9f5347cdf85562988db151284bb5ce2ea586521b1c55ed0264783b98ed50239	student_name_pattern	5	NATIVE_TEXT	f9bdfde7c92ef413eb3ae4d56e6a070c8456675afc616af07bd3b8ea7de8d5d9			FALSE_POSITIVE_TECHNICAL|PUBLIC_INSTITUTIONAL_DATA|SYNTHETIC_EXAMPLE|PERSONAL_DATA_PRESENT		PERSONAL_DATA_PRESENT				
PII_CONTENT	P2_CANDIDATE	fa611d76d8cb9e645514d796d96e1a072ba5dda009c8f8e3e5759ce0e0497172	false	telecharger-le-projet-de-programme--fa611d76d8	01_EDUSCOL_OFFICIEL/LYCEE/TRANSVERSAL_MULTI_NIVEAUX/80_A_VERIFIER/PHILOSOPHIE/09_AUTRES/2024/telecharger-le-projet-de-programme--fa611d76d8.pdf	MOYEN	email_address|phone_french	4	3|4					fa611d76d8cb9e645514d796d96e1a072ba5dda009c8f8e3e5759ce0e0497172			PII_CLEARED|PII_REDACTION_REQUIRED|EXCLUDE_FROM_SERVABLE_SET|HUMAN_REVIEW_REQUIRED	EXCLUDE_FROM_SERVABLE_SET		PERSONAL_DATA_PRESENT	abenrhouma		Exclusion par précaution : 4 signalement(s) (email_address, phone_french) non examinés individuellement, présumés données personnelles ; le contenu n'est pas servi.
PII_FINDING	P2_CANDIDATE	fa611d76d8cb9e645514d796d96e1a072ba5dda009c8f8e3e5759ce0e0497172	false			MOYEN				0a79d7661c7ebdf73387480176ce06168fe314b97996effbadb5751557f3e4f9	email_address	3	NATIVE_TEXT	fa611d76d8cb9e645514d796d96e1a072ba5dda009c8f8e3e5759ce0e0497172			FALSE_POSITIVE_TECHNICAL|PUBLIC_INSTITUTIONAL_DATA|SYNTHETIC_EXAMPLE|PERSONAL_DATA_PRESENT		PERSONAL_DATA_PRESENT				
PII_FINDING	P2_CANDIDATE	fa611d76d8cb9e645514d796d96e1a072ba5dda009c8f8e3e5759ce0e0497172	false			MOYEN				4a2ec58f6b94e01fdfd73bf426364ee734f684b603747fb8fffa1ccacc26d326	phone_french	4	NATIVE_TEXT	fa611d76d8cb9e645514d796d96e1a072ba5dda009c8f8e3e5759ce0e0497172			FALSE_POSITIVE_TECHNICAL|PUBLIC_INSTITUTIONAL_DATA|SYNTHETIC_EXAMPLE|PERSONAL_DATA_PRESENT		PERSONAL_DATA_PRESENT				
PII_FINDING	P2_CANDIDATE	fa611d76d8cb9e645514d796d96e1a072ba5dda009c8f8e3e5759ce0e0497172	false			MOYEN				7d7fb1faf3cad6cfcdba9ddd9bfc4323a408897b9514271a746c62bd7c7cc326	phone_french	3	NATIVE_TEXT	fa611d76d8cb9e645514d796d96e1a072ba5dda009c8f8e3e5759ce0e0497172			FALSE_POSITIVE_TECHNICAL|PUBLIC_INSTITUTIONAL_DATA|SYNTHETIC_EXAMPLE|PERSONAL_DATA_PRESENT		PERSONAL_DATA_PRESENT				
PII_FINDING	P2_CANDIDATE	fa611d76d8cb9e645514d796d96e1a072ba5dda009c8f8e3e5759ce0e0497172	false			MOYEN				86ad894b840676c705b6e41e0dcd3f9f48dd688a4d91dce9fc7d61c75eb76fb6	email_address	4	NATIVE_TEXT	fa611d76d8cb9e645514d796d96e1a072ba5dda009c8f8e3e5759ce0e0497172			FALSE_POSITIVE_TECHNICAL|PUBLIC_INSTITUTIONAL_DATA|SYNTHETIC_EXAMPLE|PERSONAL_DATA_PRESENT		PERSONAL_DATA_PRESENT				
PII_CONTENT	P2_CANDIDATE	fd170ebb213b4d29386602c4f5a0889e4be344a12032be7d4d4e639aafae87c8	false	et-bien-chantez-maintenant-pdf-1-36-mo--fd170ebb21	01_EDUSCOL_OFFICIEL/LYCEE/SECONDE/PHYSIQUE_CHIMIE/07_DIAPORAMAS_SUPPORTS/2020/et-bien-chantez-maintenant-pdf-1-36-mo--fd170ebb21.pdf	MOYEN	phone_french|postal_address	7	9|12					fd170ebb213b4d29386602c4f5a0889e4be344a12032be7d4d4e639aafae87c8			PII_CLEARED|PII_REDACTION_REQUIRED|EXCLUDE_FROM_SERVABLE_SET|HUMAN_REVIEW_REQUIRED	EXCLUDE_FROM_SERVABLE_SET		PERSONAL_DATA_PRESENT	abenrhouma		Exclusion par précaution : 7 signalement(s) (phone_french, postal_address) non examinés individuellement, présumés données personnelles ; le contenu n'est pas servi.
PII_FINDING	P2_CANDIDATE	fd170ebb213b4d29386602c4f5a0889e4be344a12032be7d4d4e639aafae87c8	false			MOYEN				03cd2f4ddb04955ce4939df68e504de6868d033971aa3512ef05e4d7a78881cf	postal_address	12	NATIVE_TEXT	fd170ebb213b4d29386602c4f5a0889e4be344a12032be7d4d4e639aafae87c8			FALSE_POSITIVE_TECHNICAL|PUBLIC_INSTITUTIONAL_DATA|SYNTHETIC_EXAMPLE|PERSONAL_DATA_PRESENT		PERSONAL_DATA_PRESENT				
PII_FINDING	P2_CANDIDATE	fd170ebb213b4d29386602c4f5a0889e4be344a12032be7d4d4e639aafae87c8	false			MOYEN				3e9dbacd8ad2b6ce886e63d55396d76e2075c63c700184822a356775dc7c5148	postal_address	12	NATIVE_TEXT	fd170ebb213b4d29386602c4f5a0889e4be344a12032be7d4d4e639aafae87c8			FALSE_POSITIVE_TECHNICAL|PUBLIC_INSTITUTIONAL_DATA|SYNTHETIC_EXAMPLE|PERSONAL_DATA_PRESENT		PERSONAL_DATA_PRESENT				
PII_FINDING	P2_CANDIDATE	fd170ebb213b4d29386602c4f5a0889e4be344a12032be7d4d4e639aafae87c8	false			MOYEN				8c61987e7944fd857f8a9b784452a18b4edb3090ce6f615087b5a8b9d9fe75ba	postal_address	12	NATIVE_TEXT	fd170ebb213b4d29386602c4f5a0889e4be344a12032be7d4d4e639aafae87c8			FALSE_POSITIVE_TECHNICAL|PUBLIC_INSTITUTIONAL_DATA|SYNTHETIC_EXAMPLE|PERSONAL_DATA_PRESENT		PERSONAL_DATA_PRESENT				
PII_FINDING	P2_CANDIDATE	fd170ebb213b4d29386602c4f5a0889e4be344a12032be7d4d4e639aafae87c8	false			MOYEN				90c829543c44c085430c5dfe05b070f13a2f39a58887f5438ac0ac5a15c2e4c9	postal_address	12	NATIVE_TEXT	fd170ebb213b4d29386602c4f5a0889e4be344a12032be7d4d4e639aafae87c8			FALSE_POSITIVE_TECHNICAL|PUBLIC_INSTITUTIONAL_DATA|SYNTHETIC_EXAMPLE|PERSONAL_DATA_PRESENT		PERSONAL_DATA_PRESENT				
PII_FINDING	P2_CANDIDATE	fd170ebb213b4d29386602c4f5a0889e4be344a12032be7d4d4e639aafae87c8	false			MOYEN				9ce7caf25c0080162e594076b39104e59ca4d00ba38959ee4876f0d7dd14ec08	phone_french	9	NATIVE_TEXT	fd170ebb213b4d29386602c4f5a0889e4be344a12032be7d4d4e639aafae87c8			FALSE_POSITIVE_TECHNICAL|PUBLIC_INSTITUTIONAL_DATA|SYNTHETIC_EXAMPLE|PERSONAL_DATA_PRESENT		PERSONAL_DATA_PRESENT				
PII_FINDING	P2_CANDIDATE	fd170ebb213b4d29386602c4f5a0889e4be344a12032be7d4d4e639aafae87c8	false			MOYEN				ad1833950d0e7b5ccd943c31acae64ed6f0de8f27ef650f681aa3ed8c910a2ee	phone_french	9	NATIVE_TEXT	fd170ebb213b4d29386602c4f5a0889e4be344a12032be7d4d4e639aafae87c8			FALSE_POSITIVE_TECHNICAL|PUBLIC_INSTITUTIONAL_DATA|SYNTHETIC_EXAMPLE|PERSONAL_DATA_PRESENT		PERSONAL_DATA_PRESENT				
PII_FINDING	P2_CANDIDATE	fd170ebb213b4d29386602c4f5a0889e4be344a12032be7d4d4e639aafae87c8	false			MOYEN				dda98d679209620ee4791731d5a3589d1348e377d23506f04ecdff34491ee443	postal_address	12	NATIVE_TEXT	fd170ebb213b4d29386602c4f5a0889e4be344a12032be7d4d4e639aafae87c8			FALSE_POSITIVE_TECHNICAL|PUBLIC_INSTITUTIONAL_DATA|SYNTHETIC_EXAMPLE|PERSONAL_DATA_PRESENT		PERSONAL_DATA_PRESENT				
PII_CONTENT	P2_CANDIDATE	ff432b6eb7f87bc0605a536e462d436877778a05d44a48ccc32ee2e9b0ecff28	false	texte-de-civilisation-et-texte-de-litterature-enjeux-strategies-approche-cycle-terminal-pdf-199-02-ko--ff432b6eb7	01_EDUSCOL_OFFICIEL/LYCEE/TERMINALE/LLCER/09_AUTRES/2019/texte-de-civilisation-et-texte-de-litterature-enjeux-strategies-approche-cycle-terminal-pdf-199-02-ko--ff432b6eb7.pdf	MOYEN	postal_address	1	1					ff432b6eb7f87bc0605a536e462d436877778a05d44a48ccc32ee2e9b0ecff28			PII_CLEARED|PII_REDACTION_REQUIRED|EXCLUDE_FROM_SERVABLE_SET|HUMAN_REVIEW_REQUIRED	EXCLUDE_FROM_SERVABLE_SET		PERSONAL_DATA_PRESENT	abenrhouma		Exclusion par précaution : 1 signalement(s) (postal_address) non examinés individuellement, présumés données personnelles ; le contenu n'est pas servi.
PII_FINDING	P2_CANDIDATE	ff432b6eb7f87bc0605a536e462d436877778a05d44a48ccc32ee2e9b0ecff28	false			MOYEN				307bdb377001b339d8737bc3d24d945e9f3a607e5aebcf7b1d8acc05fbcab458	postal_address	1	NATIVE_TEXT	ff432b6eb7f87bc0605a536e462d436877778a05d44a48ccc32ee2e9b0ecff28			FALSE_POSITIVE_TECHNICAL|PUBLIC_INSTITUTIONAL_DATA|SYNTHETIC_EXAMPLE|PERSONAL_DATA_PRESENT		PERSONAL_DATA_PRESENT				
PII_CONTENT	P2_CANDIDATE	0ea7dcd52e65813e767b9e120bd91d49cec535022b63672b0cd0e88ef8a8b869	false	l-evolution-du-trait-de-cote-en-france-metropolitaine-pdf-6-38-mo--0ea7dcd52e	01_EDUSCOL_OFFICIEL/LYCEE/SECONDE/SVT/01_PROGRAMMES_OFFICIELS/2019/l-evolution-du-trait-de-cote-en-france-metropolitaine-pdf-6-38-mo--0ea7dcd52e.pdf	A_QUALIFIER	student_name_pattern	7	6|7|8|15|18|19					0ea7dcd52e65813e767b9e120bd91d49cec535022b63672b0cd0e88ef8a8b869			PII_CLEARED|PII_REDACTION_REQUIRED|EXCLUDE_FROM_SERVABLE_SET|HUMAN_REVIEW_REQUIRED	EXCLUDE_FROM_SERVABLE_SET		PERSONAL_DATA_PRESENT	abenrhouma		Exclusion par précaution : 7 signalement(s) (student_name_pattern) non examinés individuellement, présumés données personnelles ; le contenu n'est pas servi.
PII_FINDING	P2_CANDIDATE	0ea7dcd52e65813e767b9e120bd91d49cec535022b63672b0cd0e88ef8a8b869	false			A_QUALIFIER				2857bde83f6d0648540162ed6f5a7b8dae261de98977c19db1187a3787a58690	student_name_pattern	15	NATIVE_TEXT	0ea7dcd52e65813e767b9e120bd91d49cec535022b63672b0cd0e88ef8a8b869			FALSE_POSITIVE_TECHNICAL|PUBLIC_INSTITUTIONAL_DATA|SYNTHETIC_EXAMPLE|PERSONAL_DATA_PRESENT		PERSONAL_DATA_PRESENT				
PII_FINDING	P2_CANDIDATE	0ea7dcd52e65813e767b9e120bd91d49cec535022b63672b0cd0e88ef8a8b869	false			A_QUALIFIER				2a063cc665ddac10c9be186c8af7cddc177bcb740e122ca2a85200db562b2b19	student_name_pattern	7	NATIVE_TEXT	0ea7dcd52e65813e767b9e120bd91d49cec535022b63672b0cd0e88ef8a8b869			FALSE_POSITIVE_TECHNICAL|PUBLIC_INSTITUTIONAL_DATA|SYNTHETIC_EXAMPLE|PERSONAL_DATA_PRESENT		PERSONAL_DATA_PRESENT				
PII_FINDING	P2_CANDIDATE	0ea7dcd52e65813e767b9e120bd91d49cec535022b63672b0cd0e88ef8a8b869	false			A_QUALIFIER				2fbd1e21be7609855a0e3b17674aedb5ca149df6cc84c0529344c8ea7f142133	student_name_pattern	18	NATIVE_TEXT	0ea7dcd52e65813e767b9e120bd91d49cec535022b63672b0cd0e88ef8a8b869			FALSE_POSITIVE_TECHNICAL|PUBLIC_INSTITUTIONAL_DATA|SYNTHETIC_EXAMPLE|PERSONAL_DATA_PRESENT		PERSONAL_DATA_PRESENT				
PII_FINDING	P2_CANDIDATE	0ea7dcd52e65813e767b9e120bd91d49cec535022b63672b0cd0e88ef8a8b869	false			A_QUALIFIER				36d6196c9ff01e9feaf0ff9f525c45e1b3d7eb4dcdc9a4105a92bd2b31ff9189	student_name_pattern	19	NATIVE_TEXT	0ea7dcd52e65813e767b9e120bd91d49cec535022b63672b0cd0e88ef8a8b869			FALSE_POSITIVE_TECHNICAL|PUBLIC_INSTITUTIONAL_DATA|SYNTHETIC_EXAMPLE|PERSONAL_DATA_PRESENT		PERSONAL_DATA_PRESENT				
PII_FINDING	P2_CANDIDATE	0ea7dcd52e65813e767b9e120bd91d49cec535022b63672b0cd0e88ef8a8b869	false			A_QUALIFIER				3ae73e36eea912aa7cf432cf9cd98b7dbf62734db2d704424660e01394695fdd	student_name_pattern	6	NATIVE_TEXT	0ea7dcd52e65813e767b9e120bd91d49cec535022b63672b0cd0e88ef8a8b869			FALSE_POSITIVE_TECHNICAL|PUBLIC_INSTITUTIONAL_DATA|SYNTHETIC_EXAMPLE|PERSONAL_DATA_PRESENT		PERSONAL_DATA_PRESENT				
PII_FINDING	P2_CANDIDATE	0ea7dcd52e65813e767b9e120bd91d49cec535022b63672b0cd0e88ef8a8b869	false			A_QUALIFIER				88125286bc1d365bd09a17b3d65885d2b81646b71692614d54b6755fb06c7a6d	student_name_pattern	7	NATIVE_TEXT	0ea7dcd52e65813e767b9e120bd91d49cec535022b63672b0cd0e88ef8a8b869			FALSE_POSITIVE_TECHNICAL|PUBLIC_INSTITUTIONAL_DATA|SYNTHETIC_EXAMPLE|PERSONAL_DATA_PRESENT		PERSONAL_DATA_PRESENT				
PII_FINDING	P2_CANDIDATE	0ea7dcd52e65813e767b9e120bd91d49cec535022b63672b0cd0e88ef8a8b869	false			A_QUALIFIER				de13e0063f0569f3fd109bac3db62494aeccbbd291108080792a079788817f06	student_name_pattern	8	NATIVE_TEXT	0ea7dcd52e65813e767b9e120bd91d49cec535022b63672b0cd0e88ef8a8b869			FALSE_POSITIVE_TECHNICAL|PUBLIC_INSTITUTIONAL_DATA|SYNTHETIC_EXAMPLE|PERSONAL_DATA_PRESENT		PERSONAL_DATA_PRESENT				
PII_CONTENT	P2_CANDIDATE	114ff8f7aee256767c789fb86e8532097a85a112c93b1c125ad406b858bb1512	false	historique-d-une-meme-evaluation-sur-critique-et-choix-de-methodes-contraceptives-adaptees--114ff8f7ae	01_EDUSCOL_OFFICIEL/COLLEGE/CYCLE_4_TRANSVERSAL/SVT/04_EVALUATIONS_EXAMENS/2016/historique-d-une-meme-evaluation-sur-critique-et-choix-de-methodes-contraceptives-adaptees--114ff8f7ae.pdf	A_QUALIFIER	student_name_pattern	1	19					114ff8f7aee256767c789fb86e8532097a85a112c93b1c125ad406b858bb1512			PII_CLEARED|PII_REDACTION_REQUIRED|EXCLUDE_FROM_SERVABLE_SET|HUMAN_REVIEW_REQUIRED	EXCLUDE_FROM_SERVABLE_SET		PERSONAL_DATA_PRESENT	abenrhouma		Exclusion par précaution : 1 signalement(s) (student_name_pattern) non examinés individuellement, présumés données personnelles ; le contenu n'est pas servi.
PII_FINDING	P2_CANDIDATE	114ff8f7aee256767c789fb86e8532097a85a112c93b1c125ad406b858bb1512	false			A_QUALIFIER				70c09146094ab0d29d700e0952c257ff2c5d83c0bbe098d0fb5058ae7105d97c	student_name_pattern	19	NATIVE_TEXT	114ff8f7aee256767c789fb86e8532097a85a112c93b1c125ad406b858bb1512			FALSE_POSITIVE_TECHNICAL|PUBLIC_INSTITUTIONAL_DATA|SYNTHETIC_EXAMPLE|PERSONAL_DATA_PRESENT		PERSONAL_DATA_PRESENT				
PII_CONTENT	P2_CANDIDATE	171eb6c1276400d7313ae216d449de6b9798ba1ce8910abc02721760a514bf42	false	sauvetage-pdf-492-18-ko--171eb6c127	01_EDUSCOL_OFFICIEL/COLLEGE/CYCLE_4_TRANSVERSAL/EPS/02_REPERES_ATTENDUS/2016/sauvetage-pdf-492-18-ko--171eb6c127.pdf	A_QUALIFIER	student_name_pattern	3	5|7|9					171eb6c1276400d7313ae216d449de6b9798ba1ce8910abc02721760a514bf42			PII_CLEARED|PII_REDACTION_REQUIRED|EXCLUDE_FROM_SERVABLE_SET|HUMAN_REVIEW_REQUIRED	EXCLUDE_FROM_SERVABLE_SET		PERSONAL_DATA_PRESENT	abenrhouma		Exclusion par précaution : 3 signalement(s) (student_name_pattern) non examinés individuellement, présumés données personnelles ; le contenu n'est pas servi.
PII_FINDING	P2_CANDIDATE	171eb6c1276400d7313ae216d449de6b9798ba1ce8910abc02721760a514bf42	false			A_QUALIFIER				4afa101f8191a2b335c9fa60d7d784a2207be53033e1e44ed3e2d2a696796b3d	student_name_pattern	5	NATIVE_TEXT	171eb6c1276400d7313ae216d449de6b9798ba1ce8910abc02721760a514bf42			FALSE_POSITIVE_TECHNICAL|PUBLIC_INSTITUTIONAL_DATA|SYNTHETIC_EXAMPLE|PERSONAL_DATA_PRESENT		PERSONAL_DATA_PRESENT				
PII_FINDING	P2_CANDIDATE	171eb6c1276400d7313ae216d449de6b9798ba1ce8910abc02721760a514bf42	false			A_QUALIFIER				ba8f107d487e894684b4c28f16ffe41496ade3cd6cdca47e08563fdbd2a896bb	student_name_pattern	7	NATIVE_TEXT	171eb6c1276400d7313ae216d449de6b9798ba1ce8910abc02721760a514bf42			FALSE_POSITIVE_TECHNICAL|PUBLIC_INSTITUTIONAL_DATA|SYNTHETIC_EXAMPLE|PERSONAL_DATA_PRESENT		PERSONAL_DATA_PRESENT				
PII_FINDING	P2_CANDIDATE	171eb6c1276400d7313ae216d449de6b9798ba1ce8910abc02721760a514bf42	false			A_QUALIFIER				edd3d9cdf9ed7942f99d5835c6ce9d3103f762b7858c543b9127ace2c9d28596	student_name_pattern	9	NATIVE_TEXT	171eb6c1276400d7313ae216d449de6b9798ba1ce8910abc02721760a514bf42			FALSE_POSITIVE_TECHNICAL|PUBLIC_INSTITUTIONAL_DATA|SYNTHETIC_EXAMPLE|PERSONAL_DATA_PRESENT		PERSONAL_DATA_PRESENT				
PII_CONTENT	P2_CANDIDATE	1d218e4de2f051b46b238d2e8b2d8fa0d1413a1caddaa0da16bae8aa42279cf5	false	fiche-eleve--1d218e4de2	01_EDUSCOL_OFFICIEL/COLLEGE/CYCLE_4_TRANSVERSAL/MATHEMATIQUES/09_AUTRES/2023/fiche-eleve--1d218e4de2.pdf	A_QUALIFIER	student_name_pattern	1	1					1d218e4de2f051b46b238d2e8b2d8fa0d1413a1caddaa0da16bae8aa42279cf5			PII_CLEARED|PII_REDACTION_REQUIRED|EXCLUDE_FROM_SERVABLE_SET|HUMAN_REVIEW_REQUIRED	EXCLUDE_FROM_SERVABLE_SET		PERSONAL_DATA_PRESENT	abenrhouma		Exclusion par précaution : 1 signalement(s) (student_name_pattern) non examinés individuellement, présumés données personnelles ; le contenu n'est pas servi.
PII_FINDING	P2_CANDIDATE	1d218e4de2f051b46b238d2e8b2d8fa0d1413a1caddaa0da16bae8aa42279cf5	false			A_QUALIFIER				026c384201938be9b7ec1d1e503b58c22405a5e55175d6a0eed16cd931c298b2	student_name_pattern	1	NATIVE_TEXT	1d218e4de2f051b46b238d2e8b2d8fa0d1413a1caddaa0da16bae8aa42279cf5			FALSE_POSITIVE_TECHNICAL|PUBLIC_INSTITUTIONAL_DATA|SYNTHETIC_EXAMPLE|PERSONAL_DATA_PRESENT		PERSONAL_DATA_PRESENT				
PII_CONTENT	P2_CANDIDATE	1fe614cfa4fe21a7366b36c880089f77f13472471f3feb083098716c8f610ed0	false	fiche-eleve--1fe614cfa4	01_EDUSCOL_OFFICIEL/COLLEGE/CYCLE_4_TRANSVERSAL/MATHEMATIQUES/09_AUTRES/2023/fiche-eleve--1fe614cfa4.pdf	A_QUALIFIER	student_name_pattern	1	1					1fe614cfa4fe21a7366b36c880089f77f13472471f3feb083098716c8f610ed0			PII_CLEARED|PII_REDACTION_REQUIRED|EXCLUDE_FROM_SERVABLE_SET|HUMAN_REVIEW_REQUIRED	EXCLUDE_FROM_SERVABLE_SET		PERSONAL_DATA_PRESENT	abenrhouma		Exclusion par précaution : 1 signalement(s) (student_name_pattern) non examinés individuellement, présumés données personnelles ; le contenu n'est pas servi.
PII_FINDING	P2_CANDIDATE	1fe614cfa4fe21a7366b36c880089f77f13472471f3feb083098716c8f610ed0	false			A_QUALIFIER				6f9a1b2b3317b4a6df0f00b3d1d37ea911d756592cf38c521b4cc37263947b99	student_name_pattern	1	NATIVE_TEXT	1fe614cfa4fe21a7366b36c880089f77f13472471f3feb083098716c8f610ed0			FALSE_POSITIVE_TECHNICAL|PUBLIC_INSTITUTIONAL_DATA|SYNTHETIC_EXAMPLE|PERSONAL_DATA_PRESENT		PERSONAL_DATA_PRESENT				
PII_CONTENT	P2_CANDIDATE	2164e6e372f6f0e69e4786932ee734eb483eec6428f6d75d3b66952784dac2d2	false	tableau-de-correspondance-lve-et-droit-et-economie-quelques-illustrations-pdf-476-88-ko--2164e6e372	01_EDUSCOL_OFFICIEL/LYCEE/PREMIERE/ETLV/01_PROGRAMMES_OFFICIELS/2019/tableau-de-correspondance-lve-et-droit-et-economie-quelques-illustrations-pdf-476-88-ko--2164e6e372.pdf	A_QUALIFIER	student_name_pattern	1	4					2164e6e372f6f0e69e4786932ee734eb483eec6428f6d75d3b66952784dac2d2			PII_CLEARED|PII_REDACTION_REQUIRED|EXCLUDE_FROM_SERVABLE_SET|HUMAN_REVIEW_REQUIRED	EXCLUDE_FROM_SERVABLE_SET		PERSONAL_DATA_PRESENT	abenrhouma		Exclusion par précaution : 1 signalement(s) (student_name_pattern) non examinés individuellement, présumés données personnelles ; le contenu n'est pas servi.
PII_FINDING	P2_CANDIDATE	2164e6e372f6f0e69e4786932ee734eb483eec6428f6d75d3b66952784dac2d2	false			A_QUALIFIER				68c460a2b4bf0483f57c600382b88fdeffb861b5eac25c9580b5a0ec11438878	student_name_pattern	4	NATIVE_TEXT	2164e6e372f6f0e69e4786932ee734eb483eec6428f6d75d3b66952784dac2d2			FALSE_POSITIVE_TECHNICAL|PUBLIC_INSTITUTIONAL_DATA|SYNTHETIC_EXAMPLE|PERSONAL_DATA_PRESENT		PERSONAL_DATA_PRESENT				
PII_CONTENT	P2_CANDIDATE	283b8518977fd2b8cb6b50596012997c156ea63776c12fed63abab53b576d1fb	false	quel-volume-de-boisson-au-cola-compense-les-depenses-d-energie-d-un-cycliste-faisant-l-ascension-du-mont-ventoux-version-pdf-pdf-4--283b851897	01_EDUSCOL_OFFICIEL/COLLEGE/CYCLE_4_TRANSVERSAL/PHYSIQUE_CHIMIE/02_REPERES_ATTENDUS/2016/quel-volume-de-boisson-au-cola-compense-les-depenses-d-energie-d-un-cycliste-faisant-l-ascension-du-mont-ventoux-version-pdf-pdf-4--283b851897.pdf	A_QUALIFIER	date_of_birth	1	2					283b8518977fd2b8cb6b50596012997c156ea63776c12fed63abab53b576d1fb			PII_CLEARED|PII_REDACTION_REQUIRED|EXCLUDE_FROM_SERVABLE_SET|HUMAN_REVIEW_REQUIRED	EXCLUDE_FROM_SERVABLE_SET		PERSONAL_DATA_PRESENT	abenrhouma		Exclusion par précaution : 1 signalement(s) (date_of_birth) non examinés individuellement, présumés données personnelles ; le contenu n'est pas servi.
PII_FINDING	P2_CANDIDATE	283b8518977fd2b8cb6b50596012997c156ea63776c12fed63abab53b576d1fb	false			A_QUALIFIER				137187e505692e853bfaa1f762f2398b3fa9374ea1359fc1e1b1263548600833	date_of_birth	2	NATIVE_TEXT	283b8518977fd2b8cb6b50596012997c156ea63776c12fed63abab53b576d1fb			FALSE_POSITIVE_TECHNICAL|PUBLIC_INSTITUTIONAL_DATA|SYNTHETIC_EXAMPLE|PERSONAL_DATA_PRESENT		PERSONAL_DATA_PRESENT				
PII_CONTENT	P2_CANDIDATE	30317c2043690f14099617077821879df0b56778f811126e185386faa5a9a042	false	la-numerisation-et-le-codage-d-un-son-pdf-943-24-ko--30317c2043	01_EDUSCOL_OFFICIEL/LYCEE/TRANSVERSAL_MULTI_NIVEAUX/80_A_VERIFIER/ENSEIGNEMENT_SCIENTIFIQUE/09_AUTRES/2019/la-numerisation-et-le-codage-d-un-son-pdf-943-24-ko--30317c2043.pdf	A_QUALIFIER	student_name_pattern	2	4					30317c2043690f14099617077821879df0b56778f811126e185386faa5a9a042			PII_CLEARED|PII_REDACTION_REQUIRED|EXCLUDE_FROM_SERVABLE_SET|HUMAN_REVIEW_REQUIRED	EXCLUDE_FROM_SERVABLE_SET		PERSONAL_DATA_PRESENT	abenrhouma		Exclusion par précaution : 2 signalement(s) (student_name_pattern) non examinés individuellement, présumés données personnelles ; le contenu n'est pas servi.
PII_FINDING	P2_CANDIDATE	30317c2043690f14099617077821879df0b56778f811126e185386faa5a9a042	false			A_QUALIFIER				6fcd9f5ca450cfecae53ee73c39f0c1dd3302b2a8262e87c657401ebb0ec4e66	student_name_pattern	4	NATIVE_TEXT	30317c2043690f14099617077821879df0b56778f811126e185386faa5a9a042			FALSE_POSITIVE_TECHNICAL|PUBLIC_INSTITUTIONAL_DATA|SYNTHETIC_EXAMPLE|PERSONAL_DATA_PRESENT		PERSONAL_DATA_PRESENT				
PII_FINDING	P2_CANDIDATE	30317c2043690f14099617077821879df0b56778f811126e185386faa5a9a042	false			A_QUALIFIER				eb9e829cdedc136ff1c23ab0b3e160701b267341a1a799f8b5ab2c051d091b5c	student_name_pattern	4	NATIVE_TEXT	30317c2043690f14099617077821879df0b56778f811126e185386faa5a9a042			FALSE_POSITIVE_TECHNICAL|PUBLIC_INSTITUTIONAL_DATA|SYNTHETIC_EXAMPLE|PERSONAL_DATA_PRESENT		PERSONAL_DATA_PRESENT				
PII_CONTENT	P2_CANDIDATE	32bcf9e1aa903cf957e1686a6f637cab139997095b91bfa98670c9ecc227f577	false	fiche-eleve--32bcf9e1aa	01_EDUSCOL_OFFICIEL/COLLEGE/CYCLE_4_TRANSVERSAL/MATHEMATIQUES/09_AUTRES/2023/fiche-eleve--32bcf9e1aa.pdf	A_QUALIFIER	student_name_pattern	1	1					32bcf9e1aa903cf957e1686a6f637cab139997095b91bfa98670c9ecc227f577			PII_CLEARED|PII_REDACTION_REQUIRED|EXCLUDE_FROM_SERVABLE_SET|HUMAN_REVIEW_REQUIRED	EXCLUDE_FROM_SERVABLE_SET		PERSONAL_DATA_PRESENT	abenrhouma		Exclusion par précaution : 1 signalement(s) (student_name_pattern) non examinés individuellement, présumés données personnelles ; le contenu n'est pas servi.
PII_FINDING	P2_CANDIDATE	32bcf9e1aa903cf957e1686a6f637cab139997095b91bfa98670c9ecc227f577	false			A_QUALIFIER				ec4132892080d1df25740a48c2709f13243a80cb85fe030a7e8a2a2c3eefab06	student_name_pattern	1	NATIVE_TEXT	32bcf9e1aa903cf957e1686a6f637cab139997095b91bfa98670c9ecc227f577			FALSE_POSITIVE_TECHNICAL|PUBLIC_INSTITUTIONAL_DATA|SYNTHETIC_EXAMPLE|PERSONAL_DATA_PRESENT		PERSONAL_DATA_PRESENT				
PII_CONTENT	P2_CANDIDATE	389d27bec3b421144425798ab99f5282cb0934acfdeac3ea5fd5a640937bd0b6	false	fiche-eleve--389d27bec3	01_EDUSCOL_OFFICIEL/COLLEGE/CYCLE_4_TRANSVERSAL/MATHEMATIQUES/09_AUTRES/2023/fiche-eleve--389d27bec3.pdf	A_QUALIFIER	student_name_pattern	1	1					389d27bec3b421144425798ab99f5282cb0934acfdeac3ea5fd5a640937bd0b6			PII_CLEARED|PII_REDACTION_REQUIRED|EXCLUDE_FROM_SERVABLE_SET|HUMAN_REVIEW_REQUIRED	EXCLUDE_FROM_SERVABLE_SET		PERSONAL_DATA_PRESENT	abenrhouma		Exclusion par précaution : 1 signalement(s) (student_name_pattern) non examinés individuellement, présumés données personnelles ; le contenu n'est pas servi.
PII_FINDING	P2_CANDIDATE	389d27bec3b421144425798ab99f5282cb0934acfdeac3ea5fd5a640937bd0b6	false			A_QUALIFIER				b17592fdf90a08bd50c9cd0e81ab373754470eda9ed7116ad27127607dd60fe1	student_name_pattern	1	NATIVE_TEXT	389d27bec3b421144425798ab99f5282cb0934acfdeac3ea5fd5a640937bd0b6			FALSE_POSITIVE_TECHNICAL|PUBLIC_INSTITUTIONAL_DATA|SYNTHETIC_EXAMPLE|PERSONAL_DATA_PRESENT		PERSONAL_DATA_PRESENT				
PII_CONTENT	P2_CANDIDATE	567cf7b55fd5f30e7484a1e7105e4d0c530ef88075488fdb675d9337134b009d	false	fiche-eleve--567cf7b55f	01_EDUSCOL_OFFICIEL/COLLEGE/CYCLE_4_TRANSVERSAL/MATHEMATIQUES/09_AUTRES/2023/fiche-eleve--567cf7b55f.pdf	A_QUALIFIER	student_name_pattern	1	1					567cf7b55fd5f30e7484a1e7105e4d0c530ef88075488fdb675d9337134b009d			PII_CLEARED|PII_REDACTION_REQUIRED|EXCLUDE_FROM_SERVABLE_SET|HUMAN_REVIEW_REQUIRED	EXCLUDE_FROM_SERVABLE_SET		PERSONAL_DATA_PRESENT	abenrhouma		Exclusion par précaution : 1 signalement(s) (student_name_pattern) non examinés individuellement, présumés données personnelles ; le contenu n'est pas servi.
PII_FINDING	P2_CANDIDATE	567cf7b55fd5f30e7484a1e7105e4d0c530ef88075488fdb675d9337134b009d	false			A_QUALIFIER				7d5974e1317cfc739826df8e9554b9b32a3c7fef375d0bd4ae3a3af6e0f86288	student_name_pattern	1	NATIVE_TEXT	567cf7b55fd5f30e7484a1e7105e4d0c530ef88075488fdb675d9337134b009d			FALSE_POSITIVE_TECHNICAL|PUBLIC_INSTITUTIONAL_DATA|SYNTHETIC_EXAMPLE|PERSONAL_DATA_PRESENT		PERSONAL_DATA_PRESENT				
PII_CONTENT	P2_CANDIDATE	57fcfc9938895947d97d84961e287a4eddac952392256a4e324cf58d5f533361	false	fiche-eleve--57fcfc9938	01_EDUSCOL_OFFICIEL/COLLEGE/CYCLE_4_TRANSVERSAL/MATHEMATIQUES/09_AUTRES/2023/fiche-eleve--57fcfc9938.pdf	A_QUALIFIER	student_name_pattern	1	1					57fcfc9938895947d97d84961e287a4eddac952392256a4e324cf58d5f533361			PII_CLEARED|PII_REDACTION_REQUIRED|EXCLUDE_FROM_SERVABLE_SET|HUMAN_REVIEW_REQUIRED	EXCLUDE_FROM_SERVABLE_SET		PERSONAL_DATA_PRESENT	abenrhouma		Exclusion par précaution : 1 signalement(s) (student_name_pattern) non examinés individuellement, présumés données personnelles ; le contenu n'est pas servi.
PII_FINDING	P2_CANDIDATE	57fcfc9938895947d97d84961e287a4eddac952392256a4e324cf58d5f533361	false			A_QUALIFIER				194bead8042e7d4310ef3c2bf3584878bb21394dc56cf6dd77a53436b0438af5	student_name_pattern	1	NATIVE_TEXT	57fcfc9938895947d97d84961e287a4eddac952392256a4e324cf58d5f533361			FALSE_POSITIVE_TECHNICAL|PUBLIC_INSTITUTIONAL_DATA|SYNTHETIC_EXAMPLE|PERSONAL_DATA_PRESENT		PERSONAL_DATA_PRESENT				
PII_CONTENT	P2_CANDIDATE	5b726a3426ec07455b22b910cd4e16b735792a068e295ebf19d2169b17f2cbd8	false	fiche-eleve--5b726a3426	01_EDUSCOL_OFFICIEL/COLLEGE/CYCLE_4_TRANSVERSAL/MATHEMATIQUES/09_AUTRES/2023/fiche-eleve--5b726a3426.pdf	A_QUALIFIER	student_name_pattern	1	1					5b726a3426ec07455b22b910cd4e16b735792a068e295ebf19d2169b17f2cbd8			PII_CLEARED|PII_REDACTION_REQUIRED|EXCLUDE_FROM_SERVABLE_SET|HUMAN_REVIEW_REQUIRED	EXCLUDE_FROM_SERVABLE_SET		PERSONAL_DATA_PRESENT	abenrhouma		Exclusion par précaution : 1 signalement(s) (student_name_pattern) non examinés individuellement, présumés données personnelles ; le contenu n'est pas servi.
PII_FINDING	P2_CANDIDATE	5b726a3426ec07455b22b910cd4e16b735792a068e295ebf19d2169b17f2cbd8	false			A_QUALIFIER				efbe36a4609b24d83e4010f8f50b1ad51b4143b2a7992aa756aaa3e4d6863b69	student_name_pattern	1	NATIVE_TEXT	5b726a3426ec07455b22b910cd4e16b735792a068e295ebf19d2169b17f2cbd8			FALSE_POSITIVE_TECHNICAL|PUBLIC_INSTITUTIONAL_DATA|SYNTHETIC_EXAMPLE|PERSONAL_DATA_PRESENT		PERSONAL_DATA_PRESENT				
PII_CONTENT	P2_CANDIDATE	6563ba4735e46ae9d8f9af32c3ee224b9ccf568dbcc24b512f7ba8176fe2b007	false	vademecum-education-au-developpement-durable--6563ba4735	01_EDUSCOL_OFFICIEL/COLLEGE/CYCLE_4_TRANSVERSAL/PHYSIQUE_CHIMIE/06_GUIDES/2021/vademecum-education-au-developpement-durable--6563ba4735.pdf	A_QUALIFIER	student_name_pattern	2	12|58					6563ba4735e46ae9d8f9af32c3ee224b9ccf568dbcc24b512f7ba8176fe2b007			PII_CLEARED|PII_REDACTION_REQUIRED|EXCLUDE_FROM_SERVABLE_SET|HUMAN_REVIEW_REQUIRED	EXCLUDE_FROM_SERVABLE_SET		PERSONAL_DATA_PRESENT	abenrhouma		Exclusion par précaution : 2 signalement(s) (student_name_pattern) non examinés individuellement, présumés données personnelles ; le contenu n'est pas servi.
PII_FINDING	P2_CANDIDATE	6563ba4735e46ae9d8f9af32c3ee224b9ccf568dbcc24b512f7ba8176fe2b007	false			A_QUALIFIER				241322ee80d48a53a3dc799a302810159059497e87a890a4539a0ab678d35239	student_name_pattern	12	NATIVE_TEXT	6563ba4735e46ae9d8f9af32c3ee224b9ccf568dbcc24b512f7ba8176fe2b007			FALSE_POSITIVE_TECHNICAL|PUBLIC_INSTITUTIONAL_DATA|SYNTHETIC_EXAMPLE|PERSONAL_DATA_PRESENT		PERSONAL_DATA_PRESENT				
PII_FINDING	P2_CANDIDATE	6563ba4735e46ae9d8f9af32c3ee224b9ccf568dbcc24b512f7ba8176fe2b007	false			A_QUALIFIER				e80633c35040d2c46a5da1e6617784183f6e1679f170c786c0a00d1691c4f34d	student_name_pattern	58	NATIVE_TEXT	6563ba4735e46ae9d8f9af32c3ee224b9ccf568dbcc24b512f7ba8176fe2b007			FALSE_POSITIVE_TECHNICAL|PUBLIC_INSTITUTIONAL_DATA|SYNTHETIC_EXAMPLE|PERSONAL_DATA_PRESENT		PERSONAL_DATA_PRESENT				
PII_CONTENT	P2_CANDIDATE	76ca6b5039d2f979c9f2cff32a9e77b8d88d61932e2efa336111cb1324376fed	false	fiche-eleve--76ca6b5039	01_EDUSCOL_OFFICIEL/COLLEGE/CYCLE_4_TRANSVERSAL/MATHEMATIQUES/09_AUTRES/2023/fiche-eleve--76ca6b5039.pdf	A_QUALIFIER	student_name_pattern	1	1					76ca6b5039d2f979c9f2cff32a9e77b8d88d61932e2efa336111cb1324376fed			PII_CLEARED|PII_REDACTION_REQUIRED|EXCLUDE_FROM_SERVABLE_SET|HUMAN_REVIEW_REQUIRED	EXCLUDE_FROM_SERVABLE_SET		PERSONAL_DATA_PRESENT	abenrhouma		Exclusion par précaution : 1 signalement(s) (student_name_pattern) non examinés individuellement, présumés données personnelles ; le contenu n'est pas servi.
PII_FINDING	P2_CANDIDATE	76ca6b5039d2f979c9f2cff32a9e77b8d88d61932e2efa336111cb1324376fed	false			A_QUALIFIER				d3b534a629ae7b89717edd0bb7b3dbe9876502235cdddea27c70210efdfdcc2d	student_name_pattern	1	NATIVE_TEXT	76ca6b5039d2f979c9f2cff32a9e77b8d88d61932e2efa336111cb1324376fed			FALSE_POSITIVE_TECHNICAL|PUBLIC_INSTITUTIONAL_DATA|SYNTHETIC_EXAMPLE|PERSONAL_DATA_PRESENT		PERSONAL_DATA_PRESENT				
PII_CONTENT	P2_CANDIDATE	7a03171fa3490059ebf5d34d3a21d36f6daa6b09755fa4e922ab982a9e1d10e8	false	la-crise-cretace-paleocene-travail-en-classe-puzzle-et-presentation-orale-pdf-1-62-mo--7a03171fa3	01_EDUSCOL_OFFICIEL/LYCEE/SECONDE/SVT/04_EVALUATIONS_EXAMENS/2021/la-crise-cretace-paleocene-travail-en-classe-puzzle-et-presentation-orale-pdf-1-62-mo--7a03171fa3.pdf	A_QUALIFIER	student_name_pattern	1	11					7a03171fa3490059ebf5d34d3a21d36f6daa6b09755fa4e922ab982a9e1d10e8			PII_CLEARED|PII_REDACTION_REQUIRED|EXCLUDE_FROM_SERVABLE_SET|HUMAN_REVIEW_REQUIRED	EXCLUDE_FROM_SERVABLE_SET		PERSONAL_DATA_PRESENT	abenrhouma		Exclusion par précaution : 1 signalement(s) (student_name_pattern) non examinés individuellement, présumés données personnelles ; le contenu n'est pas servi.
PII_FINDING	P2_CANDIDATE	7a03171fa3490059ebf5d34d3a21d36f6daa6b09755fa4e922ab982a9e1d10e8	false			A_QUALIFIER				cd7b6c411d5fdb2a49f0ecf8db2aa513260dbfc7fb09bce68adcb9e33ba98b98	student_name_pattern	11	NATIVE_TEXT	7a03171fa3490059ebf5d34d3a21d36f6daa6b09755fa4e922ab982a9e1d10e8			FALSE_POSITIVE_TECHNICAL|PUBLIC_INSTITUTIONAL_DATA|SYNTHETIC_EXAMPLE|PERSONAL_DATA_PRESENT		PERSONAL_DATA_PRESENT				
PII_CONTENT	P2_CANDIDATE	7a7e0533a3852632afa0ee9dcf31c31c5b8d085ce30a676361970de15cf53edf	false	fiche-eleve--7a7e0533a3	01_EDUSCOL_OFFICIEL/COLLEGE/CYCLE_4_TRANSVERSAL/MATHEMATIQUES/09_AUTRES/2023/fiche-eleve--7a7e0533a3.pdf	A_QUALIFIER	student_name_pattern	1	1					7a7e0533a3852632afa0ee9dcf31c31c5b8d085ce30a676361970de15cf53edf			PII_CLEARED|PII_REDACTION_REQUIRED|EXCLUDE_FROM_SERVABLE_SET|HUMAN_REVIEW_REQUIRED	EXCLUDE_FROM_SERVABLE_SET		PERSONAL_DATA_PRESENT	abenrhouma		Exclusion par précaution : 1 signalement(s) (student_name_pattern) non examinés individuellement, présumés données personnelles ; le contenu n'est pas servi.
PII_FINDING	P2_CANDIDATE	7a7e0533a3852632afa0ee9dcf31c31c5b8d085ce30a676361970de15cf53edf	false			A_QUALIFIER				eb9ff190dc6b9a48b4a1dc534d41a6c9842cf8cf5e41969feee56ca03d1679e4	student_name_pattern	1	NATIVE_TEXT	7a7e0533a3852632afa0ee9dcf31c31c5b8d085ce30a676361970de15cf53edf			FALSE_POSITIVE_TECHNICAL|PUBLIC_INSTITUTIONAL_DATA|SYNTHETIC_EXAMPLE|PERSONAL_DATA_PRESENT		PERSONAL_DATA_PRESENT				
PII_CONTENT	P2_CANDIDATE	7e657a7b093d39d9aec7205f6e1be2aeba0550ddd39dff0ad220c2342a8460bc	false	tpe-ironmen-695726-pdf--7e657a7b09	01_EDUSCOL_OFFICIEL/COLLEGE/CYCLE_4_TRANSVERSAL/MATHEMATIQUES/06_GUIDES/2016/tpe-ironmen-695726-pdf--7e657a7b09.pdf	A_QUALIFIER	student_name_pattern	1	15					7e657a7b093d39d9aec7205f6e1be2aeba0550ddd39dff0ad220c2342a8460bc			PII_CLEARED|PII_REDACTION_REQUIRED|EXCLUDE_FROM_SERVABLE_SET|HUMAN_REVIEW_REQUIRED	EXCLUDE_FROM_SERVABLE_SET		PERSONAL_DATA_PRESENT	abenrhouma		Exclusion par précaution : 1 signalement(s) (student_name_pattern) non examinés individuellement, présumés données personnelles ; le contenu n'est pas servi.
PII_FINDING	P2_CANDIDATE	7e657a7b093d39d9aec7205f6e1be2aeba0550ddd39dff0ad220c2342a8460bc	false			A_QUALIFIER				bd9ce2d268c16cb53c2c9dbf854098597fb05ecf4e9a9fa786038914ac6f669e	student_name_pattern	15	OCR_FALLBACK	7e657a7b093d39d9aec7205f6e1be2aeba0550ddd39dff0ad220c2342a8460bc			FALSE_POSITIVE_TECHNICAL|PUBLIC_INSTITUTIONAL_DATA|SYNTHETIC_EXAMPLE|PERSONAL_DATA_PRESENT		PERSONAL_DATA_PRESENT				
PII_CONTENT	P2_CANDIDATE	7eb3b943dde0d0eca48e574ea51b03793f09f56ef834f25f175490228fa9beba	false	note-de-service-definissant-l-evaluation-ponctuelle-dans-l-enseignement-de-specialite-suivi-uniquement-en-premiere-de-la-voie-gene--7eb3b943dd	01_EDUSCOL_OFFICIEL/LYCEE/PREMIERE/LSF/04_EVALUATIONS_EXAMENS/2025/note-de-service-definissant-l-evaluation-ponctuelle-dans-l-enseignement-de-specialite-suivi-uniquement-en-premiere-de-la-voie-gene--7eb3b943dd.pdf	A_QUALIFIER	student_name_pattern	1	15					7eb3b943dde0d0eca48e574ea51b03793f09f56ef834f25f175490228fa9beba			PII_CLEARED|PII_REDACTION_REQUIRED|EXCLUDE_FROM_SERVABLE_SET|HUMAN_REVIEW_REQUIRED	EXCLUDE_FROM_SERVABLE_SET		PERSONAL_DATA_PRESENT	abenrhouma		Exclusion par précaution : 1 signalement(s) (student_name_pattern) non examinés individuellement, présumés données personnelles ; le contenu n'est pas servi.
PII_FINDING	P2_CANDIDATE	7eb3b943dde0d0eca48e574ea51b03793f09f56ef834f25f175490228fa9beba	false			A_QUALIFIER				9253e867bd0bc75ab07b61da247da83d752ca79fc192878cd9b41aff10a3c96d	student_name_pattern	15	NATIVE_TEXT	7eb3b943dde0d0eca48e574ea51b03793f09f56ef834f25f175490228fa9beba			FALSE_POSITIVE_TECHNICAL|PUBLIC_INSTITUTIONAL_DATA|SYNTHETIC_EXAMPLE|PERSONAL_DATA_PRESENT		PERSONAL_DATA_PRESENT				
PII_CONTENT	P2_CANDIDATE	7fd90b6ecabb7f5621ba53eba245014a666a4cdc6aefae0efdc6d10d9bc70c7b	false	fiche-eleve--7fd90b6eca	01_EDUSCOL_OFFICIEL/COLLEGE/CYCLE_4_TRANSVERSAL/MATHEMATIQUES/09_AUTRES/2023/fiche-eleve--7fd90b6eca.pdf	A_QUALIFIER	student_name_pattern	1	1					7fd90b6ecabb7f5621ba53eba245014a666a4cdc6aefae0efdc6d10d9bc70c7b			PII_CLEARED|PII_REDACTION_REQUIRED|EXCLUDE_FROM_SERVABLE_SET|HUMAN_REVIEW_REQUIRED	EXCLUDE_FROM_SERVABLE_SET		PERSONAL_DATA_PRESENT	abenrhouma		Exclusion par précaution : 1 signalement(s) (student_name_pattern) non examinés individuellement, présumés données personnelles ; le contenu n'est pas servi.
PII_FINDING	P2_CANDIDATE	7fd90b6ecabb7f5621ba53eba245014a666a4cdc6aefae0efdc6d10d9bc70c7b	false			A_QUALIFIER				e67bbf2888f2e099eee0ce29363e0e4f0a2c34e5f26d33db2d1ff2fd84052e64	student_name_pattern	1	NATIVE_TEXT	7fd90b6ecabb7f5621ba53eba245014a666a4cdc6aefae0efdc6d10d9bc70c7b			FALSE_POSITIVE_TECHNICAL|PUBLIC_INSTITUTIONAL_DATA|SYNTHETIC_EXAMPLE|PERSONAL_DATA_PRESENT		PERSONAL_DATA_PRESENT				
PII_CONTENT	P2_CANDIDATE	81496267afa7711120acce36e23cbb9dc4f7bb3d325171ebceb4d420ba3bb79f	false	fiche-eleve--81496267af	01_EDUSCOL_OFFICIEL/COLLEGE/CYCLE_4_TRANSVERSAL/MATHEMATIQUES/09_AUTRES/2023/fiche-eleve--81496267af.pdf	A_QUALIFIER	student_name_pattern	1	1					81496267afa7711120acce36e23cbb9dc4f7bb3d325171ebceb4d420ba3bb79f			PII_CLEARED|PII_REDACTION_REQUIRED|EXCLUDE_FROM_SERVABLE_SET|HUMAN_REVIEW_REQUIRED	EXCLUDE_FROM_SERVABLE_SET		PERSONAL_DATA_PRESENT	abenrhouma		Exclusion par précaution : 1 signalement(s) (student_name_pattern) non examinés individuellement, présumés données personnelles ; le contenu n'est pas servi.
PII_FINDING	P2_CANDIDATE	81496267afa7711120acce36e23cbb9dc4f7bb3d325171ebceb4d420ba3bb79f	false			A_QUALIFIER				3033ba18211a1ac55991c6e3f286f24d0df3d5546e03f3ebf9e4e29b0b1afa5a	student_name_pattern	1	NATIVE_TEXT	81496267afa7711120acce36e23cbb9dc4f7bb3d325171ebceb4d420ba3bb79f			FALSE_POSITIVE_TECHNICAL|PUBLIC_INSTITUTIONAL_DATA|SYNTHETIC_EXAMPLE|PERSONAL_DATA_PRESENT		PERSONAL_DATA_PRESENT				
PII_CONTENT	P2_CANDIDATE	834bb3fac8c33b5d1ffec754f3f66b05bf2b0fd7f6e7bfb652501e6c44009329	false	fiche-eleve--834bb3fac8	01_EDUSCOL_OFFICIEL/COLLEGE/CYCLE_4_TRANSVERSAL/MATHEMATIQUES/09_AUTRES/2023/fiche-eleve--834bb3fac8.pdf	A_QUALIFIER	student_name_pattern	1	1					834bb3fac8c33b5d1ffec754f3f66b05bf2b0fd7f6e7bfb652501e6c44009329			PII_CLEARED|PII_REDACTION_REQUIRED|EXCLUDE_FROM_SERVABLE_SET|HUMAN_REVIEW_REQUIRED	EXCLUDE_FROM_SERVABLE_SET		PERSONAL_DATA_PRESENT	abenrhouma		Exclusion par précaution : 1 signalement(s) (student_name_pattern) non examinés individuellement, présumés données personnelles ; le contenu n'est pas servi.
PII_FINDING	P2_CANDIDATE	834bb3fac8c33b5d1ffec754f3f66b05bf2b0fd7f6e7bfb652501e6c44009329	false			A_QUALIFIER				9b2d87911771dd49c3a9c7fcf11791c89cf69b66432fbcd22c819d95d5daf100	student_name_pattern	1	NATIVE_TEXT	834bb3fac8c33b5d1ffec754f3f66b05bf2b0fd7f6e7bfb652501e6c44009329			FALSE_POSITIVE_TECHNICAL|PUBLIC_INSTITUTIONAL_DATA|SYNTHETIC_EXAMPLE|PERSONAL_DATA_PRESENT		PERSONAL_DATA_PRESENT				
PII_CONTENT	P2_CANDIDATE	8af8e685982e39068cd84e97a122288c471366ffbc85312c57882ab4c2862e1f	false	quel-sport-conseiller-a-julie-victor-et-caroline-pdf-180-31-ko--8af8e68598	01_EDUSCOL_OFFICIEL/LYCEE/SECONDE/PHYSIQUE_CHIMIE/09_AUTRES/2019/quel-sport-conseiller-a-julie-victor-et-caroline-pdf-180-31-ko--8af8e68598.pdf	A_QUALIFIER	student_name_pattern	1	5					8af8e685982e39068cd84e97a122288c471366ffbc85312c57882ab4c2862e1f			PII_CLEARED|PII_REDACTION_REQUIRED|EXCLUDE_FROM_SERVABLE_SET|HUMAN_REVIEW_REQUIRED	EXCLUDE_FROM_SERVABLE_SET		PERSONAL_DATA_PRESENT	abenrhouma		Exclusion par précaution : 1 signalement(s) (student_name_pattern) non examinés individuellement, présumés données personnelles ; le contenu n'est pas servi.
PII_FINDING	P2_CANDIDATE	8af8e685982e39068cd84e97a122288c471366ffbc85312c57882ab4c2862e1f	false			A_QUALIFIER				88f66bc55caa21695c8d73b3a605120adfb86a44dceeba2bb99897a03ddc8302	student_name_pattern	5	NATIVE_TEXT	8af8e685982e39068cd84e97a122288c471366ffbc85312c57882ab4c2862e1f			FALSE_POSITIVE_TECHNICAL|PUBLIC_INSTITUTIONAL_DATA|SYNTHETIC_EXAMPLE|PERSONAL_DATA_PRESENT		PERSONAL_DATA_PRESENT				
PII_CONTENT	P2_CANDIDATE	9a6b90a37a4c50cf0e42c27df51ff0ab48f704432c8bcf904722be16b604a250	false	les-algues-vertes-un-probleme-nauseabond-pdf-511-57-ko--9a6b90a37a	01_EDUSCOL_OFFICIEL/LYCEE/SECONDE/PHYSIQUE_CHIMIE/03_RESSOURCES_ACCOMPAGNEMENT/2020/les-algues-vertes-un-probleme-nauseabond-pdf-511-57-ko--9a6b90a37a.pdf	A_QUALIFIER	student_name_pattern	2	10|12					9a6b90a37a4c50cf0e42c27df51ff0ab48f704432c8bcf904722be16b604a250			PII_CLEARED|PII_REDACTION_REQUIRED|EXCLUDE_FROM_SERVABLE_SET|HUMAN_REVIEW_REQUIRED	EXCLUDE_FROM_SERVABLE_SET		PERSONAL_DATA_PRESENT	abenrhouma		Exclusion par précaution : 2 signalement(s) (student_name_pattern) non examinés individuellement, présumés données personnelles ; le contenu n'est pas servi.
PII_FINDING	P2_CANDIDATE	9a6b90a37a4c50cf0e42c27df51ff0ab48f704432c8bcf904722be16b604a250	false			A_QUALIFIER				3b5b12f16b35b36276d8dbd0c493be72246f092bd9d3738032416e25bf567223	student_name_pattern	10	NATIVE_TEXT	9a6b90a37a4c50cf0e42c27df51ff0ab48f704432c8bcf904722be16b604a250			FALSE_POSITIVE_TECHNICAL|PUBLIC_INSTITUTIONAL_DATA|SYNTHETIC_EXAMPLE|PERSONAL_DATA_PRESENT		PERSONAL_DATA_PRESENT				
PII_FINDING	P2_CANDIDATE	9a6b90a37a4c50cf0e42c27df51ff0ab48f704432c8bcf904722be16b604a250	false			A_QUALIFIER				d62fef0c39b8d04d8618bed6db124145be13dc5fa8a4b28b0c84d1d6d73322d4	student_name_pattern	12	NATIVE_TEXT	9a6b90a37a4c50cf0e42c27df51ff0ab48f704432c8bcf904722be16b604a250			FALSE_POSITIVE_TECHNICAL|PUBLIC_INSTITUTIONAL_DATA|SYNTHETIC_EXAMPLE|PERSONAL_DATA_PRESENT		PERSONAL_DATA_PRESENT				
PII_CONTENT	P2_CANDIDATE	a83ab5880407907d934bb5ea2d8037e55906cc5d79a563bd3c3a6c7c30f8c881	false	scienza-e-coscienza--a83ab58804	01_EDUSCOL_OFFICIEL/LYCEE/TRANSVERSAL_MULTI_NIVEAUX/80_A_VERIFIER/_MULTI_DISCIPLINES/01_PROGRAMMES_OFFICIELS/2020/scienza-e-coscienza--a83ab58804.pdf	A_QUALIFIER	student_name_pattern	1	10					a83ab5880407907d934bb5ea2d8037e55906cc5d79a563bd3c3a6c7c30f8c881			PII_CLEARED|PII_REDACTION_REQUIRED|EXCLUDE_FROM_SERVABLE_SET|HUMAN_REVIEW_REQUIRED	EXCLUDE_FROM_SERVABLE_SET		PERSONAL_DATA_PRESENT	abenrhouma		Exclusion par précaution : 1 signalement(s) (student_name_pattern) non examinés individuellement, présumés données personnelles ; le contenu n'est pas servi.
PII_FINDING	P2_CANDIDATE	a83ab5880407907d934bb5ea2d8037e55906cc5d79a563bd3c3a6c7c30f8c881	false			A_QUALIFIER				92839fd4081535c8d5a8f754dc3c705054ecdeddaa69f77f57fcc14c306a196e	student_name_pattern	10	NATIVE_TEXT	a83ab5880407907d934bb5ea2d8037e55906cc5d79a563bd3c3a6c7c30f8c881			FALSE_POSITIVE_TECHNICAL|PUBLIC_INSTITUTIONAL_DATA|SYNTHETIC_EXAMPLE|PERSONAL_DATA_PRESENT		PERSONAL_DATA_PRESENT				
PII_CONTENT	P2_CANDIDATE	b1a2ab5a3d0e4aca1e1070989847f4df8ed131975e28783b3f6a327e7344cd7d	false	fiche-eleve--b1a2ab5a3d	01_EDUSCOL_OFFICIEL/COLLEGE/CYCLE_4_TRANSVERSAL/MATHEMATIQUES/09_AUTRES/2023/fiche-eleve--b1a2ab5a3d.pdf	A_QUALIFIER	student_name_pattern	1	1					b1a2ab5a3d0e4aca1e1070989847f4df8ed131975e28783b3f6a327e7344cd7d			PII_CLEARED|PII_REDACTION_REQUIRED|EXCLUDE_FROM_SERVABLE_SET|HUMAN_REVIEW_REQUIRED	EXCLUDE_FROM_SERVABLE_SET		PERSONAL_DATA_PRESENT	abenrhouma		Exclusion par précaution : 1 signalement(s) (student_name_pattern) non examinés individuellement, présumés données personnelles ; le contenu n'est pas servi.
PII_FINDING	P2_CANDIDATE	b1a2ab5a3d0e4aca1e1070989847f4df8ed131975e28783b3f6a327e7344cd7d	false			A_QUALIFIER				06d3a6c434c560c1838ae14759e2562c13d6f186877b07e3e999ea78133963eb	student_name_pattern	1	NATIVE_TEXT	b1a2ab5a3d0e4aca1e1070989847f4df8ed131975e28783b3f6a327e7344cd7d			FALSE_POSITIVE_TECHNICAL|PUBLIC_INSTITUTIONAL_DATA|SYNTHETIC_EXAMPLE|PERSONAL_DATA_PRESENT		PERSONAL_DATA_PRESENT				
PII_CONTENT	P2_CANDIDATE	becc408f54be3e1988205864e5e8ea993f04acee8bb27d879adf99b4c9a2650f	false	etude-de-cas-madame-c-est-ma-sculpture-qui-me-regarde-les-liens-entre-evaluation-et-progres-de-l-eleve-pdf-1-83-mo--becc408f54	01_EDUSCOL_OFFICIEL/COLLEGE/CYCLE_4_TRANSVERSAL/ARTS_PLASTIQUES/04_EVALUATIONS_EXAMENS/2017/etude-de-cas-madame-c-est-ma-sculpture-qui-me-regarde-les-liens-entre-evaluation-et-progres-de-l-eleve-pdf-1-83-mo--becc408f54.pdf	A_QUALIFIER	student_name_pattern	1	28					becc408f54be3e1988205864e5e8ea993f04acee8bb27d879adf99b4c9a2650f			PII_CLEARED|PII_REDACTION_REQUIRED|EXCLUDE_FROM_SERVABLE_SET|HUMAN_REVIEW_REQUIRED	EXCLUDE_FROM_SERVABLE_SET		PERSONAL_DATA_PRESENT	abenrhouma		Exclusion par précaution : 1 signalement(s) (student_name_pattern) non examinés individuellement, présumés données personnelles ; le contenu n'est pas servi.
PII_FINDING	P2_CANDIDATE	becc408f54be3e1988205864e5e8ea993f04acee8bb27d879adf99b4c9a2650f	false			A_QUALIFIER				877c314c92ed7ee1b0c0f4bef8f44f4f7678c87faf0ee9ac16165f0da86b1f30	student_name_pattern	28	NATIVE_TEXT	becc408f54be3e1988205864e5e8ea993f04acee8bb27d879adf99b4c9a2650f			FALSE_POSITIVE_TECHNICAL|PUBLIC_INSTITUTIONAL_DATA|SYNTHETIC_EXAMPLE|PERSONAL_DATA_PRESENT		PERSONAL_DATA_PRESENT				
PII_CONTENT	P2_CANDIDATE	cae249e2fd1642d0defc4451f64d7e743d57c75b27adea8be03143348d318807	false	fiche-eleve--cae249e2fd	01_EDUSCOL_OFFICIEL/COLLEGE/CYCLE_4_TRANSVERSAL/MATHEMATIQUES/09_AUTRES/2023/fiche-eleve--cae249e2fd.pdf	A_QUALIFIER	student_name_pattern	1	1					cae249e2fd1642d0defc4451f64d7e743d57c75b27adea8be03143348d318807			PII_CLEARED|PII_REDACTION_REQUIRED|EXCLUDE_FROM_SERVABLE_SET|HUMAN_REVIEW_REQUIRED	EXCLUDE_FROM_SERVABLE_SET		PERSONAL_DATA_PRESENT	abenrhouma		Exclusion par précaution : 1 signalement(s) (student_name_pattern) non examinés individuellement, présumés données personnelles ; le contenu n'est pas servi.
PII_FINDING	P2_CANDIDATE	cae249e2fd1642d0defc4451f64d7e743d57c75b27adea8be03143348d318807	false			A_QUALIFIER				9e010587a7f8fc2dab41e3ac575d672b107ca29532682c82099e33595243e913	student_name_pattern	1	NATIVE_TEXT	cae249e2fd1642d0defc4451f64d7e743d57c75b27adea8be03143348d318807			FALSE_POSITIVE_TECHNICAL|PUBLIC_INSTITUTIONAL_DATA|SYNTHETIC_EXAMPLE|PERSONAL_DATA_PRESENT		PERSONAL_DATA_PRESENT				
PII_CONTENT	P2_CANDIDATE	ce6cbadb352cf61b798d98fb16120c1ef5baa854de1c712c30eb32d9e9e87096	false	latin-l-ablatif-absolu-pdf-515-97-ko--ce6cbadb35	01_EDUSCOL_OFFICIEL/COLLEGE/CYCLE_4_TRANSVERSAL/LCA/03_RESSOURCES_ACCOMPAGNEMENT/2016/latin-l-ablatif-absolu-pdf-515-97-ko--ce6cbadb35.pdf	A_QUALIFIER	student_name_pattern	1	6					ce6cbadb352cf61b798d98fb16120c1ef5baa854de1c712c30eb32d9e9e87096			PII_CLEARED|PII_REDACTION_REQUIRED|EXCLUDE_FROM_SERVABLE_SET|HUMAN_REVIEW_REQUIRED	EXCLUDE_FROM_SERVABLE_SET		PERSONAL_DATA_PRESENT	abenrhouma		Exclusion par précaution : 1 signalement(s) (student_name_pattern) non examinés individuellement, présumés données personnelles ; le contenu n'est pas servi.
PII_FINDING	P2_CANDIDATE	ce6cbadb352cf61b798d98fb16120c1ef5baa854de1c712c30eb32d9e9e87096	false			A_QUALIFIER				18fa4dec1f507416402f90226584bc743306836195ea889d84ac02040133810c	student_name_pattern	6	NATIVE_TEXT	ce6cbadb352cf61b798d98fb16120c1ef5baa854de1c712c30eb32d9e9e87096			FALSE_POSITIVE_TECHNICAL|PUBLIC_INSTITUTIONAL_DATA|SYNTHETIC_EXAMPLE|PERSONAL_DATA_PRESENT		PERSONAL_DATA_PRESENT				
PII_CONTENT	P2_CANDIDATE	d487a7fdce909a2c7ae6c2ceba81bba14bfb71cf6ad506479d98caff5526c59f	false	fiche-eleve--d487a7fdce	01_EDUSCOL_OFFICIEL/COLLEGE/CYCLE_4_TRANSVERSAL/MATHEMATIQUES/09_AUTRES/2023/fiche-eleve--d487a7fdce.pdf	A_QUALIFIER	student_name_pattern	1	1					d487a7fdce909a2c7ae6c2ceba81bba14bfb71cf6ad506479d98caff5526c59f			PII_CLEARED|PII_REDACTION_REQUIRED|EXCLUDE_FROM_SERVABLE_SET|HUMAN_REVIEW_REQUIRED	EXCLUDE_FROM_SERVABLE_SET		PERSONAL_DATA_PRESENT	abenrhouma		Exclusion par précaution : 1 signalement(s) (student_name_pattern) non examinés individuellement, présumés données personnelles ; le contenu n'est pas servi.
PII_FINDING	P2_CANDIDATE	d487a7fdce909a2c7ae6c2ceba81bba14bfb71cf6ad506479d98caff5526c59f	false			A_QUALIFIER				55cb140990f32b925bca26512c974703d68a01f053e66c2484efd2bfd9788fc0	student_name_pattern	1	NATIVE_TEXT	d487a7fdce909a2c7ae6c2ceba81bba14bfb71cf6ad506479d98caff5526c59f			FALSE_POSITIVE_TECHNICAL|PUBLIC_INSTITUTIONAL_DATA|SYNTHETIC_EXAMPLE|PERSONAL_DATA_PRESENT		PERSONAL_DATA_PRESENT				
PII_CONTENT	P2_CANDIDATE	d6dfc7d63f2bfe55ffdbab2709fe1f939e75c75e84267e516b558ac4edbe47f9	false	course-d-orientation-pdf-857-01-ko--d6dfc7d63f	01_EDUSCOL_OFFICIEL/COLLEGE/CYCLE_4_TRANSVERSAL/EPS/02_REPERES_ATTENDUS/2016/course-d-orientation-pdf-857-01-ko--d6dfc7d63f.pdf	A_QUALIFIER	student_name_pattern	2	9|11					d6dfc7d63f2bfe55ffdbab2709fe1f939e75c75e84267e516b558ac4edbe47f9			PII_CLEARED|PII_REDACTION_REQUIRED|EXCLUDE_FROM_SERVABLE_SET|HUMAN_REVIEW_REQUIRED	EXCLUDE_FROM_SERVABLE_SET		PERSONAL_DATA_PRESENT	abenrhouma		Exclusion par précaution : 2 signalement(s) (student_name_pattern) non examinés individuellement, présumés données personnelles ; le contenu n'est pas servi.
PII_FINDING	P2_CANDIDATE	d6dfc7d63f2bfe55ffdbab2709fe1f939e75c75e84267e516b558ac4edbe47f9	false			A_QUALIFIER				020367ba30b6560bfa09ae1eae6031e8ffbd96cd294c7d4fb5c2e1353fd0a3e1	student_name_pattern	11	NATIVE_TEXT	d6dfc7d63f2bfe55ffdbab2709fe1f939e75c75e84267e516b558ac4edbe47f9			FALSE_POSITIVE_TECHNICAL|PUBLIC_INSTITUTIONAL_DATA|SYNTHETIC_EXAMPLE|PERSONAL_DATA_PRESENT		PERSONAL_DATA_PRESENT				
PII_FINDING	P2_CANDIDATE	d6dfc7d63f2bfe55ffdbab2709fe1f939e75c75e84267e516b558ac4edbe47f9	false			A_QUALIFIER				f62c8ad42b5bd55b13f96d5c1de472ef98a7bbb6046369a33d0be9c08dd669b1	student_name_pattern	9	NATIVE_TEXT	d6dfc7d63f2bfe55ffdbab2709fe1f939e75c75e84267e516b558ac4edbe47f9			FALSE_POSITIVE_TECHNICAL|PUBLIC_INSTITUTIONAL_DATA|SYNTHETIC_EXAMPLE|PERSONAL_DATA_PRESENT		PERSONAL_DATA_PRESENT				
PII_CONTENT	P2_CANDIDATE	deab5ed03e32d12d0a9f8c01542028f91005c3fb1ac8b97ba4897bc24e462c36	false	le-programme-de-langue-des-signes-litterature-et-culture-sourde-lsf-l1-de-seconde-premiere-et-terminale-des-voies-generale-et-tech--deab5ed03e	01_EDUSCOL_OFFICIEL/LYCEE/TRANSVERSAL_MULTI_NIVEAUX/80_A_VERIFIER/LSF/01_PROGRAMMES_OFFICIELS/2020/le-programme-de-langue-des-signes-litterature-et-culture-sourde-lsf-l1-de-seconde-premiere-et-terminale-des-voies-generale-et-tech--deab5ed03e.pdf	A_QUALIFIER	student_name_pattern	1	25					deab5ed03e32d12d0a9f8c01542028f91005c3fb1ac8b97ba4897bc24e462c36			PII_CLEARED|PII_REDACTION_REQUIRED|EXCLUDE_FROM_SERVABLE_SET|HUMAN_REVIEW_REQUIRED	EXCLUDE_FROM_SERVABLE_SET		PERSONAL_DATA_PRESENT	abenrhouma		Exclusion par précaution : 1 signalement(s) (student_name_pattern) non examinés individuellement, présumés données personnelles ; le contenu n'est pas servi.
PII_FINDING	P2_CANDIDATE	deab5ed03e32d12d0a9f8c01542028f91005c3fb1ac8b97ba4897bc24e462c36	false			A_QUALIFIER				0f7a41d1ed508d1d8a5d2b70f5cded0d3532f96f5acfe2f2226bf54d9a35db19	student_name_pattern	25	NATIVE_TEXT	deab5ed03e32d12d0a9f8c01542028f91005c3fb1ac8b97ba4897bc24e462c36			FALSE_POSITIVE_TECHNICAL|PUBLIC_INSTITUTIONAL_DATA|SYNTHETIC_EXAMPLE|PERSONAL_DATA_PRESENT		PERSONAL_DATA_PRESENT				
PII_CONTENT	P2_CANDIDATE	e3c2f36ca6a2ff5fb1f41b6d2e09b90753f32b0c5221475fb1f2ef53ad24567e	false	activite-2-l-image-numerique-pdf-845-18-ko--e3c2f36ca6	01_EDUSCOL_OFFICIEL/LYCEE/SECONDE/SNT/07_DIAPORAMAS_SUPPORTS/2019/activite-2-l-image-numerique-pdf-845-18-ko--e3c2f36ca6.pdf	A_QUALIFIER	student_name_pattern	3	1|4					e3c2f36ca6a2ff5fb1f41b6d2e09b90753f32b0c5221475fb1f2ef53ad24567e			PII_CLEARED|PII_REDACTION_REQUIRED|EXCLUDE_FROM_SERVABLE_SET|HUMAN_REVIEW_REQUIRED	EXCLUDE_FROM_SERVABLE_SET		PERSONAL_DATA_PRESENT	abenrhouma		Exclusion par précaution : 3 signalement(s) (student_name_pattern) non examinés individuellement, présumés données personnelles ; le contenu n'est pas servi.
PII_FINDING	P2_CANDIDATE	e3c2f36ca6a2ff5fb1f41b6d2e09b90753f32b0c5221475fb1f2ef53ad24567e	false			A_QUALIFIER				99c50197ae548c3542cc33f63bbcfebf032698cce47d4483d6db66ebc6b44b37	student_name_pattern	4	NATIVE_TEXT	e3c2f36ca6a2ff5fb1f41b6d2e09b90753f32b0c5221475fb1f2ef53ad24567e			FALSE_POSITIVE_TECHNICAL|PUBLIC_INSTITUTIONAL_DATA|SYNTHETIC_EXAMPLE|PERSONAL_DATA_PRESENT		PERSONAL_DATA_PRESENT				
PII_FINDING	P2_CANDIDATE	e3c2f36ca6a2ff5fb1f41b6d2e09b90753f32b0c5221475fb1f2ef53ad24567e	false			A_QUALIFIER				c8019593a16e1f74a46e6d6ac35f6732f847c236bc436cd613ced4b9c9c8b027	student_name_pattern	1	NATIVE_TEXT	e3c2f36ca6a2ff5fb1f41b6d2e09b90753f32b0c5221475fb1f2ef53ad24567e			FALSE_POSITIVE_TECHNICAL|PUBLIC_INSTITUTIONAL_DATA|SYNTHETIC_EXAMPLE|PERSONAL_DATA_PRESENT		PERSONAL_DATA_PRESENT				
PII_FINDING	P2_CANDIDATE	e3c2f36ca6a2ff5fb1f41b6d2e09b90753f32b0c5221475fb1f2ef53ad24567e	false			A_QUALIFIER				ffb59edc30e664591fce08bc06c7e96df5d5d5462f6b8a7a4609b9206baacc8d	student_name_pattern	4	NATIVE_TEXT	e3c2f36ca6a2ff5fb1f41b6d2e09b90753f32b0c5221475fb1f2ef53ad24567e			FALSE_POSITIVE_TECHNICAL|PUBLIC_INSTITUTIONAL_DATA|SYNTHETIC_EXAMPLE|PERSONAL_DATA_PRESENT		PERSONAL_DATA_PRESENT				
PII_CONTENT	P2_CANDIDATE	f548dbc81a9af6f2cad9802033f5fae8764cbc02a6f3fb408a8c80c1b894aec0	false	fiche-eleve--f548dbc81a	01_EDUSCOL_OFFICIEL/COLLEGE/CYCLE_4_TRANSVERSAL/MATHEMATIQUES/09_AUTRES/2023/fiche-eleve--f548dbc81a.pdf	A_QUALIFIER	student_name_pattern	1	1					f548dbc81a9af6f2cad9802033f5fae8764cbc02a6f3fb408a8c80c1b894aec0			PII_CLEARED|PII_REDACTION_REQUIRED|EXCLUDE_FROM_SERVABLE_SET|HUMAN_REVIEW_REQUIRED	EXCLUDE_FROM_SERVABLE_SET		PERSONAL_DATA_PRESENT	abenrhouma		Exclusion par précaution : 1 signalement(s) (student_name_pattern) non examinés individuellement, présumés données personnelles ; le contenu n'est pas servi.
PII_FINDING	P2_CANDIDATE	f548dbc81a9af6f2cad9802033f5fae8764cbc02a6f3fb408a8c80c1b894aec0	false			A_QUALIFIER				e07c5e1760421c2ccaaced28a315acc2c8fdb361dfa305e4166255c97407e92b	student_name_pattern	1	NATIVE_TEXT	f548dbc81a9af6f2cad9802033f5fae8764cbc02a6f3fb408a8c80c1b894aec0			FALSE_POSITIVE_TECHNICAL|PUBLIC_INSTITUTIONAL_DATA|SYNTHETIC_EXAMPLE|PERSONAL_DATA_PRESENT		PERSONAL_DATA_PRESENT				
