content_sha256	source_release	collections	source_path	source_listing_url	page_count	source_pii_status	source_currentness_disposition	automated_signal_pages	explicit_student_exclusion_signal	rights_review	student_suitability	third_party_exception_review	pii_recheck	currentness_recheck	revocation_recheck	student_public_disposition	rights_evidence_ref	decision_evidence_pages	decision_reason	human_reviewer	reviewed_at_utc
00be5591656578cf94095266d34c778d14dd31c596e7045bafd1b3655babf475	v4	rag_nexus_hlp_premiere_specialite,rag_nexus_hlp_terminale_specialite	01_EDUSCOL_OFFICIEL/LYCEE/TRANSVERSAL_MULTI_NIVEAUX/80_A_VERIFIER/_MULTI_DISCIPLINES/03_RESSOURCES_ACCOMPAGNEMENT/2023/le-laboratoire-des-mots-pdf-242-49-ko--00be559165.pdf	https://eduscol.education.gouv.fr/5793/programmes-et-ressources-en-francais-voie-gt	7	CLEARED	OFFICIAL_SNAPSHOT_NETWORK_UNVERIFIABLE	NONE_DETECTED	false	PENDING	PENDING	PENDING	PENDING	PENDING	PENDING	PENDING	PENDING	PENDING	PENDING	PENDING	PENDING
00cbf8eac19ed34d5e7317f436b7ed84aee6df9b2feaf1989db537343b5a476d	v5	rag_nexus_hggsp_premiere_specialite,rag_nexus_hggsp_terminale_specialite	01_EDUSCOL_OFFICIEL/LYCEE/TERMINALE/HGGSP/04_EVALUATIONS_EXAMENS/2019/specialite-histoire-geographie-geopolitique-et-sciences-politiques-en-terminale-bo-special-n-8-du-25-juillet-2019-pdf-366-73-ko--00cbf8eac1.pdf	https://eduscol.education.gouv.fr/5802/programmes-et-ressources-en-histoire-geographie-geopolitique-et-sciences-politiques-voie-g	10	CLEARED	OFFICIAL_SNAPSHOT_NETWORK_UNVERIFIABLE	reproduction_or_third_party:p1,reproduction_or_third_party:p2,reproduction_or_third_party:p3,reproduction_or_third_party:p4,reproduction_or_third_party:p5,reproduction_or_third_party:p6,reproduction_or_third_party:p7,reproduction_or_third_party:p8,reproduction_or_third_party:p9,reproduction_or_third_party:p10	false	PENDING	PENDING	PENDING	PENDING	PENDING	PENDING	PENDING	PENDING	PENDING	PENDING	PENDING	PENDING
04bf557a574c4d553fab35eb3175f6f638dd129ffa785ca640367ae5c109881c	v4	rag_nexus_svt_terminale_specialite	01_EDUSCOL_OFFICIEL/LYCEE/SECONDE/SVT/04_EVALUATIONS_EXAMENS/2021/la-conservation-des-genomes-stabilite-genetique-et-evolution-clonale-remobiliser-des-prerequis-et-presentation-orale-pdf-1-19-mo--04bf557a57.pdf	https://eduscol.education.gouv.fr/5835/programmes-et-ressources-en-sciences-de-la-vie-et-de-la-terre-voie-gt	9	DETECTED_REVIEWED_ACCEPTED	OFFICIAL_SNAPSHOT_NETWORK_UNVERIFIABLE	NONE_DETECTED	false	PENDING	PENDING	PENDING	PENDING	PENDING	PENDING	PENDING	PENDING	PENDING	PENDING	PENDING	PENDING
0591c1753929f39fc9c8e02bb0eb90fd656974a9cef0f737d0afe55c34322124	v4	rag_nexus_hlp_premiere_specialite	01_EDUSCOL_OFFICIEL/LYCEE/TRANSVERSAL_MULTI_NIVEAUX/80_A_VERIFIER/_MULTI_DISCIPLINES/09_AUTRES/2019/exemple-racine-britannicus-parcours-tragique-et-tragedie-a-l-age-classique--0591c17539.pdf	https://eduscol.education.gouv.fr/5793/programmes-et-ressources-en-francais-voie-gt	6	CLEARED	OFFICIAL_SNAPSHOT_NETWORK_UNVERIFIABLE	NONE_DETECTED	false	PENDING	PENDING	PENDING	PENDING	PENDING	PENDING	PENDING	PENDING	PENDING	PENDING	PENDING	PENDING
06e491d369c5164d9f746176edeef45363cef53d3de2d5fb55153e6e96f98f2e	v4	rag_nexus_ses_premiere_specialite	01_EDUSCOL_OFFICIEL/LYCEE/TRANSVERSAL_MULTI_NIVEAUX/10_ACTUEL_CONFIRME/SES/01_PROGRAMMES_OFFICIELS/2019/specialite-ses-de-premiere-generale-bo-special-n-1-du-22-janvier-2019-pdf-174-71-ko--06e491d369.pdf	https://eduscol.education.gouv.fr/sites/default/files/document/spe639annexe1063544pdf-82752.pdf	7	CLEARED	OFFICIAL_SNAPSHOT_NETWORK_UNVERIFIABLE	reproduction_or_third_party:p1,reproduction_or_third_party:p2,reproduction_or_third_party:p3,reproduction_or_third_party:p4,reproduction_or_third_party:p5,reproduction_or_third_party:p6,reproduction_or_third_party:p7	false	PENDING	PENDING	PENDING	PENDING	PENDING	PENDING	PENDING	PENDING	PENDING	PENDING	PENDING	PENDING
08c8baf8a6730c2d04b13ba569bfbdabe5acb94116fdfbd840ce662705bd196f	v4	rag_nexus_svt_premiere_specialite	01_EDUSCOL_OFFICIEL/LYCEE/SECONDE/SVT/09_AUTRES/2019/le-fonctionnement-du-systeme-immunitaire-humain-pdf-398-08-ko--08c8baf8a6.pdf	https://eduscol.education.gouv.fr/5835/programmes-et-ressources-en-sciences-de-la-vie-et-de-la-terre-voie-gt	8	CLEARED	OFFICIAL_SNAPSHOT_NETWORK_UNVERIFIABLE	NONE_DETECTED	false	PENDING	PENDING	PENDING	PENDING	PENDING	PENDING	PENDING	PENDING	PENDING	PENDING	PENDING	PENDING
08e7f20dee8addee5de124cb1884e604c7d978930f619456b2ec000de98c938e	v4	rag_nexus_ses_premiere_specialite,rag_nexus_ses_terminale_specialite	01_EDUSCOL_OFFICIEL/LYCEE/TRANSVERSAL_MULTI_NIVEAUX/80_A_VERIFIER/SES/01_PROGRAMMES_OFFICIELS/2025/comment-se-construisent-et-evoluent-les-liens-sociaux-pdf-635-95-ko--08e7f20dee.pdf	https://eduscol.education.gouv.fr/5838/programmes-et-ressources-en-sciences-economiques-et-sociales-voie-gt	17	CLEARED	OFFICIAL_SNAPSHOT_NETWORK_UNVERIFIABLE	NONE_DETECTED	false	PENDING	PENDING	PENDING	PENDING	PENDING	PENDING	PENDING	PENDING	PENDING	PENDING	PENDING	PENDING
09e3797e0caf2ea64920a516e11e85c204e12e6ce063db4adbe4307f90c1006a	v4	rag_nexus_hlp_premiere_specialite	01_EDUSCOL_OFFICIEL/LYCEE/TRANSVERSAL_MULTI_NIVEAUX/80_A_VERIFIER/_MULTI_DISCIPLINES/07_DIAPORAMAS_SUPPORTS/2019/exemple-de-prolongement-artistique-et-culturel--09e3797e0c.pdf	https://eduscol.education.gouv.fr/5793/programmes-et-ressources-en-francais-voie-gt	3	CLEARED	OFFICIAL_SNAPSHOT_NETWORK_UNVERIFIABLE	NONE_DETECTED	false	PENDING	PENDING	PENDING	PENDING	PENDING	PENDING	PENDING	PENDING	PENDING	PENDING	PENDING	PENDING
09f76a653434eff06cf96f15dfecab74873049c9f30af02321df74c44717a09a	v4	rag_nexus_hlp_premiere_specialite,rag_nexus_hlp_terminale_specialite	01_EDUSCOL_OFFICIEL/LYCEE/TRANSVERSAL_MULTI_NIVEAUX/80_A_VERIFIER/_MULTI_DISCIPLINES/01_PROGRAMMES_OFFICIELS/2023/mes-forets-la-nature-et-l-intime-pdf-255-9-ko--09f76a6534.pdf	https://eduscol.education.gouv.fr/5793/programmes-et-ressources-en-francais-voie-gt	13	CLEARED	OFFICIAL_SNAPSHOT_NETWORK_UNVERIFIABLE	NONE_DETECTED	false	PENDING	PENDING	PENDING	PENDING	PENDING	PENDING	PENDING	PENDING	PENDING	PENDING	PENDING	PENDING
0acb85cddc0f0e2b436a574bd5d35cc6f3304270bf5e99dd1282c2344711526b	v4	rag_nexus_dgemc_terminale_option	01_EDUSCOL_OFFICIEL/LYCEE/TRANSVERSAL_MULTI_NIVEAUX/80_A_VERIFIER/DGEMC/07_DIAPORAMAS_SUPPORTS/2026/fiche-de-presentation-du-theme-pdf-1-01-mo--0acb85cddc.pdf	https://eduscol.education.gouv.fr/6171/concours-decouvrons-notre-constitution	6	CLEARED	OFFICIAL_SNAPSHOT_NETWORK_UNVERIFIABLE	NONE_DETECTED	false	PENDING	PENDING	PENDING	PENDING	PENDING	PENDING	PENDING	PENDING	PENDING	PENDING	PENDING	PENDING
0b69bcd141b15512cb007c9ce13c82ac346094828174ac2806ae601a7c9d8d62	v5	rag_nexus_hggsp_premiere_specialite	01_EDUSCOL_OFFICIEL/LYCEE/TRANSVERSAL_MULTI_NIVEAUX/80_A_VERIFIER/_MULTI_DISCIPLINES/09_AUTRES/2019/une-diversification-des-espaces-et-des-acteurs-de-la-production-pdf-232-45-ko--0b69bcd141.pdf	https://eduscol.education.gouv.fr/5799/programmes-et-ressources-en-histoire-geographie-voie-gt	8	CLEARED	OFFICIAL_SNAPSHOT_NETWORK_UNVERIFIABLE	NONE_DETECTED	false	PENDING	PENDING	PENDING	PENDING	PENDING	PENDING	PENDING	PENDING	PENDING	PENDING	PENDING	PENDING
0b9a40eb0706d976cabd3259f0f4f3bd87037ef41f3aebda4b67b1ae85b667f2	v4	rag_nexus_hlp_premiere_specialite,rag_nexus_hlp_terminale_specialite	01_EDUSCOL_OFFICIEL/LYCEE/TRANSVERSAL_MULTI_NIVEAUX/80_A_VERIFIER/_MULTI_DISCIPLINES/01_PROGRAMMES_OFFICIELS/2019/l-interrogation-en-regard-de-l-explication--0b9a40eb07.pdf	https://eduscol.education.gouv.fr/5793/programmes-et-ressources-en-francais-voie-gt	7	CLEARED	OFFICIAL_SNAPSHOT_NETWORK_UNVERIFIABLE	NONE_DETECTED	false	PENDING	PENDING	PENDING	PENDING	PENDING	PENDING	PENDING	PENDING	PENDING	PENDING	PENDING	PENDING
0bce2a6a8dd3c28a4f73cab03469015fa8a03be2e1a12a070741f00b24d84785	v4	rag_nexus_hlp_premiere_specialite	01_EDUSCOL_OFFICIEL/LYCEE/TRANSVERSAL_MULTI_NIVEAUX/80_A_VERIFIER/_MULTI_DISCIPLINES/09_AUTRES/2019/exemple-de-corpus-pour-le-parcours-associe--0bce2a6a8d.pdf	https://eduscol.education.gouv.fr/5793/programmes-et-ressources-en-francais-voie-gt	11	CLEARED	OFFICIAL_SNAPSHOT_NETWORK_UNVERIFIABLE	NONE_DETECTED	false	PENDING	PENDING	PENDING	PENDING	PENDING	PENDING	PENDING	PENDING	PENDING	PENDING	PENDING	PENDING
0bee148f84433c74beaee17fb2b8d749cccb249f954ff0900444aada4605b050	v4	rag_nexus_hlp_premiere_specialite,rag_nexus_hlp_terminale_specialite	01_EDUSCOL_OFFICIEL/LYCEE/TRANSVERSAL_MULTI_NIVEAUX/80_A_VERIFIER/_MULTI_DISCIPLINES/09_AUTRES/2023/support-de-l-intervention--0bee148f84.pdf	https://eduscol.education.gouv.fr/5805/programmes-et-ressources-en-humanites-litterature-et-philosophie-voie-g	2	CLEARED	OFFICIAL_SNAPSHOT_NETWORK_UNVERIFIABLE	NONE_DETECTED	false	PENDING	PENDING	PENDING	PENDING	PENDING	PENDING	PENDING	PENDING	PENDING	PENDING	PENDING	PENDING
0c25d92cc36271cd404a4896b9998e6b5690261852682cc2a75944587a55dc80	v4	rag_nexus_svt_premiere_specialite	01_EDUSCOL_OFFICIEL/LYCEE/SECONDE/SVT/09_AUTRES/2019/les-ecosystemes-et-services-environnementaux-pdf-286-16-ko--0c25d92cc3.pdf	https://eduscol.education.gouv.fr/5835/programmes-et-ressources-en-sciences-de-la-vie-et-de-la-terre-voie-gt	9	CLEARED	OFFICIAL_SNAPSHOT_NETWORK_UNVERIFIABLE	NONE_DETECTED	false	PENDING	PENDING	PENDING	PENDING	PENDING	PENDING	PENDING	PENDING	PENDING	PENDING	PENDING	PENDING
0d580861899f1148132e595c19a53fa5d44b8c37e080fa9594a2064babc7333e	v5	rag_nexus_hggsp_premiere_specialite,rag_nexus_hggsp_terminale_specialite	01_EDUSCOL_OFFICIEL/LYCEE/TERMINALE/HGGSP/03_RESSOURCES_ACCOMPAGNEMENT/2025/annexes-de-la-fiche-la-france-au-cameroun-pdf-2-49-mo--0d58086189.pdf	https://eduscol.education.gouv.fr/5802/programmes-et-ressources-en-histoire-geographie-geopolitique-et-sciences-politiques-voie-g	16	CLEARED	OFFICIAL_SNAPSHOT_NETWORK_UNVERIFIABLE	reproduction_or_third_party:p1,reproduction_or_third_party:p2	false	PENDING	PENDING	PENDING	PENDING	PENDING	PENDING	PENDING	PENDING	PENDING	PENDING	PENDING	PENDING
0dda163a792284e1e0df97c0ee72e8c04722bd145684db49a7095cb3b8e6ddc3	v4	rag_nexus_svt_terminale_specialite	01_EDUSCOL_OFFICIEL/LYCEE/SECONDE/SVT/09_AUTRES/2020/former-les-eleves-a-des-techniques-de-biologie-moleculaire-et-de-bioinformatique-et-apprehender-le-concept-d-holobionte-pdf-5-31-m--0dda163a79.pdf	https://eduscol.education.gouv.fr/5835/programmes-et-ressources-en-sciences-de-la-vie-et-de-la-terre-voie-gt	43	DETECTED_REVIEWED_ACCEPTED	OFFICIAL_SNAPSHOT_NETWORK_UNVERIFIABLE	NONE_DETECTED	false	PENDING	PENDING	PENDING	PENDING	PENDING	PENDING	PENDING	PENDING	PENDING	PENDING	PENDING	PENDING
0feffb0455ff40a4516cf8bee116e85e24a437e122314c3ececa6a683e7d853a	v4	rag_nexus_nsi_terminale_specialite	01_EDUSCOL_OFFICIEL/LYCEE/TRANSVERSAL_MULTI_NIVEAUX/80_A_VERIFIER/NSI/09_AUTRES/2021/types-abstraits-de-donnees-implantations-et-propositions-de-mise-en-uvre-pdf-323-87-ko--0feffb0455.pdf	https://eduscol.education.gouv.fr/5823/programmes-et-ressources-en-numerique-et-sciences-informatiques-voie-g	24	CLEARED	OFFICIAL_SNAPSHOT_NETWORK_UNVERIFIABLE	NONE_DETECTED	false	PENDING	PENDING	PENDING	PENDING	PENDING	PENDING	PENDING	PENDING	PENDING	PENDING	PENDING	PENDING
1087fb5ab5aeaa4330187fd267bc3b210b6f4163725593291613ba8771e880d3	v4	rag_nexus_dgemc_terminale_option	01_EDUSCOL_OFFICIEL/LYCEE/TRANSVERSAL_MULTI_NIVEAUX/80_A_VERIFIER/DGEMC/01_PROGRAMMES_OFFICIELS/2026/propositions-pedagogiques-pour-la-categorie-3-lycee-sans-enseignement-de-droit-pdf-477-88-ko--1087fb5ab5.pdf	https://eduscol.education.gouv.fr/6171/concours-decouvrons-notre-constitution	4	CLEARED	OFFICIAL_SNAPSHOT_NETWORK_UNVERIFIABLE	NONE_DETECTED	false	PENDING	PENDING	PENDING	PENDING	PENDING	PENDING	PENDING	PENDING	PENDING	PENDING	PENDING	PENDING
10ce34666edd722a3d8d86642a9f1ac205c7a9d128d6142a17effcba2fb85e69	v4	rag_nexus_nsi_premiere_specialite,rag_nexus_nsi_terminale_specialite	01_EDUSCOL_OFFICIEL/LYCEE/TERMINALE/NSI/01_PROGRAMMES_OFFICIELS/2019/specialite-numerique-et-sciences-informatiques-en-terminale-bo-special-n-8-du-25-juillet-2019-pdf-196-38-ko--10ce34666e.pdf	https://eduscol.education.gouv.fr/sites/default/files/document/spe247annexe1158933pdf-89502.pdf	9	CLEARED	OFFICIAL_SNAPSHOT_NETWORK_UNVERIFIABLE	reproduction_or_third_party:p1,reproduction_or_third_party:p2,reproduction_or_third_party:p3,reproduction_or_third_party:p4,reproduction_or_third_party:p5,reproduction_or_third_party:p6,reproduction_or_third_party:p7,reproduction_or_third_party:p8,reproduction_or_third_party:p9	false	PENDING	PENDING	PENDING	PENDING	PENDING	PENDING	PENDING	PENDING	PENDING	PENDING	PENDING	PENDING
12d639fab6e187109d2dfec37a31b12b85985e3aa6449ece2c70ea06a0578468	v4	rag_nexus_hlp_premiere_specialite,rag_nexus_hlp_terminale_specialite	01_EDUSCOL_OFFICIEL/LYCEE/TRANSVERSAL_MULTI_NIVEAUX/80_A_VERIFIER/_MULTI_DISCIPLINES/03_RESSOURCES_ACCOMPAGNEMENT/2025/le-roman-epistolaire-l-affirmation-d-une-conscience-pdf-142-46-ko--12d639fab6.pdf	https://eduscol.education.gouv.fr/5793/programmes-et-ressources-en-francais-voie-gt	6	CLEARED	OFFICIAL_SNAPSHOT_NETWORK_UNVERIFIABLE	NONE_DETECTED	false	PENDING	PENDING	PENDING	PENDING	PENDING	PENDING	PENDING	PENDING	PENDING	PENDING	PENDING	PENDING
130e2b8f34b1d9aacb96de1e54d913cfc2cefe8f2d9d020d9d1d3daa9a94f517	v4	rag_nexus_hlp_premiere_specialite,rag_nexus_hlp_terminale_specialite	01_EDUSCOL_OFFICIEL/LYCEE/TRANSVERSAL_MULTI_NIVEAUX/80_A_VERIFIER/_MULTI_DISCIPLINES/01_PROGRAMMES_OFFICIELS/2023/balzac-et-la-question-de-l-image-pdf-247-7-ko--130e2b8f34.pdf	https://eduscol.education.gouv.fr/5793/programmes-et-ressources-en-francais-voie-gt	3	CLEARED	OFFICIAL_SNAPSHOT_NETWORK_UNVERIFIABLE	NONE_DETECTED	false	PENDING	PENDING	PENDING	PENDING	PENDING	PENDING	PENDING	PENDING	PENDING	PENDING	PENDING	PENDING
1489040e7947c4ad734d2f194c95afbc7aaa2279f6e208c5877f3462899df2e3	v4	rag_nexus_hlp_premiere_specialite,rag_nexus_hlp_terminale_specialite	01_EDUSCOL_OFFICIEL/LYCEE/TRANSVERSAL_MULTI_NIVEAUX/80_A_VERIFIER/_MULTI_DISCIPLINES/07_DIAPORAMAS_SUPPORTS/2026/la-representation-des-incas-dans-les-lettres-d-une-peruvienne-pdf-152-38-ko--1489040e79.pdf	https://eduscol.education.gouv.fr/5793/programmes-et-ressources-en-francais-voie-gt	6	CLEARED	OFFICIAL_SNAPSHOT_NETWORK_UNVERIFIABLE	NONE_DETECTED	false	PENDING	PENDING	PENDING	PENDING	PENDING	PENDING	PENDING	PENDING	PENDING	PENDING	PENDING	PENDING
15afffc70069f5af30759f76880761169644c45507ef7d18ee8b6eabcfc7a842	v4	rag_nexus_hlp_premiere_specialite,rag_nexus_hlp_terminale_specialite	01_EDUSCOL_OFFICIEL/LYCEE/TRANSVERSAL_MULTI_NIVEAUX/80_A_VERIFIER/_MULTI_DISCIPLINES/01_PROGRAMMES_OFFICIELS/2019/propositions-de-sujets-avec-un-support-image--15afffc700.pdf	https://eduscol.education.gouv.fr/5793/programmes-et-ressources-en-francais-voie-gt	6	CLEARED	OFFICIAL_SNAPSHOT_NETWORK_UNVERIFIABLE	NONE_DETECTED	false	PENDING	PENDING	PENDING	PENDING	PENDING	PENDING	PENDING	PENDING	PENDING	PENDING	PENDING	PENDING
17b5954cd90ce01de9ab8f392db9185ffa9ad358ccba68462f31b2221ee80123	v4	rag_nexus_nsi_terminale_specialite	01_EDUSCOL_OFFICIEL/LYCEE/TRANSVERSAL_MULTI_NIVEAUX/80_A_VERIFIER/NSI/01_PROGRAMMES_OFFICIELS/2021/types-abstraits-de-donnees-presentation-pdf-187-5-ko--17b5954cd9.pdf	https://eduscol.education.gouv.fr/5823/programmes-et-ressources-en-numerique-et-sciences-informatiques-voie-g	6	CLEARED	OFFICIAL_SNAPSHOT_NETWORK_UNVERIFIABLE	NONE_DETECTED	false	PENDING	PENDING	PENDING	PENDING	PENDING	PENDING	PENDING	PENDING	PENDING	PENDING	PENDING	PENDING
1812d129eeeceeae1a36a11bad8ae3bc8e8ecdcf589ddc200fc6d0f7ee662e3c	v4	rag_nexus_svt_terminale_specialite	01_EDUSCOL_OFFICIEL/LYCEE/SECONDE/SVT/09_AUTRES/2020/prediction-des-genotypes-dans-deux-populations-touchees-par-la-drepanocytose-en-utilisant-la-loi-de-hardy-weinberg-pdf-579-4-ko--1812d129ee.pdf	https://eduscol.education.gouv.fr/5835/programmes-et-ressources-en-sciences-de-la-vie-et-de-la-terre-voie-gt	13	CLEARED	OFFICIAL_SNAPSHOT_NETWORK_UNVERIFIABLE	NONE_DETECTED	false	PENDING	PENDING	PENDING	PENDING	PENDING	PENDING	PENDING	PENDING	PENDING	PENDING	PENDING	PENDING
188c7b512edd4aecce488c3898820f1e69898585dbb557814e723de4b79f2630	v4	rag_nexus_svt_terminale_specialite	01_EDUSCOL_OFFICIEL/LYCEE/SECONDE/SVT/01_PROGRAMMES_OFFICIELS/2020/simclimat-pour-comprendre-les-variations-climatiques-passees-pdf-807-14-ko--188c7b512e.pdf	https://eduscol.education.gouv.fr/5835/programmes-et-ressources-en-sciences-de-la-vie-et-de-la-terre-voie-gt	11	CLEARED	OFFICIAL_SNAPSHOT_NETWORK_UNVERIFIABLE	NONE_DETECTED	false	PENDING	PENDING	PENDING	PENDING	PENDING	PENDING	PENDING	PENDING	PENDING	PENDING	PENDING	PENDING
197c2f5f1f674aecbebe12f416123cf60d960e1a6767118a42b43d517f9e6f51	v5	rag_nexus_hggsp_premiere_specialite,rag_nexus_hggsp_terminale_specialite	01_EDUSCOL_OFFICIEL/LYCEE/TRANSVERSAL_MULTI_NIVEAUX/80_A_VERIFIER/_MULTI_DISCIPLINES/09_AUTRES/2022/la-france-de-1945-a-nos-jours-une-democratie-pdf-294-94-ko--197c2f5f1f.pdf	https://eduscol.education.gouv.fr/5799/programmes-et-ressources-en-histoire-geographie-voie-gt	20	CLEARED	OFFICIAL_SNAPSHOT_NETWORK_UNVERIFIABLE	NONE_DETECTED	false	PENDING	PENDING	PENDING	PENDING	PENDING	PENDING	PENDING	PENDING	PENDING	PENDING	PENDING	PENDING
1b34f7fade7fbf3180d54cd650bd466f1e4f1d83e8940faac1ed40ab44d7b029	v4	rag_nexus_nsi_premiere_specialite,rag_nexus_nsi_terminale_specialite	01_EDUSCOL_OFFICIEL/LYCEE/TERMINALE/NSI/03_RESSOURCES_ACCOMPAGNEMENT/2020/programmation-dynamique-pdf-785-04-ko--1b34f7fade.pdf	https://eduscol.education.gouv.fr/5823/programmes-et-ressources-en-numerique-et-sciences-informatiques-voie-g	10	CLEARED	OFFICIAL_SNAPSHOT_NETWORK_UNVERIFIABLE	NONE_DETECTED	false	PENDING	PENDING	PENDING	PENDING	PENDING	PENDING	PENDING	PENDING	PENDING	PENDING	PENDING	PENDING
1b4a7df46aa61784554aec44c22b2d39ef2a88f01e0d5cc96c3e78c1c1a12082	v4	rag_nexus_nsi_premiere_specialite,rag_nexus_nsi_terminale_specialite	01_EDUSCOL_OFFICIEL/LYCEE/TRANSVERSAL_MULTI_NIVEAUX/80_A_VERIFIER/NSI/07_DIAPORAMAS_SUPPORTS/2019/systemes-de-type-unix-le-point-de-vue-utilisateur-pdf-143-82-ko--1b4a7df46a.pdf	https://eduscol.education.gouv.fr/5823/programmes-et-ressources-en-numerique-et-sciences-informatiques-voie-g	6	CLEARED	OFFICIAL_SNAPSHOT_NETWORK_UNVERIFIABLE	NONE_DETECTED	false	PENDING	PENDING	PENDING	PENDING	PENDING	PENDING	PENDING	PENDING	PENDING	PENDING	PENDING	PENDING
1d4d522350ee03ce4453ffe5766dedc0257a7faff317177cb4d34ca3c5213cd6	v5	rag_nexus_hggsp_premiere_specialite,rag_nexus_hggsp_terminale_specialite	01_EDUSCOL_OFFICIEL/LYCEE/TRANSVERSAL_MULTI_NIVEAUX/80_A_VERIFIER/_MULTI_DISCIPLINES/09_AUTRES/2022/l-union-europeenne-dans-la-mondialisation-des-dynamiques-complexes-pdf-850-42-ko--1d4d522350.pdf	https://eduscol.education.gouv.fr/5799/programmes-et-ressources-en-histoire-geographie-voie-gt	14	CLEARED	OFFICIAL_SNAPSHOT_NETWORK_UNVERIFIABLE	NONE_DETECTED	false	PENDING	PENDING	PENDING	PENDING	PENDING	PENDING	PENDING	PENDING	PENDING	PENDING	PENDING	PENDING
1ddb97cf73d859ba5aaf4510a2ede99952333fe007fa0a0860c17c8ea34b30a5	v4	rag_nexus_nsi_terminale_specialite	01_EDUSCOL_OFFICIEL/LYCEE/TERMINALE/NSI/03_RESSOURCES_ACCOMPAGNEMENT/2021/modularite-et-api-pdf-257-42-ko--1ddb97cf73.pdf	https://eduscol.education.gouv.fr/5823/programmes-et-ressources-en-numerique-et-sciences-informatiques-voie-g	7	CLEARED	OFFICIAL_SNAPSHOT_NETWORK_UNVERIFIABLE	NONE_DETECTED	false	PENDING	PENDING	PENDING	PENDING	PENDING	PENDING	PENDING	PENDING	PENDING	PENDING	PENDING	PENDING
1e8950bde2797f7762a8298616eb094c3c1b7844a0222a1177ef6a328e5a91f1	v5	rag_nexus_hggsp_premiere_specialite	01_EDUSCOL_OFFICIEL/LYCEE/TRANSVERSAL_MULTI_NIVEAUX/80_A_VERIFIER/_MULTI_DISCIPLINES/03_RESSOURCES_ACCOMPAGNEMENT/2019/l-europe-face-aux-revolutions-pdf-304-55-ko--1e8950bde2.pdf	https://eduscol.education.gouv.fr/5799/programmes-et-ressources-en-histoire-geographie-voie-gt	14	CLEARED	OFFICIAL_SNAPSHOT_NETWORK_UNVERIFIABLE	NONE_DETECTED	false	PENDING	PENDING	PENDING	PENDING	PENDING	PENDING	PENDING	PENDING	PENDING	PENDING	PENDING	PENDING
1ea3df5ec2e428b297007de865ac550f1cee14a5eccea2ec65b07841b0f35d31	v4	rag_nexus_svt_premiere_specialite	01_EDUSCOL_OFFICIEL/LYCEE/TRANSVERSAL_MULTI_NIVEAUX/80_A_VERIFIER/SVT/03_RESSOURCES_ACCOMPAGNEMENT/2019/l-information-genetique-sa-transmission-son-expression-sa-variation-pdf-352-4-ko--1ea3df5ec2.pdf	https://eduscol.education.gouv.fr/5835/programmes-et-ressources-en-sciences-de-la-vie-et-de-la-terre-voie-gt	10	CLEARED	OFFICIAL_SNAPSHOT_NETWORK_UNVERIFIABLE	NONE_DETECTED	false	PENDING	PENDING	PENDING	PENDING	PENDING	PENDING	PENDING	PENDING	PENDING	PENDING	PENDING	PENDING
1f0470afab27a1a68400ffaad404f5d298098194979c0e067d151d0afec75e63	v4	rag_nexus_nsi_premiere_specialite,rag_nexus_nsi_terminale_specialite	01_EDUSCOL_OFFICIEL/LYCEE/TRANSVERSAL_MULTI_NIVEAUX/80_A_VERIFIER/NSI/07_DIAPORAMAS_SUPPORTS/2019/interaction-client-serveur-pdf-153-73-ko--1f0470afab.pdf	https://eduscol.education.gouv.fr/5823/programmes-et-ressources-en-numerique-et-sciences-informatiques-voie-g	4	CLEARED	OFFICIAL_SNAPSHOT_NETWORK_UNVERIFIABLE	NONE_DETECTED	false	PENDING	PENDING	PENDING	PENDING	PENDING	PENDING	PENDING	PENDING	PENDING	PENDING	PENDING	PENDING
202ef17f4c78e680b41ea2feda10cbb28e01b3f6f170d8c4e958bdb89708ef14	v4	rag_nexus_ses_premiere_specialite	01_EDUSCOL_OFFICIEL/LYCEE/TRANSVERSAL_MULTI_NIVEAUX/80_A_VERIFIER/SES/03_RESSOURCES_ACCOMPAGNEMENT/2019/comment-un-marche-concurrentiel-fonctionne-t-il-pdf-1-23-mo--202ef17f4c.pdf	https://eduscol.education.gouv.fr/5838/programmes-et-ressources-en-sciences-economiques-et-sociales-voie-gt	11	CLEARED	OFFICIAL_SNAPSHOT_NETWORK_UNVERIFIABLE	NONE_DETECTED	false	PENDING	PENDING	PENDING	PENDING	PENDING	PENDING	PENDING	PENDING	PENDING	PENDING	PENDING	PENDING
20bd269bc673c59669b0f1d49ba199d10664de13a7d51c2553379177f938db88	v4	rag_nexus_hlp_premiere_specialite,rag_nexus_hlp_terminale_specialite	01_EDUSCOL_OFFICIEL/LYCEE/TRANSVERSAL_MULTI_NIVEAUX/80_A_VERIFIER/_MULTI_DISCIPLINES/01_PROGRAMMES_OFFICIELS/2024/sito-bibliographie-pdf-132-73-ko--20bd269bc6.pdf	https://eduscol.education.gouv.fr/5793/programmes-et-ressources-en-francais-voie-gt	4	CLEARED	OFFICIAL_SNAPSHOT_NETWORK_UNVERIFIABLE	NONE_DETECTED	false	PENDING	PENDING	PENDING	PENDING	PENDING	PENDING	PENDING	PENDING	PENDING	PENDING	PENDING	PENDING
217f6201bab340c601411fd9aac10805326d00708033efa0fe2d97411b035f44	v5	rag_nexus_hggsp_premiere_specialite,rag_nexus_hggsp_terminale_specialite	01_EDUSCOL_OFFICIEL/LYCEE/TRANSVERSAL_MULTI_NIVEAUX/80_A_VERIFIER/_MULTI_DISCIPLINES/03_RESSOURCES_ACCOMPAGNEMENT/2022/la-france-dans-l-europe-des-nationalites-politique-et-societe-1848-1871-pdf-320-91-ko--217f6201ba.pdf	https://eduscol.education.gouv.fr/5799/programmes-et-ressources-en-histoire-geographie-voie-gt	20	CLEARED	OFFICIAL_SNAPSHOT_NETWORK_UNVERIFIABLE	NONE_DETECTED	false	PENDING	PENDING	PENDING	PENDING	PENDING	PENDING	PENDING	PENDING	PENDING	PENDING	PENDING	PENDING
21d2c073b8bed2930b63f526dd11e99f71988e144ef83433ef135179a8e532be	v4	rag_nexus_ses_premiere_specialite,rag_nexus_ses_terminale_specialite	01_EDUSCOL_OFFICIEL/LYCEE/SECONDE/SES/03_RESSOURCES_ACCOMPAGNEMENT/2023/seconde-quel-est-le-lien-entre-le-niveau-de-croissance-et-les-emissions-de-ges-pdf-862-82-ko--21d2c073b8.pdf	https://eduscol.education.gouv.fr/5838/programmes-et-ressources-en-sciences-economiques-et-sociales-voie-gt	8	CLEARED	OFFICIAL_SNAPSHOT_NETWORK_UNVERIFIABLE	NONE_DETECTED	false	PENDING	PENDING	PENDING	PENDING	PENDING	PENDING	PENDING	PENDING	PENDING	PENDING	PENDING	PENDING
2252e83a8f1adc1030d9da2e363f7aa4a5acefe7b88a0f8b61e88cca39992277	v5	rag_nexus_hggsp_premiere_specialite	01_EDUSCOL_OFFICIEL/LYCEE/PREMIERE/HGGSP/03_RESSOURCES_ACCOMPAGNEMENT/2020/s-informer-un-regard-critique-sur-les-sources-et-modes-de-communication-pdf-308-36-ko--2252e83a8f.pdf	https://eduscol.education.gouv.fr/5802/programmes-et-ressources-en-histoire-geographie-geopolitique-et-sciences-politiques-voie-g	16	CLEARED	OFFICIAL_SNAPSHOT_NETWORK_UNVERIFIABLE	confidential_or_internal:p13	false	PENDING	PENDING	PENDING	PENDING	PENDING	PENDING	PENDING	PENDING	PENDING	PENDING	PENDING	PENDING
23d55b3b9a789a06b540fe09424719f03c712c1ebc1f13fe1eb22b094f499e08	v4	rag_nexus_nsi_premiere_specialite,rag_nexus_nsi_terminale_specialite	01_EDUSCOL_OFFICIEL/LYCEE/TRANSVERSAL_MULTI_NIVEAUX/80_A_VERIFIER/NSI/07_DIAPORAMAS_SUPPORTS/2019/evenements-pdf-165-29-ko--23d55b3b9a.pdf	https://eduscol.education.gouv.fr/5823/programmes-et-ressources-en-numerique-et-sciences-informatiques-voie-g	4	CLEARED	OFFICIAL_SNAPSHOT_NETWORK_UNVERIFIABLE	NONE_DETECTED	false	PENDING	PENDING	PENDING	PENDING	PENDING	PENDING	PENDING	PENDING	PENDING	PENDING	PENDING	PENDING
23fb5bc77951dd4f06e04e229700edfe0dccfb2ee69cb8283c2348004d6728cd	v4	rag_nexus_ses_premiere_specialite,rag_nexus_ses_terminale_specialite	01_EDUSCOL_OFFICIEL/LYCEE/TRANSVERSAL_MULTI_NIVEAUX/80_A_VERIFIER/SES/03_RESSOURCES_ACCOMPAGNEMENT/2023/premiere-comment-expliquer-la-degradation-de-l-environnement-et-quelles-sont-les-solutions-envisageables-pdf-493-71-ko--23fb5bc779.pdf	https://eduscol.education.gouv.fr/5838/programmes-et-ressources-en-sciences-economiques-et-sociales-voie-gt	8	CLEARED	OFFICIAL_SNAPSHOT_NETWORK_UNVERIFIABLE	NONE_DETECTED	false	PENDING	PENDING	PENDING	PENDING	PENDING	PENDING	PENDING	PENDING	PENDING	PENDING	PENDING	PENDING
2732f3d9adf24e8204574b38cd6d884cea4e38cb2145e8d6d179d5e06d587a60	v4	rag_nexus_dgemc_terminale_option	01_EDUSCOL_OFFICIEL/LYCEE/TRANSVERSAL_MULTI_NIVEAUX/80_A_VERIFIER/DGEMC/09_AUTRES/2021/qu-est-ce-que-la-constitution--2732f3d9ad.pdf	https://eduscol.education.gouv.fr/6150/ressources-pour-l-etude-de-la-constitution	20	CLEARED	OFFICIAL_SNAPSHOT_NETWORK_UNVERIFIABLE	NONE_DETECTED	false	PENDING	PENDING	PENDING	PENDING	PENDING	PENDING	PENDING	PENDING	PENDING	PENDING	PENDING	PENDING
274036eae4b75103d518d934d6650d46b32eb75635872f926b044370995ea379	v4	rag_nexus_hlp_premiere_specialite,rag_nexus_hlp_terminale_specialite	01_EDUSCOL_OFFICIEL/LYCEE/TRANSVERSAL_MULTI_NIVEAUX/80_A_VERIFIER/_MULTI_DISCIPLINES/01_PROGRAMMES_OFFICIELS/2023/mes-forets-la-forme-d-un-livre-1-pdf-180-67-ko--274036eae4.pdf	https://eduscol.education.gouv.fr/5793/programmes-et-ressources-en-francais-voie-gt	6	CLEARED	OFFICIAL_SNAPSHOT_NETWORK_UNVERIFIABLE	NONE_DETECTED	false	PENDING	PENDING	PENDING	PENDING	PENDING	PENDING	PENDING	PENDING	PENDING	PENDING	PENDING	PENDING
281bf4a693275c41b112213d5c1130f209e4c828448c61f459311af3e3bea956	v4	rag_nexus_ses_premiere_specialite,rag_nexus_ses_terminale_specialite	01_EDUSCOL_OFFICIEL/LYCEE/SECONDE/SES/03_RESSOURCES_ACCOMPAGNEMENT/2023/seconde-quel-lien-existe-t-il-entre-le-niveau-de-revenu-et-le-niveau-d-epargne-pdf-357-ko--281bf4a693.pdf	https://eduscol.education.gouv.fr/5838/programmes-et-ressources-en-sciences-economiques-et-sociales-voie-gt	8	CLEARED	OFFICIAL_SNAPSHOT_NETWORK_UNVERIFIABLE	NONE_DETECTED	false	PENDING	PENDING	PENDING	PENDING	PENDING	PENDING	PENDING	PENDING	PENDING	PENDING	PENDING	PENDING
284637c904ad2fec3353f97768b87ce4582da19e5a51af1c2e69929307dbdf06	v4	rag_nexus_svt_terminale_specialite	01_EDUSCOL_OFFICIEL/LYCEE/SECONDE/SVT/04_EVALUATIONS_EXAMENS/2021/le-passe-geologique-de-notre-planete-et-les-climats-passes-presentation-orale-de-recherches-et-mise-en-commun-pdf-944-47-ko--284637c904.pdf	https://eduscol.education.gouv.fr/5835/programmes-et-ressources-en-sciences-de-la-vie-et-de-la-terre-voie-gt	7	CLEARED	OFFICIAL_SNAPSHOT_NETWORK_UNVERIFIABLE	NONE_DETECTED	false	PENDING	PENDING	PENDING	PENDING	PENDING	PENDING	PENDING	PENDING	PENDING	PENDING	PENDING	PENDING
28c92cd742c6bc29890360b79d2518ae1960076b8512e5ccfe40fd0fe3572f32	v4	rag_nexus_nsi_premiere_specialite,rag_nexus_nsi_terminale_specialite	01_EDUSCOL_OFFICIEL/LYCEE/TRANSVERSAL_MULTI_NIVEAUX/80_A_VERIFIER/NSI/07_DIAPORAMAS_SUPPORTS/2019/modele-d-architecture-de-von-neumann-pdf-243-56-ko--28c92cd742.pdf	https://eduscol.education.gouv.fr/5823/programmes-et-ressources-en-numerique-et-sciences-informatiques-voie-g	8	DETECTED_REVIEWED_ACCEPTED	OFFICIAL_SNAPSHOT_NETWORK_UNVERIFIABLE	NONE_DETECTED	false	PENDING	PENDING	PENDING	PENDING	PENDING	PENDING	PENDING	PENDING	PENDING	PENDING	PENDING	PENDING
28f92cfe1c81f2a4bab17aa2a9bff9a05f43a265ecad03214fe452a4ac53202d	v4	rag_nexus_nsi_terminale_specialite	01_EDUSCOL_OFFICIEL/LYCEE/TERMINALE/NSI/03_RESSOURCES_ACCOMPAGNEMENT/2021/ecriture-de-tests-pdf-543-48-ko--28f92cfe1c.pdf	https://eduscol.education.gouv.fr/5823/programmes-et-ressources-en-numerique-et-sciences-informatiques-voie-g	25	DETECTED_REVIEWED_ACCEPTED	OFFICIAL_SNAPSHOT_NETWORK_UNVERIFIABLE	NONE_DETECTED	false	PENDING	PENDING	PENDING	PENDING	PENDING	PENDING	PENDING	PENDING	PENDING	PENDING	PENDING	PENDING
2932dd2349bffba126e8764f788e28489d712524e38593062a424b073b96114f	v4	rag_nexus_hlp_premiere_specialite,rag_nexus_hlp_terminale_specialite	01_EDUSCOL_OFFICIEL/LYCEE/TERMINALE/HLP/01_PROGRAMMES_OFFICIELS/2019/specialite-hlp-en-terminale-bo-special-n-8-du-25-juillet-2019-pdf-265-67-ko--2932dd2349.pdf	https://eduscol.education.gouv.fr/5805/programmes-et-ressources-en-humanites-litterature-et-philosophie-voie-g	10	CLEARED	OFFICIAL_SNAPSHOT_NETWORK_UNVERIFIABLE	reproduction_or_third_party:p1,reproduction_or_third_party:p2,reproduction_or_third_party:p3,reproduction_or_third_party:p4,reproduction_or_third_party:p5,reproduction_or_third_party:p6,reproduction_or_third_party:p7,reproduction_or_third_party:p8,reproduction_or_third_party:p9,reproduction_or_third_party:p10	false	PENDING	PENDING	PENDING	PENDING	PENDING	PENDING	PENDING	PENDING	PENDING	PENDING	PENDING	PENDING
2960fd0b0980ad3f6f51a739a34dd9f112c309693cff85c551b782de1917bd74	v5	rag_nexus_hggsp_premiere_specialite	01_EDUSCOL_OFFICIEL/LYCEE/TRANSVERSAL_MULTI_NIVEAUX/80_A_VERIFIER/_MULTI_DISCIPLINES/03_RESSOURCES_ACCOMPAGNEMENT/2019/la-metropolisation-un-processus-mondial-differencie-pdf-336-44-ko--2960fd0b09.pdf	https://eduscol.education.gouv.fr/5799/programmes-et-ressources-en-histoire-geographie-voie-gt	10	CLEARED	OFFICIAL_SNAPSHOT_NETWORK_UNVERIFIABLE	NONE_DETECTED	false	PENDING	PENDING	PENDING	PENDING	PENDING	PENDING	PENDING	PENDING	PENDING	PENDING	PENDING	PENDING
2a9e29b3874cc58bc1ccccad7267519bade0ad1b63fb90375eb16d9764705b35	v4	rag_nexus_ses_premiere_specialite	01_EDUSCOL_OFFICIEL/LYCEE/TRANSVERSAL_MULTI_NIVEAUX/80_A_VERIFIER/SES/05_ANNALES_SUJETS_CORRIGES/2019/quelles-sont-les-principales-defaillances-du-marche-pdf-300-96-ko--2a9e29b387.pdf	https://eduscol.education.gouv.fr/5838/programmes-et-ressources-en-sciences-economiques-et-sociales-voie-gt	7	CLEARED	OFFICIAL_SNAPSHOT_NETWORK_UNVERIFIABLE	NONE_DETECTED	false	PENDING	PENDING	PENDING	PENDING	PENDING	PENDING	PENDING	PENDING	PENDING	PENDING	PENDING	PENDING
2d0745ca845f8e30192d5c59aacb9fd6f60bcdb27007b00155107aa65c25e120	v4	rag_nexus_hlp_premiere_specialite,rag_nexus_hlp_terminale_specialite	01_EDUSCOL_OFFICIEL/LYCEE/TRANSVERSAL_MULTI_NIVEAUX/80_A_VERIFIER/_MULTI_DISCIPLINES/01_PROGRAMMES_OFFICIELS/2023/des-ressources-numeriques-pour-accompagner-l-etude-des-uvres-au-programme-le-roman-et-le-recit-du-moyen-age-au-xxie-siecle-pdf-177--2d0745ca84.pdf	https://eduscol.education.gouv.fr/5793/programmes-et-ressources-en-francais-voie-gt	5	DETECTED_REVIEWED_ACCEPTED	OFFICIAL_SNAPSHOT_NETWORK_UNVERIFIABLE	NONE_DETECTED	false	PENDING	PENDING	PENDING	PENDING	PENDING	PENDING	PENDING	PENDING	PENDING	PENDING	PENDING	PENDING
2dc0676aef5fcfc259bd41f2d51818de052c4b03940a681213b15859f3eece8b	v4	rag_nexus_hlp_premiere_specialite	01_EDUSCOL_OFFICIEL/LYCEE/PREMIERE/FRANCAIS/04_EVALUATIONS_EXAMENS/2019/exemple-pour-une-classe-de-premiere-technologique--2dc0676aef.pdf	https://eduscol.education.gouv.fr/5793/programmes-et-ressources-en-francais-voie-gt	6	CLEARED	OFFICIAL_SNAPSHOT_NETWORK_UNVERIFIABLE	NONE_DETECTED	false	PENDING	PENDING	PENDING	PENDING	PENDING	PENDING	PENDING	PENDING	PENDING	PENDING	PENDING	PENDING
2ef39773d21814ebda8f2e4e0b5d2970b5c81c5042285685cce28c263b2a562f	v4	rag_nexus_nsi_terminale_specialite	01_EDUSCOL_OFFICIEL/LYCEE/TERMINALE/NSI/03_RESSOURCES_ACCOMPAGNEMENT/2021/mise-au-point-des-programmes-gestion-des-bugs-pdf-230-29-ko--2ef39773d2.pdf	https://eduscol.education.gouv.fr/5823/programmes-et-ressources-en-numerique-et-sciences-informatiques-voie-g	10	CLEARED	OFFICIAL_SNAPSHOT_NETWORK_UNVERIFIABLE	NONE_DETECTED	false	PENDING	PENDING	PENDING	PENDING	PENDING	PENDING	PENDING	PENDING	PENDING	PENDING	PENDING	PENDING
2ef53e02a4e1aff55d251484af299dc9a68831fc008a5003b8773cf88dfd323b	v4	rag_nexus_hlp_terminale_specialite	01_EDUSCOL_OFFICIEL/LYCEE/TERMINALE/FRANCAIS/05_ANNALES_SUJETS_CORRIGES/2020/sujet-zero-n-4-commente-extrait-de-condition-de-l-homme-moderne-hannah-arendt-pdf-122-35-ko--2ef53e02a4.pdf	https://eduscol.education.gouv.fr/5805/programmes-et-ressources-en-humanites-litterature-et-philosophie-voie-g	5	CLEARED	OFFICIAL_SNAPSHOT_NETWORK_UNVERIFIABLE	NONE_DETECTED	false	PENDING	PENDING	PENDING	PENDING	PENDING	PENDING	PENDING	PENDING	PENDING	PENDING	PENDING	PENDING
2f1035c74db485d12e80d7c887cb9090807be32e5f79a6074d2decb1073ec154	v4	rag_nexus_ses_terminale_specialite	01_EDUSCOL_OFFICIEL/LYCEE/TRANSVERSAL_MULTI_NIVEAUX/10_ACTUEL_CONFIRME/SES/01_PROGRAMMES_OFFICIELS/2019/specialite-ses-de-terminale-generale-bo-special-n-8-du-25-juillet-2019-pdf-193-63-ko--2f1035c74d.pdf	https://eduscol.education.gouv.fr/sites/default/files/document/spe253annexe1158821pdf-82755.pdf	9	CLEARED	OFFICIAL_SNAPSHOT_NETWORK_UNVERIFIABLE	reproduction_or_third_party:p1,reproduction_or_third_party:p2,reproduction_or_third_party:p3,reproduction_or_third_party:p4,reproduction_or_third_party:p5,reproduction_or_third_party:p6,reproduction_or_third_party:p7,reproduction_or_third_party:p8,reproduction_or_third_party:p9	false	PENDING	PENDING	PENDING	PENDING	PENDING	PENDING	PENDING	PENDING	PENDING	PENDING	PENDING	PENDING
2f9442c83e62e483c96a0150196132953665b0b892e7cb313b4526977d0a933c	v5	rag_nexus_hggsp_terminale_specialite	01_EDUSCOL_OFFICIEL/LYCEE/TRANSVERSAL_MULTI_NIVEAUX/80_A_VERIFIER/_MULTI_DISCIPLINES/09_AUTRES/2020/des-territoires-inegalement-integres-dans-la-mondialisation-en-fonction-des-decisions-publiques-et-des-strategies-des-entreprises--2f9442c83e.pdf	https://eduscol.education.gouv.fr/5799/programmes-et-ressources-en-histoire-geographie-voie-gt	9	CLEARED	OFFICIAL_SNAPSHOT_NETWORK_UNVERIFIABLE	NONE_DETECTED	false	PENDING	PENDING	PENDING	PENDING	PENDING	PENDING	PENDING	PENDING	PENDING	PENDING	PENDING	PENDING
2fb28b71adff69e6c022c3b77e05ecfcb646005b4d36ff44fd7f203026248295	v4	rag_nexus_nsi_terminale_specialite	01_EDUSCOL_OFFICIEL/LYCEE/TERMINALE/NSI/03_RESSOURCES_ACCOMPAGNEMENT/2021/diviser-pour-regner-pdf-625-24-ko--2fb28b71ad.pdf	https://eduscol.education.gouv.fr/5823/programmes-et-ressources-en-numerique-et-sciences-informatiques-voie-g	12	CLEARED	OFFICIAL_SNAPSHOT_NETWORK_UNVERIFIABLE	NONE_DETECTED	false	PENDING	PENDING	PENDING	PENDING	PENDING	PENDING	PENDING	PENDING	PENDING	PENDING	PENDING	PENDING
309a7d7bd6907d1d17b8690b5e68f46d719760efc118e65091a8204d12d98d82	v4	rag_nexus_hlp_premiere_specialite,rag_nexus_hlp_terminale_specialite	01_EDUSCOL_OFFICIEL/LYCEE/TRANSVERSAL_MULTI_NIVEAUX/80_A_VERIFIER/_MULTI_DISCIPLINES/03_RESSOURCES_ACCOMPAGNEMENT/2025/galanterie-seduction-et-esthetique-de-la-conversation-pdf-206-79-ko--309a7d7bd6.pdf	https://eduscol.education.gouv.fr/5793/programmes-et-ressources-en-francais-voie-gt	9	CLEARED	OFFICIAL_SNAPSHOT_NETWORK_UNVERIFIABLE	NONE_DETECTED	false	PENDING	PENDING	PENDING	PENDING	PENDING	PENDING	PENDING	PENDING	PENDING	PENDING	PENDING	PENDING
30cfcc5c63f891eb098acd59858e00da2773597f6562f19508f6df9ee8c12de3	v4	rag_nexus_svt_terminale_specialite	01_EDUSCOL_OFFICIEL/LYCEE/SECONDE/SVT/09_AUTRES/2020/cartographie-et-mesure-des-zones-d-erosion-sur-le-littoral-francais-pdf-1-01-mo--30cfcc5c63.pdf	https://eduscol.education.gouv.fr/5835/programmes-et-ressources-en-sciences-de-la-vie-et-de-la-terre-voie-gt	8	CLEARED	OFFICIAL_SNAPSHOT_NETWORK_UNVERIFIABLE	NONE_DETECTED	false	PENDING	PENDING	PENDING	PENDING	PENDING	PENDING	PENDING	PENDING	PENDING	PENDING	PENDING	PENDING
31903807f1db276944ca63b4cd00011d3294e5f475374bb32490516ccbe69e7a	v4	rag_nexus_hlp_premiere_specialite,rag_nexus_hlp_terminale_specialite	01_EDUSCOL_OFFICIEL/LYCEE/PREMIERE/HLP/04_EVALUATIONS_EXAMENS/2021/l-experimentation-de-l-oral-de-lecteur--31903807f1.pdf	https://eduscol.education.gouv.fr/5793/programmes-et-ressources-en-francais-voie-gt	20	CLEARED	OFFICIAL_SNAPSHOT_NETWORK_UNVERIFIABLE	NONE_DETECTED	false	PENDING	PENDING	PENDING	PENDING	PENDING	PENDING	PENDING	PENDING	PENDING	PENDING	PENDING	PENDING
31fd6353d42bac49e210537c82d9e1f7746bbdbf121d692801d6801320d130f1	v4	rag_nexus_hlp_premiere_specialite,rag_nexus_hlp_terminale_specialite	01_EDUSCOL_OFFICIEL/LYCEE/TRANSVERSAL_MULTI_NIVEAUX/80_A_VERIFIER/_MULTI_DISCIPLINES/03_RESSOURCES_ACCOMPAGNEMENT/2025/la-ressource-sur-la-forme-d-une-piece-son-inscription-dans-le-genre-du-proverbe-fiche-1-pdf-127-07-ko--31fd6353d4.pdf	https://eduscol.education.gouv.fr/5793/programmes-et-ressources-en-francais-voie-gt	6	CLEARED	OFFICIAL_SNAPSHOT_NETWORK_UNVERIFIABLE	NONE_DETECTED	false	PENDING	PENDING	PENDING	PENDING	PENDING	PENDING	PENDING	PENDING	PENDING	PENDING	PENDING	PENDING
34266a6070800766d64859ffbbd9443cf529c52b8d944426c07e4013f4c4f58b	v5	rag_nexus_hggsp_terminale_specialite	01_EDUSCOL_OFFICIEL/LYCEE/TRANSVERSAL_MULTI_NIVEAUX/80_A_VERIFIER/_MULTI_DISCIPLINES/09_AUTRES/2021/les-remises-en-causes-economiques-politiques-et-sociales-des-annees-1970-a-1991-pdf-236-84-ko--34266a6070.pdf	https://eduscol.education.gouv.fr/5799/programmes-et-ressources-en-histoire-geographie-voie-gt	15	CLEARED	OFFICIAL_SNAPSHOT_NETWORK_UNVERIFIABLE	NONE_DETECTED	false	PENDING	PENDING	PENDING	PENDING	PENDING	PENDING	PENDING	PENDING	PENDING	PENDING	PENDING	PENDING
366cfbfffc26b6400d06176d0fbcaf44ad887819a7e8cde352bd25aec11ffd14	v4	rag_nexus_nsi_premiere_specialite,rag_nexus_nsi_terminale_specialite	01_EDUSCOL_OFFICIEL/LYCEE/TRANSVERSAL_MULTI_NIVEAUX/80_A_VERIFIER/NSI/07_DIAPORAMAS_SUPPORTS/2019/systemes-de-type-unix-structures-de-donnees-et-algorithmes-pdf-140-85-ko--366cfbfffc.pdf	https://eduscol.education.gouv.fr/5823/programmes-et-ressources-en-numerique-et-sciences-informatiques-voie-g	4	CLEARED	OFFICIAL_SNAPSHOT_NETWORK_UNVERIFIABLE	NONE_DETECTED	false	PENDING	PENDING	PENDING	PENDING	PENDING	PENDING	PENDING	PENDING	PENDING	PENDING	PENDING	PENDING
36779b5acfdfcd20b5ed5284f985e2a7aa31b6a352bffd010c52f75b9f02f5f5	v4	rag_nexus_hlp_premiere_specialite,rag_nexus_hlp_terminale_specialite	01_EDUSCOL_OFFICIEL/LYCEE/TRANSVERSAL_MULTI_NIVEAUX/80_A_VERIFIER/_MULTI_DISCIPLINES/01_PROGRAMMES_OFFICIELS/2024/memoires-de-deux-jeunes-mariees-l-uvre-le-parcours-pdf-142-1-ko--36779b5acf.pdf	https://eduscol.education.gouv.fr/5793/programmes-et-ressources-en-francais-voie-gt	2	CLEARED	OFFICIAL_SNAPSHOT_NETWORK_UNVERIFIABLE	NONE_DETECTED	false	PENDING	PENDING	PENDING	PENDING	PENDING	PENDING	PENDING	PENDING	PENDING	PENDING	PENDING	PENDING
37d16d793489988e7394fe5d2005a877720ff75632e7f05d39fcf8274791b2f4	v4	rag_nexus_hlp_premiere_specialite,rag_nexus_hlp_terminale_specialite	01_EDUSCOL_OFFICIEL/LYCEE/TRANSVERSAL_MULTI_NIVEAUX/80_A_VERIFIER/_MULTI_DISCIPLINES/01_PROGRAMMES_OFFICIELS/2025/ecrits-d-appropriation-pdf-164-85-ko--37d16d7934.pdf	https://eduscol.education.gouv.fr/5793/programmes-et-ressources-en-francais-voie-gt	6	CLEARED	OFFICIAL_SNAPSHOT_NETWORK_UNVERIFIABLE	NONE_DETECTED	false	PENDING	PENDING	PENDING	PENDING	PENDING	PENDING	PENDING	PENDING	PENDING	PENDING	PENDING	PENDING
393d9d3a8fc76a33cdf57e3d6a4caa694253a7eccde84bf60bde44cb8acc191c	v4	rag_nexus_hlp_terminale_specialite	01_EDUSCOL_OFFICIEL/LYCEE/TERMINALE/FRANCAIS/05_ANNALES_SUJETS_CORRIGES/2020/sujet-zero-n-2-commente-extrait-de-la-lettre-a-antonin-artaud-du-8-juin-1924-jacques-riviere-pdf-120-32-ko--393d9d3a8f.pdf	https://eduscol.education.gouv.fr/5805/programmes-et-ressources-en-humanites-litterature-et-philosophie-voie-g	5	CLEARED	OFFICIAL_SNAPSHOT_NETWORK_UNVERIFIABLE	NONE_DETECTED	false	PENDING	PENDING	PENDING	PENDING	PENDING	PENDING	PENDING	PENDING	PENDING	PENDING	PENDING	PENDING
39c50431bf6b80c403d253eaf48e95b3644b2c80e0e8decb928a53c6117141a1	v4	rag_nexus_svt_premiere_specialite	01_EDUSCOL_OFFICIEL/LYCEE/SECONDE/SVT/04_EVALUATIONS_EXAMENS/2021/mutations-de-l-adn-et-variabilite-genetique-alterations-du-genome-et-cancerisation-presentation-orale-d-une-strategie-de-resolutio--39c50431bf.pdf	https://eduscol.education.gouv.fr/5835/programmes-et-ressources-en-sciences-de-la-vie-et-de-la-terre-voie-gt	9	DETECTED_REVIEWED_ACCEPTED	OFFICIAL_SNAPSHOT_NETWORK_UNVERIFIABLE	NONE_DETECTED	false	PENDING	PENDING	PENDING	PENDING	PENDING	PENDING	PENDING	PENDING	PENDING	PENDING	PENDING	PENDING
3a25308fc4c7cf81df78d7bb91fe1d55db3ca4a2a4262f96bc3b44aec0d1dfde	v4	rag_nexus_svt_terminale_specialite	01_EDUSCOL_OFFICIEL/LYCEE/SECONDE/SVT/04_EVALUATIONS_EXAMENS/2021/la-commande-du-mouvement-volontaire-ecouter-et-rapporter-la-parole-de-ses-pairs-pdf-2-06-mo--3a25308fc4.pdf	https://eduscol.education.gouv.fr/5835/programmes-et-ressources-en-sciences-de-la-vie-et-de-la-terre-voie-gt	11	CLEARED	OFFICIAL_SNAPSHOT_NETWORK_UNVERIFIABLE	NONE_DETECTED	false	PENDING	PENDING	PENDING	PENDING	PENDING	PENDING	PENDING	PENDING	PENDING	PENDING	PENDING	PENDING
3b32b3d0317be88648fa0e8986302f2bba6fe301531d2e975ab671f7d60646f2	v5	rag_nexus_hggsp_terminale_specialite	01_EDUSCOL_OFFICIEL/LYCEE/TRANSVERSAL_MULTI_NIVEAUX/80_A_VERIFIER/_MULTI_DISCIPLINES/09_AUTRES/2021/fragilites-des-democraties-totalitarismes-et-seconde-guerre-mondiale-pdf-276-24-ko--3b32b3d031.pdf	https://eduscol.education.gouv.fr/5799/programmes-et-ressources-en-histoire-geographie-voie-gt	21	CLEARED	OFFICIAL_SNAPSHOT_NETWORK_UNVERIFIABLE	NONE_DETECTED	false	PENDING	PENDING	PENDING	PENDING	PENDING	PENDING	PENDING	PENDING	PENDING	PENDING	PENDING	PENDING
3bfbccd1c6879755968173ffbfb2fbac94d2f571c57d03838d036946ec2fc214	v4	rag_nexus_nsi_terminale_specialite	01_EDUSCOL_OFFICIEL/LYCEE/TRANSVERSAL_MULTI_NIVEAUX/80_A_VERIFIER/NSI/07_DIAPORAMAS_SUPPORTS/2021/generalites-sur-les-arbres-pdf-356-51-ko--3bfbccd1c6.pdf	https://eduscol.education.gouv.fr/5823/programmes-et-ressources-en-numerique-et-sciences-informatiques-voie-g	8	CLEARED	OFFICIAL_SNAPSHOT_NETWORK_UNVERIFIABLE	NONE_DETECTED	false	PENDING	PENDING	PENDING	PENDING	PENDING	PENDING	PENDING	PENDING	PENDING	PENDING	PENDING	PENDING
3e338a19f4ec51657e9c20774d2d7753a2bb021d11f34f7ca49c2b13c4b328ea	v4	rag_nexus_nsi_premiere_specialite,rag_nexus_nsi_terminale_specialite	01_EDUSCOL_OFFICIEL/LYCEE/TRANSVERSAL_MULTI_NIVEAUX/80_A_VERIFIER/NSI/07_DIAPORAMAS_SUPPORTS/2019/algorithmes-gloutons-pdf-207-89-ko--3e338a19f4.pdf	https://eduscol.education.gouv.fr/5823/programmes-et-ressources-en-numerique-et-sciences-informatiques-voie-g	7	CLEARED	OFFICIAL_SNAPSHOT_NETWORK_UNVERIFIABLE	NONE_DETECTED	false	PENDING	PENDING	PENDING	PENDING	PENDING	PENDING	PENDING	PENDING	PENDING	PENDING	PENDING	PENDING
3e398830332c52981e2d811b699760834b7a2cc786345bdcd3eed2d8147d54b1	v4	rag_nexus_nsi_terminale_specialite	01_EDUSCOL_OFFICIEL/LYCEE/TRANSVERSAL_MULTI_NIVEAUX/80_A_VERIFIER/NSI/07_DIAPORAMAS_SUPPORTS/2021/representation-des-graphes-pdf-315-2-ko--3e39883033.pdf	https://eduscol.education.gouv.fr/5823/programmes-et-ressources-en-numerique-et-sciences-informatiques-voie-g	6	CLEARED	OFFICIAL_SNAPSHOT_NETWORK_UNVERIFIABLE	NONE_DETECTED	false	PENDING	PENDING	PENDING	PENDING	PENDING	PENDING	PENDING	PENDING	PENDING	PENDING	PENDING	PENDING
3f1ab328a0c11f40a0abf85dccdf29dc17d80159dc01bee189a10017d0fbd3e6	v4	rag_nexus_svt_premiere_specialite	01_EDUSCOL_OFFICIEL/LYCEE/SECONDE/SVT/09_AUTRES/2020/variation-genetique-et-sante-risque-de-transmission-de-la-mucoviscidose-chez-un-couple-dont-l-homme-est-heterozygote-composite-pdf--3f1ab328a0.pdf	https://eduscol.education.gouv.fr/5835/programmes-et-ressources-en-sciences-de-la-vie-et-de-la-terre-voie-gt	13	DETECTED_REVIEWED_ACCEPTED	OFFICIAL_SNAPSHOT_NETWORK_UNVERIFIABLE	explicit_not_for_students:p3	true	PENDING	PENDING	PENDING	PENDING	PENDING	PENDING	PENDING	PENDING	PENDING	PENDING	PENDING	PENDING
3f57dccde06007516113e9ffe29680d88516e8395a5021f4a19f9ead5d4c6583	v4	rag_nexus_hlp_premiere_specialite,rag_nexus_hlp_terminale_specialite	01_EDUSCOL_OFFICIEL/LYCEE/TRANSVERSAL_MULTI_NIVEAUX/80_A_VERIFIER/_MULTI_DISCIPLINES/01_PROGRAMMES_OFFICIELS/2023/un-projet-litteraire-ou-un-projet-de-recueil-pdf-515-65-ko--3f57dccde0.pdf	https://eduscol.education.gouv.fr/5793/programmes-et-ressources-en-francais-voie-gt	7	CLEARED	OFFICIAL_SNAPSHOT_NETWORK_UNVERIFIABLE	NONE_DETECTED	false	PENDING	PENDING	PENDING	PENDING	PENDING	PENDING	PENDING	PENDING	PENDING	PENDING	PENDING	PENDING
3fa21b8c9d7affb74314a068e730223e25ab5e0cfd62715b88395ce136d5009c	v5	rag_nexus_hggsp_premiere_specialite	01_EDUSCOL_OFFICIEL/LYCEE/PREMIERE/HGGSP/03_RESSOURCES_ACCOMPAGNEMENT/2019/etudier-les-divisions-politiques-du-monde-les-frontieres-pdf-325-69-ko--3fa21b8c9d.pdf	https://eduscol.education.gouv.fr/5802/programmes-et-ressources-en-histoire-geographie-geopolitique-et-sciences-politiques-voie-g	25	CLEARED	OFFICIAL_SNAPSHOT_NETWORK_UNVERIFIABLE	NONE_DETECTED	false	PENDING	PENDING	PENDING	PENDING	PENDING	PENDING	PENDING	PENDING	PENDING	PENDING	PENDING	PENDING
40b483c559f70a18a290d74071b96112dbdbbea707e896918589d5f8e5f482b3	v4	rag_nexus_svt_terminale_specialite	01_EDUSCOL_OFFICIEL/LYCEE/TRANSVERSAL_MULTI_NIVEAUX/80_A_VERIFIER/SVT/04_EVALUATIONS_EXAMENS/2021/etablir-un-diagnostic-des-besoins-des-eleves-pour-differentes-competences-orales-dans-une-sequence-d-enseignement-pdf-190-95-ko--40b483c559.pdf	https://eduscol.education.gouv.fr/5835/programmes-et-ressources-en-sciences-de-la-vie-et-de-la-terre-voie-gt	10	CLEARED	OFFICIAL_SNAPSHOT_NETWORK_UNVERIFIABLE	NONE_DETECTED	false	PENDING	PENDING	PENDING	PENDING	PENDING	PENDING	PENDING	PENDING	PENDING	PENDING	PENDING	PENDING
40d6d047d507a306d9a3c814ffe01d0c9e4c7cb8ddf1f6be752e0fa9eec2b3c8	v4	rag_nexus_ses_premiere_specialite	01_EDUSCOL_OFFICIEL/LYCEE/TRANSVERSAL_MULTI_NIVEAUX/80_A_VERIFIER/SES/07_DIAPORAMAS_SUPPORTS/2019/comment-les-marches-imparfaitement-concurrentiels-fonctionnent-ils-pdf-362-94-ko--40d6d047d5.pdf	https://eduscol.education.gouv.fr/5838/programmes-et-ressources-en-sciences-economiques-et-sociales-voie-gt	10	CLEARED	OFFICIAL_SNAPSHOT_NETWORK_UNVERIFIABLE	NONE_DETECTED	false	PENDING	PENDING	PENDING	PENDING	PENDING	PENDING	PENDING	PENDING	PENDING	PENDING	PENDING	PENDING
411adae292e6d734efc3b0b34ed26b07de755518e82e9d93ab8c25d2b8e155c4	v4	rag_nexus_hlp_premiere_specialite,rag_nexus_hlp_terminale_specialite	01_EDUSCOL_OFFICIEL/LYCEE/TRANSVERSAL_MULTI_NIVEAUX/80_A_VERIFIER/_MULTI_DISCIPLINES/01_PROGRAMMES_OFFICIELS/2024/enjeux-de-l-oralite-dans-pour-un-oui-pour-un-non-pdf-166-2-ko--411adae292.pdf	https://eduscol.education.gouv.fr/5793/programmes-et-ressources-en-francais-voie-gt	8	CLEARED	OFFICIAL_SNAPSHOT_NETWORK_UNVERIFIABLE	NONE_DETECTED	false	PENDING	PENDING	PENDING	PENDING	PENDING	PENDING	PENDING	PENDING	PENDING	PENDING	PENDING	PENDING
421550918e6c928f9c027bc84df8e51596e7cfdc9b067ac8e6a1bdcd7cb0b922	v4	rag_nexus_hlp_premiere_specialite	01_EDUSCOL_OFFICIEL/LYCEE/TRANSVERSAL_MULTI_NIVEAUX/80_A_VERIFIER/_MULTI_DISCIPLINES/03_RESSOURCES_ACCOMPAGNEMENT/2020/exemple-voltaire-candide-parcours-les-lumieres-et-l-idee-de-progres--421550918e.pdf	https://eduscol.education.gouv.fr/5793/programmes-et-ressources-en-francais-voie-gt	12	CLEARED	OFFICIAL_SNAPSHOT_NETWORK_UNVERIFIABLE	NONE_DETECTED	false	PENDING	PENDING	PENDING	PENDING	PENDING	PENDING	PENDING	PENDING	PENDING	PENDING	PENDING	PENDING
43d5497cf39ac1a0f0b02d1dd94f2699a5cb6239dc5e8de228b036c00e65d0fe	v5	rag_nexus_hggsp_premiere_specialite	01_EDUSCOL_OFFICIEL/LYCEE/TRANSVERSAL_MULTI_NIVEAUX/80_A_VERIFIER/_MULTI_DISCIPLINES/03_RESSOURCES_ACCOMPAGNEMENT/2020/les-espaces-ruraux-multifonctionnalite-ou-fragmentation-pdf-248-57-ko--43d5497cf3.pdf	https://eduscol.education.gouv.fr/5799/programmes-et-ressources-en-histoire-geographie-voie-gt	12	CLEARED	OFFICIAL_SNAPSHOT_NETWORK_UNVERIFIABLE	NONE_DETECTED	false	PENDING	PENDING	PENDING	PENDING	PENDING	PENDING	PENDING	PENDING	PENDING	PENDING	PENDING	PENDING
4433fee96b6e803c71edf2764d99bd269e649dcff646aee97327fdfeed143f13	v4	rag_nexus_hlp_premiere_specialite	01_EDUSCOL_OFFICIEL/LYCEE/TRANSVERSAL_MULTI_NIVEAUX/10_ACTUEL_CONFIRME/_MULTI_DISCIPLINES/05_ANNALES_SUJETS_CORRIGES/2019/exemple-de-sujet-commente-sujet-zero-n-2-sur-le-theme-de-la-parole-pdf-153-37-ko--4433fee96b.pdf	https://eduscol.education.gouv.fr/sites/default/files/document/ra19lyceeg1-thlpexemple-sujet-commentesujet-zero21205357pdf-83931.pdf	4	CLEARED	OFFICIAL_SNAPSHOT_NETWORK_UNVERIFIABLE	NONE_DETECTED	false	PENDING	PENDING	PENDING	PENDING	PENDING	PENDING	PENDING	PENDING	PENDING	PENDING	PENDING	PENDING
44351a24258f24ed9a83d27e6734d0e5fd03915e123a12fb0ab8347303a81627	v4	rag_nexus_svt_terminale_specialite	01_EDUSCOL_OFFICIEL/LYCEE/SECONDE/SVT/04_EVALUATIONS_EXAMENS/2021/la-mucoviscidose-enregistrement-video-cible-sur-la-posture-et-la-voix-pdf-204-34-ko--44351a2425.pdf	https://eduscol.education.gouv.fr/5835/programmes-et-ressources-en-sciences-de-la-vie-et-de-la-terre-voie-gt	5	CLEARED	OFFICIAL_SNAPSHOT_NETWORK_UNVERIFIABLE	NONE_DETECTED	false	PENDING	PENDING	PENDING	PENDING	PENDING	PENDING	PENDING	PENDING	PENDING	PENDING	PENDING	PENDING
447bdee89af9f0ab07460bd279f81647824c2d91ba7be1eff6daa133c5e8467d	v4	rag_nexus_nsi_premiere_specialite,rag_nexus_nsi_terminale_specialite	01_EDUSCOL_OFFICIEL/LYCEE/PREMIERE/NSI/07_DIAPORAMAS_SUPPORTS/2019/types-construits-en-python-pdf-159-07-ko--447bdee89a.pdf	https://eduscol.education.gouv.fr/5823/programmes-et-ressources-en-numerique-et-sciences-informatiques-voie-g	9	DETECTED_REVIEWED_ACCEPTED	OFFICIAL_SNAPSHOT_NETWORK_UNVERIFIABLE	NONE_DETECTED	false	PENDING	PENDING	PENDING	PENDING	PENDING	PENDING	PENDING	PENDING	PENDING	PENDING	PENDING	PENDING
44b912bc48b310539ac903be63e2afa51d33fe6d0c4b71167f83f518155a7eb3	v4	rag_nexus_ses_terminale_specialite	01_EDUSCOL_OFFICIEL/LYCEE/SECONDE/SES/03_RESSOURCES_ACCOMPAGNEMENT/2020/quelle-action-publique-pour-l-environnement-pdf-415-01-ko--44b912bc48.pdf	https://eduscol.education.gouv.fr/5838/programmes-et-ressources-en-sciences-economiques-et-sociales-voie-gt	16	CLEARED	OFFICIAL_SNAPSHOT_NETWORK_UNVERIFIABLE	NONE_DETECTED	false	PENDING	PENDING	PENDING	PENDING	PENDING	PENDING	PENDING	PENDING	PENDING	PENDING	PENDING	PENDING
45acb12070f3ac0c4eec10be8bf0c3cb3adb1c433e08e14b8d718e093a18889f	v4	rag_nexus_svt_premiere_specialite,rag_nexus_svt_terminale_specialite	01_EDUSCOL_OFFICIEL/LYCEE/SECONDE/SVT/06_GUIDES/2025/guide-pour-l-epreuve-pratique-en-sciences-de-la-vie-et-de-la-terre-ece--45acb12070.pdf	https://eduscol.education.gouv.fr/5835/programmes-et-ressources-en-sciences-de-la-vie-et-de-la-terre-voie-gt	20	CLEARED	OFFICIAL_SNAPSHOT_NETWORK_UNVERIFIABLE	confidential_or_internal:p12,confidential_or_internal:p13	false	PENDING	PENDING	PENDING	PENDING	PENDING	PENDING	PENDING	PENDING	PENDING	PENDING	PENDING	PENDING
45ccb2812bc44c55cc2e8d670ceba82ecc5875efeb1109142edb1c3f12000e5d	v4	rag_nexus_dgemc_terminale_option	01_EDUSCOL_OFFICIEL/LYCEE/TRANSVERSAL_MULTI_NIVEAUX/80_A_VERIFIER/DGEMC/09_AUTRES/2021/la-constitution-du-4-octobre-1958-la-souverainete-et-l-organisation-des-pouvoirs-publics--45ccb2812b.pdf	https://eduscol.education.gouv.fr/6150/ressources-pour-l-etude-de-la-constitution	18	CLEARED	OFFICIAL_SNAPSHOT_NETWORK_UNVERIFIABLE	NONE_DETECTED	false	PENDING	PENDING	PENDING	PENDING	PENDING	PENDING	PENDING	PENDING	PENDING	PENDING	PENDING	PENDING
461e89b1b1a24a83a1598fe3d55a1aa040d9e305f63b8348bc6042ce96d5687b	v4	rag_nexus_nsi_premiere_specialite,rag_nexus_nsi_terminale_specialite	01_EDUSCOL_OFFICIEL/LYCEE/PREMIERE/NSI/07_DIAPORAMAS_SUPPORTS/2019/manipulation-de-tables-pdf-144-44-ko--461e89b1b1.pdf	https://eduscol.education.gouv.fr/5823/programmes-et-ressources-en-numerique-et-sciences-informatiques-voie-g	5	DETECTED_REVIEWED_ACCEPTED	OFFICIAL_SNAPSHOT_NETWORK_UNVERIFIABLE	NONE_DETECTED	false	PENDING	PENDING	PENDING	PENDING	PENDING	PENDING	PENDING	PENDING	PENDING	PENDING	PENDING	PENDING
46c8cebda87cba6dd6a7d523289ad69282543a99cc15cd1940fde90bbc2d5714	v4	rag_nexus_dgemc_terminale_option	01_EDUSCOL_OFFICIEL/LYCEE/TRANSVERSAL_MULTI_NIVEAUX/80_A_VERIFIER/DGEMC/01_PROGRAMMES_OFFICIELS/2026/propositions-pedagogiques-pour-la-categorie-4-lycee-avec-enseignement-de-droit-pdf-465-ko--46c8cebda8.pdf	https://eduscol.education.gouv.fr/6171/concours-decouvrons-notre-constitution	5	CLEARED	OFFICIAL_SNAPSHOT_NETWORK_UNVERIFIABLE	NONE_DETECTED	false	PENDING	PENDING	PENDING	PENDING	PENDING	PENDING	PENDING	PENDING	PENDING	PENDING	PENDING	PENDING
475a1271dff8e64bd4a6433648d020c7e7672ea97cd71411ce155c93ff21b34a	v4	rag_nexus_ses_premiere_specialite,rag_nexus_ses_terminale_specialite	01_EDUSCOL_OFFICIEL/LYCEE/TRANSVERSAL_MULTI_NIVEAUX/80_A_VERIFIER/SES/03_RESSOURCES_ACCOMPAGNEMENT/2023/premiere-quelles-entreprises-survivent-pdf-832-45-ko--475a1271df.pdf	https://eduscol.education.gouv.fr/5838/programmes-et-ressources-en-sciences-economiques-et-sociales-voie-gt	16	CLEARED	OFFICIAL_SNAPSHOT_NETWORK_UNVERIFIABLE	confidential_or_internal:p14	false	PENDING	PENDING	PENDING	PENDING	PENDING	PENDING	PENDING	PENDING	PENDING	PENDING	PENDING	PENDING
475ff549a3299a76a57ade91f97245e157d00e67995a064dd16991639f747781	v4	rag_nexus_hlp_premiere_specialite,rag_nexus_hlp_terminale_specialite	01_EDUSCOL_OFFICIEL/LYCEE/TRANSVERSAL_MULTI_NIVEAUX/80_A_VERIFIER/_MULTI_DISCIPLINES/01_PROGRAMMES_OFFICIELS/2023/cahier-de-douai-l-uvre-le-parcours-emancipations-creatrices-pdf-257-24-ko--475ff549a3.pdf	https://eduscol.education.gouv.fr/5793/programmes-et-ressources-en-francais-voie-gt	3	CLEARED	OFFICIAL_SNAPSHOT_NETWORK_UNVERIFIABLE	NONE_DETECTED	false	PENDING	PENDING	PENDING	PENDING	PENDING	PENDING	PENDING	PENDING	PENDING	PENDING	PENDING	PENDING
4ab07cbe613921e71af33496947d51e755451f6e0bceb7fe2c0f93dfc5f7c5ed	v4	rag_nexus_svt_terminale_specialite	01_EDUSCOL_OFFICIEL/LYCEE/TRANSVERSAL_MULTI_NIVEAUX/80_A_VERIFIER/SVT/06_GUIDES/2021/la-coherence-cardiaque-preparer-le-contenu-de-mon-grand-oral-guide-eleve-pdf-109-83-ko--4ab07cbe61.pdf	https://eduscol.education.gouv.fr/5835/programmes-et-ressources-en-sciences-de-la-vie-et-de-la-terre-voie-gt	3	CLEARED	OFFICIAL_SNAPSHOT_NETWORK_UNVERIFIABLE	NONE_DETECTED	false	PENDING	PENDING	PENDING	PENDING	PENDING	PENDING	PENDING	PENDING	PENDING	PENDING	PENDING	PENDING
4ad14ff855f5701d76038a96e6d0b10f4d167f4ff542a602f0fd5dc4278d4faa	v4	rag_nexus_hlp_premiere_specialite,rag_nexus_hlp_terminale_specialite	01_EDUSCOL_OFFICIEL/LYCEE/TRANSVERSAL_MULTI_NIVEAUX/80_A_VERIFIER/_MULTI_DISCIPLINES/03_RESSOURCES_ACCOMPAGNEMENT/2023/les-bibliotheques-de-louise-et-renee-pdf-128-78-ko--4ad14ff855.pdf	https://eduscol.education.gouv.fr/5793/programmes-et-ressources-en-francais-voie-gt	4	CLEARED	OFFICIAL_SNAPSHOT_NETWORK_UNVERIFIABLE	NONE_DETECTED	false	PENDING	PENDING	PENDING	PENDING	PENDING	PENDING	PENDING	PENDING	PENDING	PENDING	PENDING	PENDING
4b3f038c95da9d5e62ce66305062449a6c6ac81a307d885ebd8ca72f075c5909	v4	rag_nexus_ses_terminale_specialite	01_EDUSCOL_OFFICIEL/LYCEE/TRANSVERSAL_MULTI_NIVEAUX/80_A_VERIFIER/SES/03_RESSOURCES_ACCOMPAGNEMENT/2020/quelles-mutations-du-travail-et-de-l-emploi-pdf-584-78-ko--4b3f038c95.pdf	https://eduscol.education.gouv.fr/5838/programmes-et-ressources-en-sciences-economiques-et-sociales-voie-gt	17	CLEARED	OFFICIAL_SNAPSHOT_NETWORK_UNVERIFIABLE	NONE_DETECTED	false	PENDING	PENDING	PENDING	PENDING	PENDING	PENDING	PENDING	PENDING	PENDING	PENDING	PENDING	PENDING
4b446a543058522389adc15110907c8454d168d6d1c4e4a67097af7df1abd38e	v4	rag_nexus_hlp_premiere_specialite,rag_nexus_hlp_terminale_specialite	01_EDUSCOL_OFFICIEL/LYCEE/TRANSVERSAL_MULTI_NIVEAUX/80_A_VERIFIER/_MULTI_DISCIPLINES/01_PROGRAMMES_OFFICIELS/2024/on-ne-badine-pas-avec-l-amour-d-alfred-de-musset-du-proverbe-au-tragique-fantaisie-et-gravite-pdf-129-87-ko--4b446a5430.pdf	https://eduscol.education.gouv.fr/5793/programmes-et-ressources-en-francais-voie-gt	4	CLEARED	OFFICIAL_SNAPSHOT_NETWORK_UNVERIFIABLE	NONE_DETECTED	false	PENDING	PENDING	PENDING	PENDING	PENDING	PENDING	PENDING	PENDING	PENDING	PENDING	PENDING	PENDING
4b7f7204fd5ad677cd323579fcd1e220f3f843f966fa5ec00cd5c277e08f934d	v4	rag_nexus_hlp_premiere_specialite	01_EDUSCOL_OFFICIEL/LYCEE/PREMIERE/HLP/04_EVALUATIONS_EXAMENS/2020/annexe--4b7f7204fd.pdf	https://eduscol.education.gouv.fr/5793/programmes-et-ressources-en-francais-voie-gt	6	CLEARED	OFFICIAL_SNAPSHOT_NETWORK_UNVERIFIABLE	NONE_DETECTED	false	PENDING	PENDING	PENDING	PENDING	PENDING	PENDING	PENDING	PENDING	PENDING	PENDING	PENDING	PENDING
4c3d14c4e456602ce847aeabbf635d7e295eab6fe667eead7f6a487388833598	v4	rag_nexus_hlp_premiere_specialite,rag_nexus_hlp_terminale_specialite	01_EDUSCOL_OFFICIEL/LYCEE/TRANSVERSAL_MULTI_NIVEAUX/80_A_VERIFIER/_MULTI_DISCIPLINES/03_RESSOURCES_ACCOMPAGNEMENT/2026/etienne-de-la-boetie-discours-de-la-servitude-volontaire-enrichir-et-prolonger-la-lecture-de-l-oeuvre-dans-le-cadre-du-parcours-as--4c3d14c4e4.pdf	https://eduscol.education.gouv.fr/5793/programmes-et-ressources-en-francais-voie-gt	29	CLEARED	OFFICIAL_SNAPSHOT_NETWORK_UNVERIFIABLE	reproduction_or_third_party:p22	false	PENDING	PENDING	PENDING	PENDING	PENDING	PENDING	PENDING	PENDING	PENDING	PENDING	PENDING	PENDING
4e65046778399929df388031adbc3a5b1257e7bac2efc64791bbb8b5bf2efc6d	v5	rag_nexus_hggsp_premiere_specialite	01_EDUSCOL_OFFICIEL/LYCEE/TRANSVERSAL_MULTI_NIVEAUX/80_A_VERIFIER/_MULTI_DISCIPLINES/09_AUTRES/2019/la-metropolisation-un-processus-mondial-differencie-pdf-233-97-ko--4e65046778.pdf	https://eduscol.education.gouv.fr/5799/programmes-et-ressources-en-histoire-geographie-voie-gt	8	CLEARED	OFFICIAL_SNAPSHOT_NETWORK_UNVERIFIABLE	NONE_DETECTED	false	PENDING	PENDING	PENDING	PENDING	PENDING	PENDING	PENDING	PENDING	PENDING	PENDING	PENDING	PENDING
4eac6d80fabcfe1fc56d01d97fcf399c251501eab9034176b6c2eb316c434919	v5	rag_nexus_hggsp_premiere_specialite,rag_nexus_hggsp_terminale_specialite	01_EDUSCOL_OFFICIEL/LYCEE/PREMIERE/HGGSP/01_PROGRAMMES_OFFICIELS/2019/premiere-generale-bo-special-n-1-du-22-janvier-2019-pdf-255-46-ko--4eac6d80fa.pdf	https://eduscol.education.gouv.fr/5799/programmes-et-ressources-en-histoire-geographie-voie-gt	16	CLEARED	OFFICIAL_SNAPSHOT_NETWORK_UNVERIFIABLE	reproduction_or_third_party:p1,reproduction_or_third_party:p2,reproduction_or_third_party:p3,reproduction_or_third_party:p4,reproduction_or_third_party:p5,reproduction_or_third_party:p6,reproduction_or_third_party:p7,reproduction_or_third_party:p8,reproduction_or_third_party:p9,reproduction_or_third_party:p10,reproduction_or_third_party:p11,reproduction_or_third_party:p12,reproduction_or_third_party:p13,reproduction_or_third_party:p14,reproduction_or_third_party:p15,reproduction_or_third_party:p16	false	PENDING	PENDING	PENDING	PENDING	PENDING	PENDING	PENDING	PENDING	PENDING	PENDING	PENDING	PENDING
4f269c56dd94fac7612c4ad03a67b1868c65ba873127da03ef4b419cfe425146	v4	rag_nexus_hlp_premiere_specialite,rag_nexus_hlp_terminale_specialite	01_EDUSCOL_OFFICIEL/LYCEE/TRANSVERSAL_MULTI_NIVEAUX/80_A_VERIFIER/_MULTI_DISCIPLINES/07_DIAPORAMAS_SUPPORTS/2023/support-de-l-intervention--4f269c56dd.pdf	https://eduscol.education.gouv.fr/5805/programmes-et-ressources-en-humanites-litterature-et-philosophie-voie-g	2	CLEARED	OFFICIAL_SNAPSHOT_NETWORK_UNVERIFIABLE	NONE_DETECTED	false	PENDING	PENDING	PENDING	PENDING	PENDING	PENDING	PENDING	PENDING	PENDING	PENDING	PENDING	PENDING
505f86ce513d830ea64b679b977036532fe8df68f340b48e09462de2db4c8d45	v5	rag_nexus_hggsp_terminale_specialite	01_EDUSCOL_OFFICIEL/LYCEE/TRANSVERSAL_MULTI_NIVEAUX/80_A_VERIFIER/_MULTI_DISCIPLINES/09_AUTRES/2021/la-multiplication-des-acteurs-internationaux-dans-un-monde-bipolaire-de-1945-aux-annees-1970-pdf-272-22-ko--505f86ce51.pdf	https://eduscol.education.gouv.fr/5799/programmes-et-ressources-en-histoire-geographie-voie-gt	18	CLEARED	OFFICIAL_SNAPSHOT_NETWORK_UNVERIFIABLE	NONE_DETECTED	false	PENDING	PENDING	PENDING	PENDING	PENDING	PENDING	PENDING	PENDING	PENDING	PENDING	PENDING	PENDING
50b511d556a7ed0c77f3c586582ac495b4d6092601984c2cfd12a470d5e04031	v5	rag_nexus_hggsp_premiere_specialite,rag_nexus_hggsp_terminale_specialite	01_EDUSCOL_OFFICIEL/LYCEE/SECONDE/HGGSP/01_PROGRAMMES_OFFICIELS/2019/seconde-generale-et-technologique-bo-special-n-1-du-22-janvier-2019-pdf-294-75-ko--50b511d556.pdf	https://eduscol.education.gouv.fr/5799/programmes-et-ressources-en-histoire-geographie-voie-gt	16	CLEARED	OFFICIAL_SNAPSHOT_NETWORK_UNVERIFIABLE	reproduction_or_third_party:p1,reproduction_or_third_party:p2,reproduction_or_third_party:p3,reproduction_or_third_party:p4,reproduction_or_third_party:p5,reproduction_or_third_party:p6,reproduction_or_third_party:p7,reproduction_or_third_party:p8,reproduction_or_third_party:p9,reproduction_or_third_party:p10,reproduction_or_third_party:p11,reproduction_or_third_party:p12,reproduction_or_third_party:p13,reproduction_or_third_party:p14,reproduction_or_third_party:p15,reproduction_or_third_party:p16	false	PENDING	PENDING	PENDING	PENDING	PENDING	PENDING	PENDING	PENDING	PENDING	PENDING	PENDING	PENDING
50cdfb015febbbc184334b3ff66162b3e2ca234c29d2d3bd9051fd16142a82bf	v5	rag_nexus_hggsp_terminale_specialite	01_EDUSCOL_OFFICIEL/LYCEE/TRANSVERSAL_MULTI_NIVEAUX/80_A_VERIFIER/HGGSP/03_RESSOURCES_ACCOMPAGNEMENT/2022/faire-la-guerre-faire-la-paix-formes-de-conflits-et-modes-de-resolution-pdf-458-47-ko--50cdfb015f.pdf	https://eduscol.education.gouv.fr/5802/programmes-et-ressources-en-histoire-geographie-geopolitique-et-sciences-politiques-voie-g	41	CLEARED	OFFICIAL_SNAPSHOT_NETWORK_UNVERIFIABLE	NONE_DETECTED	false	PENDING	PENDING	PENDING	PENDING	PENDING	PENDING	PENDING	PENDING	PENDING	PENDING	PENDING	PENDING
51114e9ffc8e01f632585701b7919fe5f3c8ac86a5f6252fe7fdf8dea6a28393	v5	rag_nexus_hggsp_terminale_specialite	01_EDUSCOL_OFFICIEL/LYCEE/TRANSVERSAL_MULTI_NIVEAUX/80_A_VERIFIER/_MULTI_DISCIPLINES/09_AUTRES/2020/mers-et-oceans-au-c-ur-de-la-mondialisation-pdf-227-62-ko--51114e9ffc.pdf	https://eduscol.education.gouv.fr/5799/programmes-et-ressources-en-histoire-geographie-voie-gt	13	CLEARED	OFFICIAL_SNAPSHOT_NETWORK_UNVERIFIABLE	NONE_DETECTED	false	PENDING	PENDING	PENDING	PENDING	PENDING	PENDING	PENDING	PENDING	PENDING	PENDING	PENDING	PENDING
5139f5575b64ae7542dd7b52e191cdf2e9d0ada74a4214fd86a3587fbfd2f0c0	v5	rag_nexus_hggsp_premiere_specialite,rag_nexus_hggsp_terminale_specialite	01_EDUSCOL_OFFICIEL/LYCEE/TERMINALE/HGGSP/01_PROGRAMMES_OFFICIELS/2019/terminale-generale-bo-special-n-8-du-25-juillet-2019-pdf-346-6-ko--5139f5575b.pdf	https://eduscol.education.gouv.fr/5799/programmes-et-ressources-en-histoire-geographie-voie-gt	15	CLEARED	OFFICIAL_SNAPSHOT_NETWORK_UNVERIFIABLE	reproduction_or_third_party:p1,reproduction_or_third_party:p2,reproduction_or_third_party:p3,reproduction_or_third_party:p4,reproduction_or_third_party:p5,reproduction_or_third_party:p6,reproduction_or_third_party:p7,reproduction_or_third_party:p8,reproduction_or_third_party:p9,reproduction_or_third_party:p10,reproduction_or_third_party:p11,reproduction_or_third_party:p12,reproduction_or_third_party:p13,reproduction_or_third_party:p14,reproduction_or_third_party:p15	false	PENDING	PENDING	PENDING	PENDING	PENDING	PENDING	PENDING	PENDING	PENDING	PENDING	PENDING	PENDING
51dcaa5b42c2f2823f5784a583a54601f51ab756047eab385a9d8c257517d115	v4	rag_nexus_ses_premiere_specialite,rag_nexus_ses_terminale_specialite	01_EDUSCOL_OFFICIEL/LYCEE/TRANSVERSAL_MULTI_NIVEAUX/80_A_VERIFIER/SES/03_RESSOURCES_ACCOMPAGNEMENT/2023/terminale-quelles-politiques-publiques-face-au-surendettement-a-la-fragilite-financiere-et-aux-inegalites-de-patrimoine-pdf-1-53-m--51dcaa5b42.pdf	https://eduscol.education.gouv.fr/5838/programmes-et-ressources-en-sciences-economiques-et-sociales-voie-gt	12	CLEARED	OFFICIAL_SNAPSHOT_NETWORK_UNVERIFIABLE	NONE_DETECTED	false	PENDING	PENDING	PENDING	PENDING	PENDING	PENDING	PENDING	PENDING	PENDING	PENDING	PENDING	PENDING
52104b2a60daeef500869952f5ffc84bb379f057bf47990a311bea94a62dae0e	v5	rag_nexus_hggsp_terminale_specialite	01_EDUSCOL_OFFICIEL/LYCEE/TRANSVERSAL_MULTI_NIVEAUX/80_A_VERIFIER/HGGSP/03_RESSOURCES_ACCOMPAGNEMENT/2023/histoire-et-memoires-pdf-520-56-ko--52104b2a60.pdf	https://eduscol.education.gouv.fr/5802/programmes-et-ressources-en-histoire-geographie-geopolitique-et-sciences-politiques-voie-g	47	CLEARED	OFFICIAL_SNAPSHOT_NETWORK_UNVERIFIABLE	NONE_DETECTED	false	PENDING	PENDING	PENDING	PENDING	PENDING	PENDING	PENDING	PENDING	PENDING	PENDING	PENDING	PENDING
54f94f3c3f1d93261e20a68050b2b38d0cc0d5a72c3d789c6653caf14e2d558b	v4	rag_nexus_hlp_premiere_specialite,rag_nexus_hlp_terminale_specialite	01_EDUSCOL_OFFICIEL/LYCEE/TRANSVERSAL_MULTI_NIVEAUX/80_A_VERIFIER/_MULTI_DISCIPLINES/01_PROGRAMMES_OFFICIELS/2024/etienne-de-la-boetie-discours-de-la-servitude-volontaire-parcours-defendre-et-entretenir-la-liberte-pdf-156-92-ko--54f94f3c3f.pdf	https://eduscol.education.gouv.fr/5793/programmes-et-ressources-en-francais-voie-gt	3	CLEARED	OFFICIAL_SNAPSHOT_NETWORK_UNVERIFIABLE	NONE_DETECTED	false	PENDING	PENDING	PENDING	PENDING	PENDING	PENDING	PENDING	PENDING	PENDING	PENDING	PENDING	PENDING
55090eb31d26425e4ed08cec24a0f504cf6ad8778a4461d569d801231ad5ccfd	v4	rag_nexus_hlp_premiere_specialite,rag_nexus_hlp_terminale_specialite	01_EDUSCOL_OFFICIEL/LYCEE/TRANSVERSAL_MULTI_NIVEAUX/80_A_VERIFIER/_MULTI_DISCIPLINES/01_PROGRAMMES_OFFICIELS/2023/les-maximes-de-balzac-dans-la-peau-de-chagrin-pdf-308-14-ko--55090eb31d.pdf	https://eduscol.education.gouv.fr/5793/programmes-et-ressources-en-francais-voie-gt	4	CLEARED	OFFICIAL_SNAPSHOT_NETWORK_UNVERIFIABLE	NONE_DETECTED	false	PENDING	PENDING	PENDING	PENDING	PENDING	PENDING	PENDING	PENDING	PENDING	PENDING	PENDING	PENDING
5544f9721911aadfe811deca25b1af88a2b3328dcd330a65508692507f71e457	v4	rag_nexus_ses_premiere_specialite,rag_nexus_ses_terminale_specialite	01_EDUSCOL_OFFICIEL/LYCEE/SECONDE/SES/03_RESSOURCES_ACCOMPAGNEMENT/2023/seconde-comment-creer-une-entreprise-viable-sur-un-territoire-donne-pdf-590-5-ko--5544f97219.pdf	https://eduscol.education.gouv.fr/5838/programmes-et-ressources-en-sciences-economiques-et-sociales-voie-gt	13	CLEARED	OFFICIAL_SNAPSHOT_NETWORK_UNVERIFIABLE	confidential_or_internal:p5	false	PENDING	PENDING	PENDING	PENDING	PENDING	PENDING	PENDING	PENDING	PENDING	PENDING	PENDING	PENDING
55e2cb21981cddd91f90c04debfced7196ad8a1460d147d947fc8200b36f39ca	v4	rag_nexus_ses_premiere_specialite,rag_nexus_ses_terminale_specialite	01_EDUSCOL_OFFICIEL/LYCEE/SECONDE/SES/03_RESSOURCES_ACCOMPAGNEMENT/2023/seconde-quel-est-le-lien-entre-le-niveau-de-formation-et-les-connaissances-financieres-pdf-508-95-ko--55e2cb2198.pdf	https://eduscol.education.gouv.fr/5838/programmes-et-ressources-en-sciences-economiques-et-sociales-voie-gt	9	CLEARED	OFFICIAL_SNAPSHOT_NETWORK_UNVERIFIABLE	NONE_DETECTED	false	PENDING	PENDING	PENDING	PENDING	PENDING	PENDING	PENDING	PENDING	PENDING	PENDING	PENDING	PENDING
587ab86c478dc11edf4a16d847f92e29bb4f96ce26c8460195fd3b10f79e2425	v5	rag_nexus_hggsp_premiere_specialite	01_EDUSCOL_OFFICIEL/LYCEE/TRANSVERSAL_MULTI_NIVEAUX/80_A_VERIFIER/_MULTI_DISCIPLINES/03_RESSOURCES_ACCOMPAGNEMENT/2022/la-troisieme-republique-avant-1914-un-regime-politique-un-empire-colonial-pdf-313-2-ko--587ab86c47.pdf	https://eduscol.education.gouv.fr/5799/programmes-et-ressources-en-histoire-geographie-voie-gt	23	CLEARED	OFFICIAL_SNAPSHOT_NETWORK_UNVERIFIABLE	NONE_DETECTED	false	PENDING	PENDING	PENDING	PENDING	PENDING	PENDING	PENDING	PENDING	PENDING	PENDING	PENDING	PENDING
5a8d69d488b341c6d82e0bafbef8fc8ce920392681548e209532021684907f54	v4	rag_nexus_svt_premiere_specialite,rag_nexus_svt_terminale_specialite	01_EDUSCOL_OFFICIEL/LYCEE/SECONDE/SVT/09_AUTRES/2014/dossier-de-presse-eutrophisation-pdf-1-54-mo--5a8d69d488.pdf	https://eduscol.education.gouv.fr/5835/programmes-et-ressources-en-sciences-de-la-vie-et-de-la-terre-voie-gt	17	DETECTED_REVIEWED_ACCEPTED	OFFICIAL_SNAPSHOT_NETWORK_UNVERIFIABLE	NONE_DETECTED	false	PENDING	PENDING	PENDING	PENDING	PENDING	PENDING	PENDING	PENDING	PENDING	PENDING	PENDING	PENDING
5b2550f1376e26b866e48c487284a5ebbeb8c1233b6f2b6ea7b1ef6ff4102ced	v4	rag_nexus_hlp_premiere_specialite,rag_nexus_hlp_terminale_specialite	01_EDUSCOL_OFFICIEL/LYCEE/TRANSVERSAL_MULTI_NIVEAUX/80_A_VERIFIER/_MULTI_DISCIPLINES/01_PROGRAMMES_OFFICIELS/2025/entretien-avec-helene-dorion-janvier-2023-pdf-156-52-ko--5b2550f137.pdf	https://eduscol.education.gouv.fr/5793/programmes-et-ressources-en-francais-voie-gt	5	CLEARED	OFFICIAL_SNAPSHOT_NETWORK_UNVERIFIABLE	NONE_DETECTED	false	PENDING	PENDING	PENDING	PENDING	PENDING	PENDING	PENDING	PENDING	PENDING	PENDING	PENDING	PENDING
5c522bc9cf9f90120e986d8e938b71ec1bf3e3da50c9af8367512208e8ddfdf9	v4	rag_nexus_svt_premiere_specialite,rag_nexus_svt_terminale_specialite	01_EDUSCOL_OFFICIEL/LYCEE/SECONDE/SVT/06_GUIDES/2025/faq-grand-oral--5c522bc9cf.pdf	https://eduscol.education.gouv.fr/5661/presentation-du-grand-oral	12	CLEARED	OFFICIAL_SNAPSHOT_NETWORK_UNVERIFIABLE	NONE_DETECTED	false	PENDING	PENDING	PENDING	PENDING	PENDING	PENDING	PENDING	PENDING	PENDING	PENDING	PENDING	PENDING
5c74d0ca10472df241f1c42b5ea1f674b02c46c616ba245100116c2f04761f6c	v4	rag_nexus_svt_premiere_specialite	01_EDUSCOL_OFFICIEL/LYCEE/TRANSVERSAL_MULTI_NIVEAUX/80_A_VERIFIER/SVT/03_RESSOURCES_ACCOMPAGNEMENT/2019/la-dynamique-interne-de-la-terre-pdf-548-76-ko--5c74d0ca10.pdf	https://eduscol.education.gouv.fr/5835/programmes-et-ressources-en-sciences-de-la-vie-et-de-la-terre-voie-gt	12	CLEARED	OFFICIAL_SNAPSHOT_NETWORK_UNVERIFIABLE	NONE_DETECTED	false	PENDING	PENDING	PENDING	PENDING	PENDING	PENDING	PENDING	PENDING	PENDING	PENDING	PENDING	PENDING
5c9820d36c3be05208e2f435c96ed4035861f20362620e01a684714508892df5	v4	rag_nexus_svt_terminale_specialite	01_EDUSCOL_OFFICIEL/LYCEE/SECONDE/SVT/03_RESSOURCES_ACCOMPAGNEMENT/2020/de-la-plante-sauvage-a-la-plante-domestiquee-pdf-401-2-ko--5c9820d36c.pdf	https://eduscol.education.gouv.fr/5835/programmes-et-ressources-en-sciences-de-la-vie-et-de-la-terre-voie-gt	13	CLEARED	OFFICIAL_SNAPSHOT_NETWORK_UNVERIFIABLE	NONE_DETECTED	false	PENDING	PENDING	PENDING	PENDING	PENDING	PENDING	PENDING	PENDING	PENDING	PENDING	PENDING	PENDING
5d75dea456dbad02b918ef7dc6343cbefa68589d6f8be953933846ce196a5036	v4	rag_nexus_ses_premiere_specialite	01_EDUSCOL_OFFICIEL/LYCEE/TRANSVERSAL_MULTI_NIVEAUX/80_A_VERIFIER/SES/01_PROGRAMMES_OFFICIELS/2019/quels-sont-les-processus-sociaux-qui-contribuent-a-la-deviance-pdf-225-83-ko--5d75dea456.pdf	https://eduscol.education.gouv.fr/5838/programmes-et-ressources-en-sciences-economiques-et-sociales-voie-gt	11	CLEARED	OFFICIAL_SNAPSHOT_NETWORK_UNVERIFIABLE	NONE_DETECTED	false	PENDING	PENDING	PENDING	PENDING	PENDING	PENDING	PENDING	PENDING	PENDING	PENDING	PENDING	PENDING
5fca98b2d55c5d2dd450bdfc534e1e4858a9ad821272ddddb133332d4b7a4098	v4	rag_nexus_hlp_premiere_specialite,rag_nexus_hlp_terminale_specialite	01_EDUSCOL_OFFICIEL/LYCEE/TRANSVERSAL_MULTI_NIVEAUX/80_A_VERIFIER/_MULTI_DISCIPLINES/03_RESSOURCES_ACCOMPAGNEMENT/2025/la-ressource-sur-la-forme-d-une-piece-sa-composition-en-accelerando-fiche-2-pdf-125-76-ko--5fca98b2d5.pdf	https://eduscol.education.gouv.fr/5793/programmes-et-ressources-en-francais-voie-gt	5	CLEARED	OFFICIAL_SNAPSHOT_NETWORK_UNVERIFIABLE	NONE_DETECTED	false	PENDING	PENDING	PENDING	PENDING	PENDING	PENDING	PENDING	PENDING	PENDING	PENDING	PENDING	PENDING
60eeb7dd1ee55d1ed2bb2c7671ecf3c971aeef6996db2bc7cd9c7919ae4b19ac	v4	rag_nexus_hlp_premiere_specialite	01_EDUSCOL_OFFICIEL/LYCEE/TRANSVERSAL_MULTI_NIVEAUX/10_ACTUEL_CONFIRME/_MULTI_DISCIPLINES/03_RESSOURCES_ACCOMPAGNEMENT/2019/litterature-l-apprentissage-de-l-oral-au-service-de-l-etude-des-textes-pdf-211-27-ko--60eeb7dd1e.pdf	https://eduscol.education.gouv.fr/sites/default/files/document/ra19lyceeg1-t-hlplitterature-apprentissage-oral-etude-textes1219746pdf-83940.pdf	7	CLEARED	OFFICIAL_SNAPSHOT_NETWORK_UNVERIFIABLE	NONE_DETECTED	false	PENDING	PENDING	PENDING	PENDING	PENDING	PENDING	PENDING	PENDING	PENDING	PENDING	PENDING	PENDING
61f86921080169ae3e34930b455c5cc1a13fc1b3a12604fe654a2f7d871c4693	v4	rag_nexus_ses_terminale_specialite	01_EDUSCOL_OFFICIEL/LYCEE/TRANSVERSAL_MULTI_NIVEAUX/80_A_VERIFIER/SES/03_RESSOURCES_ACCOMPAGNEMENT/2020/quelle-est-l-action-de-l-ecole-sur-les-destins-individuels-et-sur-l-evolution-de-la-societe-pdf-210-05-ko--61f8692108.pdf	https://eduscol.education.gouv.fr/5838/programmes-et-ressources-en-sciences-economiques-et-sociales-voie-gt	13	CLEARED	OFFICIAL_SNAPSHOT_NETWORK_UNVERIFIABLE	NONE_DETECTED	false	PENDING	PENDING	PENDING	PENDING	PENDING	PENDING	PENDING	PENDING	PENDING	PENDING	PENDING	PENDING
62c76756d1520375b2546ce3fad3a0a5d9ed8525163f0c30384d0c36e258022f	v4	rag_nexus_nsi_premiere_specialite,rag_nexus_nsi_terminale_specialite	01_EDUSCOL_OFFICIEL/LYCEE/TRANSVERSAL_MULTI_NIVEAUX/80_A_VERIFIER/NSI/04_EVALUATIONS_EXAMENS/2023/sujet-b-pdf-610-58-ko--62c76756d1.pdf	https://eduscol.education.gouv.fr/5823/programmes-et-ressources-en-numerique-et-sciences-informatiques-voie-g	14	CLEARED	OFFICIAL_SNAPSHOT_NETWORK_UNVERIFIABLE	NONE_DETECTED	false	PENDING	PENDING	PENDING	PENDING	PENDING	PENDING	PENDING	PENDING	PENDING	PENDING	PENDING	PENDING
62d9ac2834082bce93300fd19cc042595fcd506e94c9cabc80bb942c2d798380	v4	rag_nexus_ses_premiere_specialite	01_EDUSCOL_OFFICIEL/LYCEE/TRANSVERSAL_MULTI_NIVEAUX/80_A_VERIFIER/SES/03_RESSOURCES_ACCOMPAGNEMENT/2019/qu-est-ce-que-la-monnaie-et-comment-est-elle-creee-pdf-531-52-ko--62d9ac2834.pdf	https://eduscol.education.gouv.fr/5838/programmes-et-ressources-en-sciences-economiques-et-sociales-voie-gt	8	DETECTED_REVIEWED_ACCEPTED	OFFICIAL_SNAPSHOT_NETWORK_UNVERIFIABLE	NONE_DETECTED	false	PENDING	PENDING	PENDING	PENDING	PENDING	PENDING	PENDING	PENDING	PENDING	PENDING	PENDING	PENDING
63695989b94627f3808bd2becacb4615295b78d1448fdfa1f76b6d4eed33095f	v4	rag_nexus_ses_premiere_specialite	01_EDUSCOL_OFFICIEL/LYCEE/SECONDE/SES/03_RESSOURCES_ACCOMPAGNEMENT/2019/comment-l-assurance-et-la-protection-sociale-contribuent-elles-a-la-gestion-des-risques-dans-les-societes-developpees-pdf-222-61-k--63695989b9.pdf	https://eduscol.education.gouv.fr/5838/programmes-et-ressources-en-sciences-economiques-et-sociales-voie-gt	10	CLEARED	OFFICIAL_SNAPSHOT_NETWORK_UNVERIFIABLE	NONE_DETECTED	false	PENDING	PENDING	PENDING	PENDING	PENDING	PENDING	PENDING	PENDING	PENDING	PENDING	PENDING	PENDING
64f5b3427dee3b23d421fe03cb2f3aac75e0e47cee31be91b197d4e09c012987	v4	rag_nexus_hlp_premiere_specialite	01_EDUSCOL_OFFICIEL/LYCEE/TRANSVERSAL_MULTI_NIVEAUX/10_ACTUEL_CONFIRME/_MULTI_DISCIPLINES/03_RESSOURCES_ACCOMPAGNEMENT/2019/philosophie-l-apprentissage-de-l-oral-au-service-de-l-etude-des-textes-pdf-157-47-ko--64f5b3427d.pdf	https://eduscol.education.gouv.fr/sites/default/files/document/ra19lyceeg1-t-hlpphilosophie-apprentissage-oral-etude-textes1219750pdf-83943.pdf	5	CLEARED	OFFICIAL_SNAPSHOT_NETWORK_UNVERIFIABLE	NONE_DETECTED	false	PENDING	PENDING	PENDING	PENDING	PENDING	PENDING	PENDING	PENDING	PENDING	PENDING	PENDING	PENDING
653ac482b2dd19aa3b592af368868e03ce23ea7196bb9ae4eb6214f9c16eac8c	v4	rag_nexus_nsi_premiere_specialite,rag_nexus_nsi_terminale_specialite	01_EDUSCOL_OFFICIEL/LYCEE/TRANSVERSAL_MULTI_NIVEAUX/80_A_VERIFIER/NSI/07_DIAPORAMAS_SUPPORTS/2019/algorithme-des-k-plus-proches-voisins-pdf-466-53-ko--653ac482b2.pdf	https://eduscol.education.gouv.fr/5823/programmes-et-ressources-en-numerique-et-sciences-informatiques-voie-g	6	CLEARED	OFFICIAL_SNAPSHOT_NETWORK_UNVERIFIABLE	NONE_DETECTED	false	PENDING	PENDING	PENDING	PENDING	PENDING	PENDING	PENDING	PENDING	PENDING	PENDING	PENDING	PENDING
6636473e5411b5393bceb7be19d65176230eb39736f36f7b9f498899f82989b8	v4	rag_nexus_hlp_premiere_specialite	01_EDUSCOL_OFFICIEL/LYCEE/PREMIERE/HLP/03_RESSOURCES_ACCOMPAGNEMENT/2021/groupement-de-textes-n-2-pour-un-art-de-la-parole-politique-pdf-140-15-ko--6636473e54.pdf	https://eduscol.education.gouv.fr/5805/programmes-et-ressources-en-humanites-litterature-et-philosophie-voie-g	6	CLEARED	OFFICIAL_SNAPSHOT_NETWORK_UNVERIFIABLE	NONE_DETECTED	false	PENDING	PENDING	PENDING	PENDING	PENDING	PENDING	PENDING	PENDING	PENDING	PENDING	PENDING	PENDING
6736315bedfe88e536644e33c7471237b98e895182eb860d24da3bca044a217c	v4	rag_nexus_svt_premiere_specialite	01_EDUSCOL_OFFICIEL/LYCEE/SECONDE/SVT/04_EVALUATIONS_EXAMENS/2020/variation-genetique-bacterienne-et-resistance-aux-antibiotiques-pdf-2-82-mo--6736315bed.pdf	https://eduscol.education.gouv.fr/5835/programmes-et-ressources-en-sciences-de-la-vie-et-de-la-terre-voie-gt	21	CLEARED	OFFICIAL_SNAPSHOT_NETWORK_UNVERIFIABLE	reproduction_or_third_party:p11	false	PENDING	PENDING	PENDING	PENDING	PENDING	PENDING	PENDING	PENDING	PENDING	PENDING	PENDING	PENDING
692c871ab2003438b1636e19f1e40de097833c39473aae700e8434bcba48a0c8	v4	rag_nexus_svt_terminale_specialite	01_EDUSCOL_OFFICIEL/LYCEE/SECONDE/SVT/09_AUTRES/2020/comportements-mouvement-et-systeme-nerveux-produire-le-mouvement-contraction-musculaire-et-apport-d-energie-comportements-et-stres--692c871ab2.pdf	https://eduscol.education.gouv.fr/5835/programmes-et-ressources-en-sciences-de-la-vie-et-de-la-terre-voie-gt	10	CLEARED	OFFICIAL_SNAPSHOT_NETWORK_UNVERIFIABLE	NONE_DETECTED	false	PENDING	PENDING	PENDING	PENDING	PENDING	PENDING	PENDING	PENDING	PENDING	PENDING	PENDING	PENDING
6a7942128b8404ac0b98e819c0f1482a6bac353bd2ea5a6269f7081676a65150	v4	rag_nexus_hlp_premiere_specialite	01_EDUSCOL_OFFICIEL/LYCEE/PREMIERE/FRANCAIS/01_PROGRAMMES_OFFICIELS/2022/la-question-de-grammaire-de-l-epreuve-anticipee-orale-de-francais-precisions-sur-sa-definition--6a7942128b.pdf	https://eduscol.education.gouv.fr/5793/programmes-et-ressources-en-francais-voie-gt	4	DETECTED_REVIEWED_ACCEPTED	OFFICIAL_SNAPSHOT_NETWORK_UNVERIFIABLE	NONE_DETECTED	false	PENDING	PENDING	PENDING	PENDING	PENDING	PENDING	PENDING	PENDING	PENDING	PENDING	PENDING	PENDING
6ad593288de949b6d18a1254a9c406f627d76c9afbe15c50397eb6adc6806d25	v4	rag_nexus_hlp_premiere_specialite,rag_nexus_hlp_terminale_specialite	01_EDUSCOL_OFFICIEL/LYCEE/TRANSVERSAL_MULTI_NIVEAUX/80_A_VERIFIER/_MULTI_DISCIPLINES/03_RESSOURCES_ACCOMPAGNEMENT/2024/references-bibliographiques-et-sitographiques-pdf-199-44-ko--6ad593288d.pdf	https://eduscol.education.gouv.fr/5793/programmes-et-ressources-en-francais-voie-gt	7	CLEARED	OFFICIAL_SNAPSHOT_NETWORK_UNVERIFIABLE	NONE_DETECTED	false	PENDING	PENDING	PENDING	PENDING	PENDING	PENDING	PENDING	PENDING	PENDING	PENDING	PENDING	PENDING
6af72612a595df043bbe4ba16b3214cf9dfe3008d912275773d557019839cca1	v4	rag_nexus_hlp_premiere_specialite,rag_nexus_hlp_terminale_specialite	01_EDUSCOL_OFFICIEL/LYCEE/TRANSVERSAL_MULTI_NIVEAUX/80_A_VERIFIER/_MULTI_DISCIPLINES/03_RESSOURCES_ACCOMPAGNEMENT/2023/rimbaud-a-voix-haute-pdf-166-37-ko--6af72612a5.pdf	https://eduscol.education.gouv.fr/5793/programmes-et-ressources-en-francais-voie-gt	6	CLEARED	OFFICIAL_SNAPSHOT_NETWORK_UNVERIFIABLE	NONE_DETECTED	false	PENDING	PENDING	PENDING	PENDING	PENDING	PENDING	PENDING	PENDING	PENDING	PENDING	PENDING	PENDING
6df4bf3b942c64956696e26f44b5760e9755e435b239098e1aa9d79f44472d4b	v4	rag_nexus_hlp_premiere_specialite,rag_nexus_hlp_terminale_specialite	01_EDUSCOL_OFFICIEL/LYCEE/TRANSVERSAL_MULTI_NIVEAUX/10_ACTUEL_CONFIRME/_MULTI_DISCIPLINES/01_PROGRAMMES_OFFICIELS/2023/la-peau-de-chagrin-textes-complementaires-pdf-184-36-ko--6df4bf3b94.pdf	https://eduscol.education.gouv.fr/5793/programmes-et-ressources-en-francais-voie-gt	9	CLEARED	OFFICIAL_SNAPSHOT_NETWORK_UNVERIFIABLE	NONE_DETECTED	false	PENDING	PENDING	PENDING	PENDING	PENDING	PENDING	PENDING	PENDING	PENDING	PENDING	PENDING	PENDING
6e6ad3884291ee472815b344afbde1abc7d1f997fa84bc1d047ee00ad02dc9a6	v4	rag_nexus_ses_premiere_specialite,rag_nexus_ses_terminale_specialite	01_EDUSCOL_OFFICIEL/LYCEE/TRANSVERSAL_MULTI_NIVEAUX/80_A_VERIFIER/SES/03_RESSOURCES_ACCOMPAGNEMENT/2025/comment-est-structuree-la-societe-francaise-actuelle-pdf-352-91-ko--6e6ad38842.pdf	https://eduscol.education.gouv.fr/5838/programmes-et-ressources-en-sciences-economiques-et-sociales-voie-gt	19	CLEARED	OFFICIAL_SNAPSHOT_NETWORK_UNVERIFIABLE	NONE_DETECTED	false	PENDING	PENDING	PENDING	PENDING	PENDING	PENDING	PENDING	PENDING	PENDING	PENDING	PENDING	PENDING
6fe0291155b423f705d1e1278075046042b7ee1c5776e6c8b135cbb494bbf366	v5	rag_nexus_hggsp_premiere_specialite	01_EDUSCOL_OFFICIEL/LYCEE/TRANSVERSAL_MULTI_NIVEAUX/80_A_VERIFIER/_MULTI_DISCIPLINES/03_RESSOURCES_ACCOMPAGNEMENT/2021/la-premiere-guerre-mondiale-le-suicide-de-l-europe-et-la-fin-des-empires-europeens-pdf-314-13-ko--6fe0291155.pdf	https://eduscol.education.gouv.fr/5799/programmes-et-ressources-en-histoire-geographie-voie-gt	24	CLEARED	OFFICIAL_SNAPSHOT_NETWORK_UNVERIFIABLE	NONE_DETECTED	false	PENDING	PENDING	PENDING	PENDING	PENDING	PENDING	PENDING	PENDING	PENDING	PENDING	PENDING	PENDING
703cbd759841b016d5acac15df02a3c17ef273430e28f46fd5d9498b0606d3f5	v4	rag_nexus_nsi_terminale_specialite	01_EDUSCOL_OFFICIEL/LYCEE/TERMINALE/NSI/04_EVALUATIONS_EXAMENS/2021/le-paradigme-fonctionnel-pdf-404-66-ko--703cbd7598.pdf	https://eduscol.education.gouv.fr/5823/programmes-et-ressources-en-numerique-et-sciences-informatiques-voie-g	17	DETECTED_REVIEWED_ACCEPTED	OFFICIAL_SNAPSHOT_NETWORK_UNVERIFIABLE	NONE_DETECTED	false	PENDING	PENDING	PENDING	PENDING	PENDING	PENDING	PENDING	PENDING	PENDING	PENDING	PENDING	PENDING
71fee594e65c090d9255a784980aefff78acf350b1fd880b336df86217ccfc75	v4	rag_nexus_ses_premiere_specialite,rag_nexus_ses_terminale_specialite	01_EDUSCOL_OFFICIEL/LYCEE/TRANSVERSAL_MULTI_NIVEAUX/80_A_VERIFIER/SES/03_RESSOURCES_ACCOMPAGNEMENT/2025/quels-sont-les-caracteristiques-contemporaines-et-les-facteurs-de-la-mobilite-sociale-pdf-988-81-ko--71fee594e6.pdf	https://eduscol.education.gouv.fr/5838/programmes-et-ressources-en-sciences-economiques-et-sociales-voie-gt	20	CLEARED	OFFICIAL_SNAPSHOT_NETWORK_UNVERIFIABLE	NONE_DETECTED	false	PENDING	PENDING	PENDING	PENDING	PENDING	PENDING	PENDING	PENDING	PENDING	PENDING	PENDING	PENDING
724d0ecc7128f83f076bece2a1119a71c2e6672bb1a3e7cec680a48c719b6c81	v4	rag_nexus_hlp_premiere_specialite,rag_nexus_hlp_terminale_specialite	01_EDUSCOL_OFFICIEL/LYCEE/TRANSVERSAL_MULTI_NIVEAUX/80_A_VERIFIER/_MULTI_DISCIPLINES/03_RESSOURCES_ACCOMPAGNEMENT/2023/un-effort-contre-la-poesie-une-poesie-malgre-la-poesie-pdf-242-18-ko--724d0ecc71.pdf	https://eduscol.education.gouv.fr/5793/programmes-et-ressources-en-francais-voie-gt	9	CLEARED	OFFICIAL_SNAPSHOT_NETWORK_UNVERIFIABLE	NONE_DETECTED	false	PENDING	PENDING	PENDING	PENDING	PENDING	PENDING	PENDING	PENDING	PENDING	PENDING	PENDING	PENDING
732bf55ee80af1b5c8a13243652a4784be134ce4b636ac8d9893f7377a28e7df	v4	rag_nexus_nsi_premiere_specialite	01_EDUSCOL_OFFICIEL/LYCEE/PREMIERE/NSI/07_DIAPORAMAS_SUPPORTS/2021/pourquoi-choisir-la-specialite-nsi-pdf-138-77-ko--732bf55ee8.pdf	https://eduscol.education.gouv.fr/5823/programmes-et-ressources-en-numerique-et-sciences-informatiques-voie-g	4	CLEARED	OFFICIAL_SNAPSHOT_NETWORK_UNVERIFIABLE	NONE_DETECTED	false	PENDING	PENDING	PENDING	PENDING	PENDING	PENDING	PENDING	PENDING	PENDING	PENDING	PENDING	PENDING
73d89f72bd522e7bbc4e7d77143dfba0ccb5a7e947b92c643fe9f0263a9d5060	v4	rag_nexus_hlp_premiere_specialite,rag_nexus_hlp_terminale_specialite	01_EDUSCOL_OFFICIEL/LYCEE/TRANSVERSAL_MULTI_NIVEAUX/80_A_VERIFIER/_MULTI_DISCIPLINES/03_RESSOURCES_ACCOMPAGNEMENT/2026/le-discours-de-la-servitude-volontaire-lire-parcourir-s-approprier-l-uvre-la-rhetorique-d-un-humaniste-pdf-151-63-ko--73d89f72bd.pdf	https://eduscol.education.gouv.fr/5793/programmes-et-ressources-en-francais-voie-gt	7	CLEARED	OFFICIAL_SNAPSHOT_NETWORK_UNVERIFIABLE	NONE_DETECTED	false	PENDING	PENDING	PENDING	PENDING	PENDING	PENDING	PENDING	PENDING	PENDING	PENDING	PENDING	PENDING
75ce2c7e828bc604035ced94fcde0007807bb2367d54b2f8a934d67cd9c8d532	v4	rag_nexus_nsi_premiere_specialite,rag_nexus_nsi_terminale_specialite	01_EDUSCOL_OFFICIEL/LYCEE/TRANSVERSAL_MULTI_NIVEAUX/80_A_VERIFIER/NSI/09_AUTRES/2020/plus-court-chemin-dans-un-graphe-pdf-703-79-ko--75ce2c7e82.pdf	https://eduscol.education.gouv.fr/5823/programmes-et-ressources-en-numerique-et-sciences-informatiques-voie-g	12	CLEARED	OFFICIAL_SNAPSHOT_NETWORK_UNVERIFIABLE	NONE_DETECTED	false	PENDING	PENDING	PENDING	PENDING	PENDING	PENDING	PENDING	PENDING	PENDING	PENDING	PENDING	PENDING
7642769489f202ae26e611f7aa6372ebfc030ebd21a29ccf3bb9a1cc24a8b8d0	v4	rag_nexus_hlp_premiere_specialite,rag_nexus_hlp_terminale_specialite	01_EDUSCOL_OFFICIEL/LYCEE/TRANSVERSAL_MULTI_NIVEAUX/80_A_VERIFIER/_MULTI_DISCIPLINES/01_PROGRAMMES_OFFICIELS/2024/dire-musset-en-classe-entiere-approche-dramaturgique-pdf-238-35-ko--7642769489.pdf	https://eduscol.education.gouv.fr/5793/programmes-et-ressources-en-francais-voie-gt	8	CLEARED	OFFICIAL_SNAPSHOT_NETWORK_UNVERIFIABLE	NONE_DETECTED	false	PENDING	PENDING	PENDING	PENDING	PENDING	PENDING	PENDING	PENDING	PENDING	PENDING	PENDING	PENDING
76aa1a711ef085073ce9a5f2df8a1348b6042974e30612add8d4ba0c34e71795	v4	rag_nexus_hlp_premiere_specialite,rag_nexus_hlp_terminale_specialite	01_EDUSCOL_OFFICIEL/LYCEE/TRANSVERSAL_MULTI_NIVEAUX/20_TRANSITION_OU_ACTUEL/_MULTI_DISCIPLINES/01_PROGRAMMES_OFFICIELS/2026/voie-technologique-emile-zola-therese-raquin-parcours-anatomie-des-passions-pdf-98-47-ko--76aa1a711e.pdf	https://eduscol.education.gouv.fr/5793/programmes-et-ressources-en-francais-voie-gt	3	CLEARED	OFFICIAL_SNAPSHOT_NETWORK_UNVERIFIABLE	NONE_DETECTED	false	PENDING	PENDING	PENDING	PENDING	PENDING	PENDING	PENDING	PENDING	PENDING	PENDING	PENDING	PENDING
76c7a23c97b7586b607a8e2661b6bdc30a7a9ec3244ba4eb4e335420d5179fe3	v4	rag_nexus_ses_premiere_specialite	01_EDUSCOL_OFFICIEL/LYCEE/SECONDE/SES/03_RESSOURCES_ACCOMPAGNEMENT/2020/comment-les-entreprises-sont-elles-organisees-et-gouvernees-pdf-176-44-ko--76c7a23c97.pdf	https://eduscol.education.gouv.fr/5838/programmes-et-ressources-en-sciences-economiques-et-sociales-voie-gt	13	CLEARED	OFFICIAL_SNAPSHOT_NETWORK_UNVERIFIABLE	NONE_DETECTED	false	PENDING	PENDING	PENDING	PENDING	PENDING	PENDING	PENDING	PENDING	PENDING	PENDING	PENDING	PENDING
77533482cfda1b59a997868202489b71d53d3b7099d539025d57698e30a06998	v4	rag_nexus_hlp_premiere_specialite,rag_nexus_hlp_terminale_specialite	01_EDUSCOL_OFFICIEL/LYCEE/TRANSVERSAL_MULTI_NIVEAUX/80_A_VERIFIER/_MULTI_DISCIPLINES/03_RESSOURCES_ACCOMPAGNEMENT/2023/chantier-du-poeme-poeme-du-chantier-pdf-232-28-ko--77533482cf.pdf	https://eduscol.education.gouv.fr/5793/programmes-et-ressources-en-francais-voie-gt	9	CLEARED	OFFICIAL_SNAPSHOT_NETWORK_UNVERIFIABLE	NONE_DETECTED	false	PENDING	PENDING	PENDING	PENDING	PENDING	PENDING	PENDING	PENDING	PENDING	PENDING	PENDING	PENDING
7787a7bcd532bdf81a3f4bfb1c76f7562af6296aa0c9a843c01eef0bfd994451	v4	rag_nexus_hlp_premiere_specialite,rag_nexus_hlp_terminale_specialite	01_EDUSCOL_OFFICIEL/LYCEE/TRANSVERSAL_MULTI_NIVEAUX/80_A_VERIFIER/_MULTI_DISCIPLINES/03_RESSOURCES_ACCOMPAGNEMENT/2023/l-atelier-d-arts-plastiques-pdf-251-03-ko--7787a7bcd5.pdf	https://eduscol.education.gouv.fr/5793/programmes-et-ressources-en-francais-voie-gt	8	CLEARED	OFFICIAL_SNAPSHOT_NETWORK_UNVERIFIABLE	NONE_DETECTED	false	PENDING	PENDING	PENDING	PENDING	PENDING	PENDING	PENDING	PENDING	PENDING	PENDING	PENDING	PENDING
77abdd115f3954e2c0590d8094249969fa186454449e851c18cf533f514dc3ec	v4	rag_nexus_ses_premiere_specialite,rag_nexus_ses_terminale_specialite	01_EDUSCOL_OFFICIEL/LYCEE/TRANSVERSAL_MULTI_NIVEAUX/80_A_VERIFIER/SES/03_RESSOURCES_ACCOMPAGNEMENT/2025/voter-une-affaire-individuelle-ou-collective-pdf-186-62-ko--77abdd115f.pdf	https://eduscol.education.gouv.fr/5838/programmes-et-ressources-en-sciences-economiques-et-sociales-voie-gt	9	CLEARED	OFFICIAL_SNAPSHOT_NETWORK_UNVERIFIABLE	NONE_DETECTED	false	PENDING	PENDING	PENDING	PENDING	PENDING	PENDING	PENDING	PENDING	PENDING	PENDING	PENDING	PENDING
78fe0767d102a2bd85a7c5955fbf4de7e2e2ebc8a1c7f3f6c41c9368661208a9	v4	rag_nexus_hlp_premiere_specialite,rag_nexus_hlp_terminale_specialite	01_EDUSCOL_OFFICIEL/LYCEE/TRANSVERSAL_MULTI_NIVEAUX/80_A_VERIFIER/_MULTI_DISCIPLINES/01_PROGRAMMES_OFFICIELS/2023/annoter-une-page-de-la-peau-de-chagrin-pdf-430-84-ko--78fe0767d1.pdf	https://eduscol.education.gouv.fr/5793/programmes-et-ressources-en-francais-voie-gt	6	CLEARED	OFFICIAL_SNAPSHOT_NETWORK_UNVERIFIABLE	NONE_DETECTED	false	PENDING	PENDING	PENDING	PENDING	PENDING	PENDING	PENDING	PENDING	PENDING	PENDING	PENDING	PENDING
79e04a388f5b822fad189644a838df7ece47d6e4c3498f256bfe68587ad8cc28	v4	rag_nexus_svt_terminale_specialite	01_EDUSCOL_OFFICIEL/LYCEE/TRANSVERSAL_MULTI_NIVEAUX/80_A_VERIFIER/SVT/03_RESSOURCES_ACCOMPAGNEMENT/2020/genetique-et-evolution-pdf-609-69-ko--79e04a388f.pdf	https://eduscol.education.gouv.fr/5835/programmes-et-ressources-en-sciences-de-la-vie-et-de-la-terre-voie-gt	19	CLEARED	OFFICIAL_SNAPSHOT_NETWORK_UNVERIFIABLE	NONE_DETECTED	false	PENDING	PENDING	PENDING	PENDING	PENDING	PENDING	PENDING	PENDING	PENDING	PENDING	PENDING	PENDING
7ad6ebd481cdde38f154dd3cef444209c8725d03229950244091052e9f16f295	v4	rag_nexus_hlp_premiere_specialite,rag_nexus_hlp_terminale_specialite	01_EDUSCOL_OFFICIEL/LYCEE/TRANSVERSAL_MULTI_NIVEAUX/80_A_VERIFIER/_MULTI_DISCIPLINES/01_PROGRAMMES_OFFICIELS/2024/bernard-le-bouyer-de-fontenelle-entretiens-sur-la-pluralite-des-mondes-parcours-le-gout-de-la-science-pdf-163-2-ko--7ad6ebd481.pdf	https://eduscol.education.gouv.fr/5793/programmes-et-ressources-en-francais-voie-gt	2	CLEARED	OFFICIAL_SNAPSHOT_NETWORK_UNVERIFIABLE	NONE_DETECTED	false	PENDING	PENDING	PENDING	PENDING	PENDING	PENDING	PENDING	PENDING	PENDING	PENDING	PENDING	PENDING
7c5cbcdc8cf2810d4601b36cc5a166ea3bda91102490ccb37115d771d7a6ef44	v4	rag_nexus_hlp_premiere_specialite,rag_nexus_hlp_terminale_specialite	01_EDUSCOL_OFFICIEL/LYCEE/TRANSVERSAL_MULTI_NIVEAUX/80_A_VERIFIER/_MULTI_DISCIPLINES/01_PROGRAMMES_OFFICIELS/2023/la-peau-de-chagrin-l-uvre-le-parcours-les-romans-de-l-energie-creation-et-destruction-pdf-202-34-ko--7c5cbcdc8c.pdf	https://eduscol.education.gouv.fr/5793/programmes-et-ressources-en-francais-voie-gt	2	CLEARED	OFFICIAL_SNAPSHOT_NETWORK_UNVERIFIABLE	NONE_DETECTED	false	PENDING	PENDING	PENDING	PENDING	PENDING	PENDING	PENDING	PENDING	PENDING	PENDING	PENDING	PENDING
7ca9a32e1823be6c1120cb0417324c3cb01688d1d194c7614a88ea851ccc60b0	v4	rag_nexus_nsi_premiere_specialite,rag_nexus_nsi_terminale_specialite	01_EDUSCOL_OFFICIEL/LYCEE/PREMIERE/NSI/01_PROGRAMMES_OFFICIELS/2019/specialite-numerique-et-sciences-informatiques-en-premiere-bo-special-n-1-du-22-janvier-2019-pdf-300-73-ko--7ca9a32e18.pdf	https://eduscol.education.gouv.fr/sites/default/files/document/spe633annexe1063268pdf-89499.pdf	9	CLEARED	OFFICIAL_SNAPSHOT_NETWORK_UNVERIFIABLE	reproduction_or_third_party:p1,reproduction_or_third_party:p2,reproduction_or_third_party:p3,reproduction_or_third_party:p4,reproduction_or_third_party:p5,reproduction_or_third_party:p6,reproduction_or_third_party:p7,reproduction_or_third_party:p8,reproduction_or_third_party:p9	false	PENDING	PENDING	PENDING	PENDING	PENDING	PENDING	PENDING	PENDING	PENDING	PENDING	PENDING	PENDING
7cbe29d1e52a6f19bf342c54f8b209c4815afed991175428c3a2f757c0212b1d	v4	rag_nexus_hlp_premiere_specialite,rag_nexus_hlp_terminale_specialite	01_EDUSCOL_OFFICIEL/LYCEE/TRANSVERSAL_MULTI_NIVEAUX/80_A_VERIFIER/_MULTI_DISCIPLINES/03_RESSOURCES_ACCOMPAGNEMENT/2023/nouvelles-formes-politiques-et-poetiques-pdf-241-6-ko--7cbe29d1e5.pdf	https://eduscol.education.gouv.fr/5793/programmes-et-ressources-en-francais-voie-gt	9	CLEARED	OFFICIAL_SNAPSHOT_NETWORK_UNVERIFIABLE	NONE_DETECTED	false	PENDING	PENDING	PENDING	PENDING	PENDING	PENDING	PENDING	PENDING	PENDING	PENDING	PENDING	PENDING
7e4121f2eac0784e2cb5f5f75b5521ecdcb36044fc9adbc929614b686a71b07c	v4	rag_nexus_hlp_premiere_specialite	01_EDUSCOL_OFFICIEL/LYCEE/PREMIERE/HLP/07_DIAPORAMAS_SUPPORTS/2021/presentation-pdf-146-4-ko--7e4121f2ea.pdf	https://eduscol.education.gouv.fr/5805/programmes-et-ressources-en-humanites-litterature-et-philosophie-voie-g	6	CLEARED	OFFICIAL_SNAPSHOT_NETWORK_UNVERIFIABLE	NONE_DETECTED	false	PENDING	PENDING	PENDING	PENDING	PENDING	PENDING	PENDING	PENDING	PENDING	PENDING	PENDING	PENDING
7e488b99d2848aef582f1ac371dc0dc59ec5ff01647efa277e22f4c8d1ea6117	v5	rag_nexus_hggsp_premiere_specialite,rag_nexus_hggsp_terminale_specialite	01_EDUSCOL_OFFICIEL/LYCEE/TRANSVERSAL_MULTI_NIVEAUX/80_A_VERIFIER/_MULTI_DISCIPLINES/09_AUTRES/2023/la-premiere-guerre-mondiale-et-la-fin-des-empires-europeens-pdf-388-35-ko--7e488b99d2.pdf	https://eduscol.education.gouv.fr/5799/programmes-et-ressources-en-histoire-geographie-voie-gt	18	CLEARED	OFFICIAL_SNAPSHOT_NETWORK_UNVERIFIABLE	NONE_DETECTED	false	PENDING	PENDING	PENDING	PENDING	PENDING	PENDING	PENDING	PENDING	PENDING	PENDING	PENDING	PENDING
7e77ccf154dd5b3c50ddc9f76b8b52d4f7643c7e01ff5c71da96ce963f9afd55	v4	rag_nexus_hlp_terminale_specialite	01_EDUSCOL_OFFICIEL/LYCEE/TERMINALE/FRANCAIS/05_ANNALES_SUJETS_CORRIGES/2020/sujet-zero-n-1-commente-extrait-les-idees-et-les-ages-d-alain-pdf-121-71-ko--7e77ccf154.pdf	https://eduscol.education.gouv.fr/5805/programmes-et-ressources-en-humanites-litterature-et-philosophie-voie-g	5	CLEARED	OFFICIAL_SNAPSHOT_NETWORK_UNVERIFIABLE	NONE_DETECTED	false	PENDING	PENDING	PENDING	PENDING	PENDING	PENDING	PENDING	PENDING	PENDING	PENDING	PENDING	PENDING
80cef59b3d16e920b0fa48d63bbc8335619d818a66b43832bbf339aed1b13203	v4	rag_nexus_hlp_premiere_specialite,rag_nexus_hlp_terminale_specialite	01_EDUSCOL_OFFICIEL/LYCEE/TRANSVERSAL_MULTI_NIVEAUX/80_A_VERIFIER/_MULTI_DISCIPLINES/01_PROGRAMMES_OFFICIELS/2023/la-rage-de-l-expression-l-uvre-le-parcours-dans-l-atelier-du-poete-pdf-252-ko--80cef59b3d.pdf	https://eduscol.education.gouv.fr/5793/programmes-et-ressources-en-francais-voie-gt	3	CLEARED	OFFICIAL_SNAPSHOT_NETWORK_UNVERIFIABLE	NONE_DETECTED	false	PENDING	PENDING	PENDING	PENDING	PENDING	PENDING	PENDING	PENDING	PENDING	PENDING	PENDING	PENDING
821da2c5bd0fbc66b0b32cb09140bd3a6dedd1d651e4761438b9972e91388adf	v4	rag_nexus_svt_terminale_specialite	01_EDUSCOL_OFFICIEL/LYCEE/TRANSVERSAL_MULTI_NIVEAUX/80_A_VERIFIER/SVT/01_PROGRAMMES_OFFICIELS/2021/evaluation-par-les-pairs-sur-les-notions-du-programme-de-premiere-en-specialite-svt-pdf-285-98-ko--821da2c5bd.pdf	https://eduscol.education.gouv.fr/5835/programmes-et-ressources-en-sciences-de-la-vie-et-de-la-terre-voie-gt	16	CLEARED	OFFICIAL_SNAPSHOT_NETWORK_UNVERIFIABLE	NONE_DETECTED	false	PENDING	PENDING	PENDING	PENDING	PENDING	PENDING	PENDING	PENDING	PENDING	PENDING	PENDING	PENDING
827da417951f33d73c4180cc65cbb4d099cb3e72c913f5b55229a17008ebdab8	v4	rag_nexus_hlp_premiere_specialite,rag_nexus_hlp_terminale_specialite	01_EDUSCOL_OFFICIEL/LYCEE/TRANSVERSAL_MULTI_NIVEAUX/80_A_VERIFIER/_MULTI_DISCIPLINES/03_RESSOURCES_ACCOMPAGNEMENT/2025/entrer-dans-la-lecture-du-discours-de-la-servitude-volontaire-de-la-boetie-pdf-176-22-ko--827da41795.pdf	https://eduscol.education.gouv.fr/5793/programmes-et-ressources-en-francais-voie-gt	8	CLEARED	OFFICIAL_SNAPSHOT_NETWORK_UNVERIFIABLE	NONE_DETECTED	false	PENDING	PENDING	PENDING	PENDING	PENDING	PENDING	PENDING	PENDING	PENDING	PENDING	PENDING	PENDING
829dd4543f545dff24cac277c0dd67256114731a018c32c6f76452120940904e	v5	rag_nexus_hggsp_premiere_specialite	01_EDUSCOL_OFFICIEL/LYCEE/PREMIERE/HGGSP/03_RESSOURCES_ACCOMPAGNEMENT/2020/analyser-les-relations-entre-etats-et-religions-pdf-428-34-ko--829dd4543f.pdf	https://eduscol.education.gouv.fr/5802/programmes-et-ressources-en-histoire-geographie-geopolitique-et-sciences-politiques-voie-g	30	CLEARED	OFFICIAL_SNAPSHOT_NETWORK_UNVERIFIABLE	NONE_DETECTED	false	PENDING	PENDING	PENDING	PENDING	PENDING	PENDING	PENDING	PENDING	PENDING	PENDING	PENDING	PENDING
836ad638ffce8b84a6ba49037ce84cf10178d78821b3f3dc2493f4389e3714c5	v5	rag_nexus_hggsp_premiere_specialite	01_EDUSCOL_OFFICIEL/LYCEE/PREMIERE/HGGSP/03_RESSOURCES_ACCOMPAGNEMENT/2019/analyser-les-dynamiques-des-puissances-internationales-pdf-530-68-ko--836ad638ff.pdf	https://eduscol.education.gouv.fr/5802/programmes-et-ressources-en-histoire-geographie-geopolitique-et-sciences-politiques-voie-g	33	CLEARED	OFFICIAL_SNAPSHOT_NETWORK_UNVERIFIABLE	NONE_DETECTED	false	PENDING	PENDING	PENDING	PENDING	PENDING	PENDING	PENDING	PENDING	PENDING	PENDING	PENDING	PENDING
848db37c3957daef2f7f3982fd5338afc0eb90387f58c9395a66426007bde02a	v5	rag_nexus_hggsp_terminale_specialite	01_EDUSCOL_OFFICIEL/LYCEE/TRANSVERSAL_MULTI_NIVEAUX/80_A_VERIFIER/_MULTI_DISCIPLINES/09_AUTRES/2020/la-france-et-ses-regions-dans-l-union-europeenne-et-dans-la-mondialisation-lignes-de-force-et-recompositions-pdf-296-87-ko--848db37c39.pdf	https://eduscol.education.gouv.fr/5799/programmes-et-ressources-en-histoire-geographie-voie-gt	9	CLEARED	OFFICIAL_SNAPSHOT_NETWORK_UNVERIFIABLE	NONE_DETECTED	false	PENDING	PENDING	PENDING	PENDING	PENDING	PENDING	PENDING	PENDING	PENDING	PENDING	PENDING	PENDING
84a4fae056f43805cbccd901f4adad163721723f717dc55a1ad3c05068913b72	v4	rag_nexus_hlp_premiere_specialite,rag_nexus_hlp_terminale_specialite	01_EDUSCOL_OFFICIEL/LYCEE/TRANSVERSAL_MULTI_NIVEAUX/80_A_VERIFIER/_MULTI_DISCIPLINES/01_PROGRAMMES_OFFICIELS/2024/choix-de-textes-pour-le-parcours-les-jeux-du-c-ur-et-de-la-parole-pdf-161-23-ko--84a4fae056.pdf	https://eduscol.education.gouv.fr/5793/programmes-et-ressources-en-francais-voie-gt	7	CLEARED	OFFICIAL_SNAPSHOT_NETWORK_UNVERIFIABLE	NONE_DETECTED	false	PENDING	PENDING	PENDING	PENDING	PENDING	PENDING	PENDING	PENDING	PENDING	PENDING	PENDING	PENDING
852f56f2b7de9b0137db59de6ca646079958452f29f77c5d2d29b1670469b406	v4	rag_nexus_nsi_premiere_specialite,rag_nexus_nsi_terminale_specialite	01_EDUSCOL_OFFICIEL/LYCEE/TERMINALE/NSI/03_RESSOURCES_ACCOMPAGNEMENT/2020/l-algorithme-de-boyer-et-moore-pdf-1-15-mo--852f56f2b7.pdf	https://eduscol.education.gouv.fr/5823/programmes-et-ressources-en-numerique-et-sciences-informatiques-voie-g	7	CLEARED	OFFICIAL_SNAPSHOT_NETWORK_UNVERIFIABLE	NONE_DETECTED	false	PENDING	PENDING	PENDING	PENDING	PENDING	PENDING	PENDING	PENDING	PENDING	PENDING	PENDING	PENDING
85319cb509247343b082abed6012c50ebd157134fd6ce84150cf852ae4f870fb	v4	rag_nexus_svt_premiere_specialite,rag_nexus_svt_terminale_specialite	01_EDUSCOL_OFFICIEL/LYCEE/SECONDE/SVT/04_EVALUATIONS_EXAMENS/2023/telecharger-l-infographie-pdf-50-46-ko--85319cb509.pdf	https://eduscol.education.gouv.fr/5661/presentation-du-grand-oral	1	CLEARED	OFFICIAL_SNAPSHOT_NETWORK_UNVERIFIABLE	NONE_DETECTED	false	PENDING	PENDING	PENDING	PENDING	PENDING	PENDING	PENDING	PENDING	PENDING	PENDING	PENDING	PENDING
8577cf5a9b83352794f6dfba97b0c57b6db247921c867ecb46432cc4e7ed4283	v4	rag_nexus_svt_terminale_specialite	01_EDUSCOL_OFFICIEL/LYCEE/TRANSVERSAL_MULTI_NIVEAUX/80_A_VERIFIER/SVT/03_RESSOURCES_ACCOMPAGNEMENT/2020/a-la-recherche-du-passe-geologique-de-notre-planete-pdf-529-27-ko--8577cf5a9b.pdf	https://eduscol.education.gouv.fr/5835/programmes-et-ressources-en-sciences-de-la-vie-et-de-la-terre-voie-gt	10	CLEARED	OFFICIAL_SNAPSHOT_NETWORK_UNVERIFIABLE	NONE_DETECTED	false	PENDING	PENDING	PENDING	PENDING	PENDING	PENDING	PENDING	PENDING	PENDING	PENDING	PENDING	PENDING
873c1af6ad0c901a652869fdf1317540fad914331c003a3a949b2ca0cf7a2ef7	v4	rag_nexus_hlp_premiere_specialite,rag_nexus_hlp_terminale_specialite	01_EDUSCOL_OFFICIEL/LYCEE/TRANSVERSAL_MULTI_NIVEAUX/80_A_VERIFIER/_MULTI_DISCIPLINES/01_PROGRAMMES_OFFICIELS/2019/la-negation--873c1af6ad.pdf	https://eduscol.education.gouv.fr/5793/programmes-et-ressources-en-francais-voie-gt	4	CLEARED	OFFICIAL_SNAPSHOT_NETWORK_UNVERIFIABLE	NONE_DETECTED	false	PENDING	PENDING	PENDING	PENDING	PENDING	PENDING	PENDING	PENDING	PENDING	PENDING	PENDING	PENDING
8a9db0f95c2efb434b0e6c3335e9b9ffb5ddd3a370f2d6800ae28c30eaeb45f8	v5	rag_nexus_hggsp_premiere_specialite	01_EDUSCOL_OFFICIEL/LYCEE/TRANSVERSAL_MULTI_NIVEAUX/80_A_VERIFIER/_MULTI_DISCIPLINES/09_AUTRES/2019/l-europe-bouleversee-par-la-revolution-francaise-1789-1815-pdf-264-69-ko--8a9db0f95c.pdf	https://eduscol.education.gouv.fr/5799/programmes-et-ressources-en-histoire-geographie-voie-gt	10	CLEARED	OFFICIAL_SNAPSHOT_NETWORK_UNVERIFIABLE	NONE_DETECTED	false	PENDING	PENDING	PENDING	PENDING	PENDING	PENDING	PENDING	PENDING	PENDING	PENDING	PENDING	PENDING
8a9e02081433118d43852c4631f1e388ddcc34412eab5886f6c4996160c35307	v4	rag_nexus_ses_premiere_specialite,rag_nexus_ses_terminale_specialite	01_EDUSCOL_OFFICIEL/LYCEE/TRANSVERSAL_MULTI_NIVEAUX/80_A_VERIFIER/SES/03_RESSOURCES_ACCOMPAGNEMENT/2023/terminale-quelle-politique-monetaire-apres-la-crise-sanitaire-de-la-covid-19-pdf-826-94-ko--8a9e020814.pdf	https://eduscol.education.gouv.fr/5838/programmes-et-ressources-en-sciences-economiques-et-sociales-voie-gt	11	CLEARED	OFFICIAL_SNAPSHOT_NETWORK_UNVERIFIABLE	NONE_DETECTED	false	PENDING	PENDING	PENDING	PENDING	PENDING	PENDING	PENDING	PENDING	PENDING	PENDING	PENDING	PENDING
8ca2ae69cf68e738c73a347bac1315b6d8f32f142a7045b08ce14af0bc21468e	v4	rag_nexus_hlp_premiere_specialite,rag_nexus_hlp_terminale_specialite	01_EDUSCOL_OFFICIEL/LYCEE/TRANSVERSAL_MULTI_NIVEAUX/20_TRANSITION_OU_ACTUEL/_MULTI_DISCIPLINES/01_PROGRAMMES_OFFICIELS/2026/voies-generale-et-technologique-simone-schwarz-bart-pluie-et-vent-sur-telumee-miracle-parcours-tisser-les-memoires-habiter-le-mond--8ca2ae69cf.pdf	https://eduscol.education.gouv.fr/5793/programmes-et-ressources-en-francais-voie-gt	3	CLEARED	OFFICIAL_SNAPSHOT_NETWORK_UNVERIFIABLE	NONE_DETECTED	false	PENDING	PENDING	PENDING	PENDING	PENDING	PENDING	PENDING	PENDING	PENDING	PENDING	PENDING	PENDING
8d8d833b4051c7c709a90866263284f67e8246ff9ad6a8938d95bcf396e70ad5	v4	rag_nexus_hlp_premiere_specialite	01_EDUSCOL_OFFICIEL/LYCEE/PREMIERE/FRANCAIS/03_RESSOURCES_ACCOMPAGNEMENT/2021/accompagnement-de-la-lecture-pdf-91-93-ko--8d8d833b40.pdf	https://eduscol.education.gouv.fr/5805/programmes-et-ressources-en-humanites-litterature-et-philosophie-voie-g	2	CLEARED	OFFICIAL_SNAPSHOT_NETWORK_UNVERIFIABLE	NONE_DETECTED	false	PENDING	PENDING	PENDING	PENDING	PENDING	PENDING	PENDING	PENDING	PENDING	PENDING	PENDING	PENDING
8dc03c641671d3a7b4d3e0bb0e8d18c3d3de30677ac78a4b3ae4c9cfee697003	v5	rag_nexus_hggsp_premiere_specialite	01_EDUSCOL_OFFICIEL/LYCEE/PREMIERE/HGGSP/03_RESSOURCES_ACCOMPAGNEMENT/2019/comprendre-un-regime-politique-la-democratie-pdf-381-98-ko--8dc03c6416.pdf	https://eduscol.education.gouv.fr/5802/programmes-et-ressources-en-histoire-geographie-geopolitique-et-sciences-politiques-voie-g	14	CLEARED	OFFICIAL_SNAPSHOT_NETWORK_UNVERIFIABLE	NONE_DETECTED	false	PENDING	PENDING	PENDING	PENDING	PENDING	PENDING	PENDING	PENDING	PENDING	PENDING	PENDING	PENDING
8eb0e41f95bf4aca37e6231c06109579faf6bf410d6bd2bc210574e66e2762fa	v4	rag_nexus_svt_premiere_specialite	01_EDUSCOL_OFFICIEL/LYCEE/TRANSVERSAL_MULTI_NIVEAUX/10_ACTUEL_CONFIRME/SVT/01_PROGRAMMES_OFFICIELS/2019/specialite-svt-de-premiere-generale-bo-special-n-1-du-22-janvier-2019-pdf-405-48-ko--8eb0e41f95.pdf	https://eduscol.education.gouv.fr/sites/default/files/document/spe648annexe1063542pdf-82878.pdf	22	CLEARED	OFFICIAL_SNAPSHOT_NETWORK_UNVERIFIABLE	reproduction_or_third_party:p1,reproduction_or_third_party:p2,reproduction_or_third_party:p3,reproduction_or_third_party:p4,reproduction_or_third_party:p5,reproduction_or_third_party:p6,reproduction_or_third_party:p7,reproduction_or_third_party:p8,reproduction_or_third_party:p9,reproduction_or_third_party:p10,reproduction_or_third_party:p11,reproduction_or_third_party:p12,reproduction_or_third_party:p13,reproduction_or_third_party:p14,reproduction_or_third_party:p15,reproduction_or_third_party:p16,reproduction_or_third_party:p17,reproduction_or_third_party:p18,reproduction_or_third_party:p19,reproduction_or_third_party:p20,reproduction_or_third_party:p21,reproduction_or_third_party:p22	false	PENDING	PENDING	PENDING	PENDING	PENDING	PENDING	PENDING	PENDING	PENDING	PENDING	PENDING	PENDING
8eb23c91b035d968bb90019912190bb09b165dbe5ee7573d39217b142047d084	v4	rag_nexus_svt_premiere_specialite,rag_nexus_svt_terminale_specialite	01_EDUSCOL_OFFICIEL/LYCEE/SECONDE/SVT/04_EVALUATIONS_EXAMENS/2023/affiche-le-deroule-de-l-epreuve-du-grand-oral--8eb23c91b0.pdf	https://eduscol.education.gouv.fr/5661/presentation-du-grand-oral	1	CLEARED	OFFICIAL_SNAPSHOT_NETWORK_UNVERIFIABLE	NONE_DETECTED	false	PENDING	PENDING	PENDING	PENDING	PENDING	PENDING	PENDING	PENDING	PENDING	PENDING	PENDING	PENDING
91c5a3123a2c4df70fb0fb91e9cb481ce8834996a21548d52565be3d615a8c3c	v5	rag_nexus_hggsp_terminale_specialite	01_EDUSCOL_OFFICIEL/LYCEE/TRANSVERSAL_MULTI_NIVEAUX/80_A_VERIFIER/HGGSP/03_RESSOURCES_ACCOMPAGNEMENT/2020/de-nouveaux-espaces-de-conquete-pdf-384-35-ko--91c5a3123a.pdf	https://eduscol.education.gouv.fr/5802/programmes-et-ressources-en-histoire-geographie-geopolitique-et-sciences-politiques-voie-g	36	CLEARED	OFFICIAL_SNAPSHOT_NETWORK_UNVERIFIABLE	NONE_DETECTED	false	PENDING	PENDING	PENDING	PENDING	PENDING	PENDING	PENDING	PENDING	PENDING	PENDING	PENDING	PENDING
926b1a971f4d00bbac2020486e6607f911d1bdb721c45546be10ac8fab043e1f	v4	rag_nexus_hlp_premiere_specialite,rag_nexus_hlp_terminale_specialite	01_EDUSCOL_OFFICIEL/LYCEE/TRANSVERSAL_MULTI_NIVEAUX/80_A_VERIFIER/_MULTI_DISCIPLINES/01_PROGRAMMES_OFFICIELS/2024/on-ne-badine-pas-avec-l-amour-d-alfred-de-musset-l-uvre-le-parcours-parcours-les-jeux-du-c-ur-et-de-la-parole-pdf-133-3-ko--926b1a971f.pdf	https://eduscol.education.gouv.fr/5793/programmes-et-ressources-en-francais-voie-gt	2	CLEARED	OFFICIAL_SNAPSHOT_NETWORK_UNVERIFIABLE	NONE_DETECTED	false	PENDING	PENDING	PENDING	PENDING	PENDING	PENDING	PENDING	PENDING	PENDING	PENDING	PENDING	PENDING
9357dfdebca347264787dfebacb674666d87660b82f789657ddd230c7ff224aa	v4	rag_nexus_hlp_premiere_specialite	01_EDUSCOL_OFFICIEL/LYCEE/TRANSVERSAL_MULTI_NIVEAUX/10_ACTUEL_CONFIRME/_MULTI_DISCIPLINES/05_ANNALES_SUJETS_CORRIGES/2019/exemple-de-sujet-commente-sujet-zero-n-3-sur-le-theme-des-representations-du-monde-pdf-172-29-ko--9357dfdebc.pdf	https://eduscol.education.gouv.fr/sites/default/files/document/ra19lyceeg1-thlpexemple-sujet-commentesujet-zero31205359pdf-83934.pdf	5	CLEARED	OFFICIAL_SNAPSHOT_NETWORK_UNVERIFIABLE	NONE_DETECTED	false	PENDING	PENDING	PENDING	PENDING	PENDING	PENDING	PENDING	PENDING	PENDING	PENDING	PENDING	PENDING
936c1e54b1099bfb06a30ed68c743c9e3d1b51db4158ef7e5a4ae786caad080a	v4	rag_nexus_nsi_terminale_specialite	01_EDUSCOL_OFFICIEL/LYCEE/TRANSVERSAL_MULTI_NIVEAUX/80_A_VERIFIER/NSI/09_AUTRES/2021/les-circuits-pdf-4-51-mo--936c1e54b1.pdf	https://eduscol.education.gouv.fr/5823/programmes-et-ressources-en-numerique-et-sciences-informatiques-voie-g	39	DETECTED_REVIEWED_ACCEPTED	OFFICIAL_SNAPSHOT_NETWORK_UNVERIFIABLE	NONE_DETECTED	false	PENDING	PENDING	PENDING	PENDING	PENDING	PENDING	PENDING	PENDING	PENDING	PENDING	PENDING	PENDING
93b7e446273c0d36863ab8f86a39fb91dccb920ebd00e5be020f559253f9a17d	v4	rag_nexus_nsi_premiere_specialite,rag_nexus_nsi_terminale_specialite	01_EDUSCOL_OFFICIEL/LYCEE/TRANSVERSAL_MULTI_NIVEAUX/80_A_VERIFIER/NSI/07_DIAPORAMAS_SUPPORTS/2019/diversite-et-unite-des-langages-de-programmation-pdf-161-08-ko--93b7e44627.pdf	https://eduscol.education.gouv.fr/5823/programmes-et-ressources-en-numerique-et-sciences-informatiques-voie-g	9	DETECTED_REVIEWED_ACCEPTED	OFFICIAL_SNAPSHOT_NETWORK_UNVERIFIABLE	NONE_DETECTED	false	PENDING	PENDING	PENDING	PENDING	PENDING	PENDING	PENDING	PENDING	PENDING	PENDING	PENDING	PENDING
953f2fc352e9fba7bb58154d9fbf11631e4a62e07e14c7fed6fe7c65227bdc6c	v4	rag_nexus_svt_premiere_specialite	01_EDUSCOL_OFFICIEL/LYCEE/SECONDE/SVT/03_RESSOURCES_ACCOMPAGNEMENT/2020/realiser-la-cartographie-d-une-controverse-pour-eduquer-a-la-complexite-des-enjeux-pdf-301-83-ko--953f2fc352.pdf	https://eduscol.education.gouv.fr/5835/programmes-et-ressources-en-sciences-de-la-vie-et-de-la-terre-voie-gt	22	CLEARED	OFFICIAL_SNAPSHOT_NETWORK_UNVERIFIABLE	NONE_DETECTED	false	PENDING	PENDING	PENDING	PENDING	PENDING	PENDING	PENDING	PENDING	PENDING	PENDING	PENDING	PENDING
9584c59a1cacaabf1e8325de74904e3015168b2abee3f66a2635746ff7e5cbc6	v4	rag_nexus_hlp_premiere_specialite	01_EDUSCOL_OFFICIEL/LYCEE/TRANSVERSAL_MULTI_NIVEAUX/10_ACTUEL_CONFIRME/_MULTI_DISCIPLINES/03_RESSOURCES_ACCOMPAGNEMENT/2019/l-oral-dans-l-enseignement-humanites-litterature-et-philosophie-pdf-146-22-ko--9584c59a1c.pdf	https://eduscol.education.gouv.fr/5805/programmes-et-ressources-en-humanites-litterature-et-philosophie-voie-g	4	CLEARED	OFFICIAL_SNAPSHOT_NETWORK_UNVERIFIABLE	NONE_DETECTED	false	PENDING	PENDING	PENDING	PENDING	PENDING	PENDING	PENDING	PENDING	PENDING	PENDING	PENDING	PENDING
95c3f17c29c4d9fe7f7a421579cae4222463dbe7b9fce2842aaa31524c70f49a	v4	rag_nexus_svt_terminale_specialite	01_EDUSCOL_OFFICIEL/LYCEE/SECONDE/SVT/09_AUTRES/2020/les-climats-de-la-terre-comprendre-le-passe-pour-agir-aujourd-hui-et-demain-pdf-866-42-ko--95c3f17c29.pdf	https://eduscol.education.gouv.fr/5835/programmes-et-ressources-en-sciences-de-la-vie-et-de-la-terre-voie-gt	12	CLEARED	OFFICIAL_SNAPSHOT_NETWORK_UNVERIFIABLE	NONE_DETECTED	false	PENDING	PENDING	PENDING	PENDING	PENDING	PENDING	PENDING	PENDING	PENDING	PENDING	PENDING	PENDING
9643eb5b5854700c4ad70b2062efb27840d5f619e108c00bca6b6967dff29c8d	v5	rag_nexus_hggsp_premiere_specialite,rag_nexus_hggsp_terminale_specialite	01_EDUSCOL_OFFICIEL/LYCEE/TERMINALE/HGGSP/03_RESSOURCES_ACCOMPAGNEMENT/2025/la-ressource-pour-la-classe-terminale-en-specialite-hggsp-la-france-au-cameroun-reconnaitre-une-guerre-oubliee-la-guerre-de-decolo--9643eb5b58.pdf	https://eduscol.education.gouv.fr/5802/programmes-et-ressources-en-histoire-geographie-geopolitique-et-sciences-politiques-voie-g	5	CLEARED	OFFICIAL_SNAPSHOT_NETWORK_UNVERIFIABLE	NONE_DETECTED	false	PENDING	PENDING	PENDING	PENDING	PENDING	PENDING	PENDING	PENDING	PENDING	PENDING	PENDING	PENDING
96e887c34c0d7db5500632090ee0119d1366d2667217818b65d00a316d3ae329	v4	rag_nexus_svt_terminale_specialite	01_EDUSCOL_OFFICIEL/LYCEE/SECONDE/SVT/04_EVALUATIONS_EXAMENS/2020/placer-les-eleves-en-demarche-de-projet-pour-comprendre-et-evaluer-une-action-climatique-pdf-333-91-ko--96e887c34c.pdf	https://eduscol.education.gouv.fr/5835/programmes-et-ressources-en-sciences-de-la-vie-et-de-la-terre-voie-gt	13	DETECTED_REVIEWED_ACCEPTED	OFFICIAL_SNAPSHOT_NETWORK_UNVERIFIABLE	NONE_DETECTED	false	PENDING	PENDING	PENDING	PENDING	PENDING	PENDING	PENDING	PENDING	PENDING	PENDING	PENDING	PENDING
97df512350089a3fee8fee97c0b079bbc07b0c7862fa143fcb0d8996e4d4bf08	v4	rag_nexus_hlp_premiere_specialite,rag_nexus_hlp_terminale_specialite	01_EDUSCOL_OFFICIEL/LYCEE/TRANSVERSAL_MULTI_NIVEAUX/80_A_VERIFIER/_MULTI_DISCIPLINES/01_PROGRAMMES_OFFICIELS/2024/le-menteur-de-pierre-corneille-l-uvre-le-parcours-parcours-mensonge-et-comedie-pdf-138-49-ko--97df512350.pdf	https://eduscol.education.gouv.fr/5793/programmes-et-ressources-en-francais-voie-gt	3	CLEARED	OFFICIAL_SNAPSHOT_NETWORK_UNVERIFIABLE	NONE_DETECTED	false	PENDING	PENDING	PENDING	PENDING	PENDING	PENDING	PENDING	PENDING	PENDING	PENDING	PENDING	PENDING
981c75ca4a8d90eae0fc87ece424a7e085bde81c0fe1a3649b2baf076318c222	v4	rag_nexus_nsi_premiere_specialite,rag_nexus_nsi_terminale_specialite	01_EDUSCOL_OFFICIEL/LYCEE/TRANSVERSAL_MULTI_NIVEAUX/80_A_VERIFIER/NSI/07_DIAPORAMAS_SUPPORTS/2019/le-probleme-du-sac-a-dos-pdf-148-04-ko--981c75ca4a.pdf	https://eduscol.education.gouv.fr/5823/programmes-et-ressources-en-numerique-et-sciences-informatiques-voie-g	6	CLEARED	OFFICIAL_SNAPSHOT_NETWORK_UNVERIFIABLE	NONE_DETECTED	false	PENDING	PENDING	PENDING	PENDING	PENDING	PENDING	PENDING	PENDING	PENDING	PENDING	PENDING	PENDING
983cd4d898872f3f210da937560f934cd33cb3b6a3d17fe0b27bbafb5d7b91b2	v5	rag_nexus_hggsp_terminale_specialite	01_EDUSCOL_OFFICIEL/LYCEE/TRANSVERSAL_MULTI_NIVEAUX/80_A_VERIFIER/_MULTI_DISCIPLINES/09_AUTRES/2020/mers-et-oceans-au-c-ur-de-la-mondialisation-pdf-288-45-ko--983cd4d898.pdf	https://eduscol.education.gouv.fr/5799/programmes-et-ressources-en-histoire-geographie-voie-gt	19	CLEARED	OFFICIAL_SNAPSHOT_NETWORK_UNVERIFIABLE	NONE_DETECTED	false	PENDING	PENDING	PENDING	PENDING	PENDING	PENDING	PENDING	PENDING	PENDING	PENDING	PENDING	PENDING
9a711d61afbe6488fb459f0cc66564de39a89a824bc63849706a21c098cbf1f3	v4	rag_nexus_hlp_premiere_specialite	01_EDUSCOL_OFFICIEL/LYCEE/PREMIERE/HLP/04_EVALUATIONS_EXAMENS/2021/proposition-d-evaluation-corneille-cinna-acte-iii-scene-4-vers-1111-1167-pdf-111-05-ko--9a711d61af.pdf	https://eduscol.education.gouv.fr/5805/programmes-et-ressources-en-humanites-litterature-et-philosophie-voie-g	4	CLEARED	OFFICIAL_SNAPSHOT_NETWORK_UNVERIFIABLE	NONE_DETECTED	false	PENDING	PENDING	PENDING	PENDING	PENDING	PENDING	PENDING	PENDING	PENDING	PENDING	PENDING	PENDING
9b05a15d39750c3e0fe6150809418dcdf3d1df36862c56406b6c00ac8a9918d7	v4	rag_nexus_svt_terminale_specialite	01_EDUSCOL_OFFICIEL/LYCEE/SECONDE/SVT/01_PROGRAMMES_OFFICIELS/2020/utiliser-simclimat-pour-conduire-une-demarche-scientifique-pdf-331-32-ko--9b05a15d39.pdf	https://eduscol.education.gouv.fr/5835/programmes-et-ressources-en-sciences-de-la-vie-et-de-la-terre-voie-gt	6	CLEARED	OFFICIAL_SNAPSHOT_NETWORK_UNVERIFIABLE	NONE_DETECTED	false	PENDING	PENDING	PENDING	PENDING	PENDING	PENDING	PENDING	PENDING	PENDING	PENDING	PENDING	PENDING
9b0f2814e2a6c21c9a4981b3734ad89ef8a32c2d25fe2fa9616a4f593b04538b	v4	rag_nexus_nsi_premiere_specialite,rag_nexus_nsi_terminale_specialite	01_EDUSCOL_OFFICIEL/LYCEE/PREMIERE/NSI/07_DIAPORAMAS_SUPPORTS/2019/types-mutables-et-problemes-associes-pdf-164-37-ko--9b0f2814e2.pdf	https://eduscol.education.gouv.fr/5823/programmes-et-ressources-en-numerique-et-sciences-informatiques-voie-g	6	CLEARED	OFFICIAL_SNAPSHOT_NETWORK_UNVERIFIABLE	NONE_DETECTED	false	PENDING	PENDING	PENDING	PENDING	PENDING	PENDING	PENDING	PENDING	PENDING	PENDING	PENDING	PENDING
9c18864bd78628d064c21e82db5857e0fbf8ec24faf415ab8aba95caf15baa67	v4	rag_nexus_hlp_premiere_specialite,rag_nexus_hlp_terminale_specialite	01_EDUSCOL_OFFICIEL/LYCEE/TRANSVERSAL_MULTI_NIVEAUX/80_A_VERIFIER/_MULTI_DISCIPLINES/03_RESSOURCES_ACCOMPAGNEMENT/2025/l-emancipation-feminine-dans-les-lettres-d-une-peruvienne-pdf-170-54-ko--9c18864bd7.pdf	https://eduscol.education.gouv.fr/5793/programmes-et-ressources-en-francais-voie-gt	8	CLEARED	OFFICIAL_SNAPSHOT_NETWORK_UNVERIFIABLE	NONE_DETECTED	false	PENDING	PENDING	PENDING	PENDING	PENDING	PENDING	PENDING	PENDING	PENDING	PENDING	PENDING	PENDING
9e8479e7e6f1c49b9a147add91cc304e022b97d037fade641257352c9c44ed00	v5	rag_nexus_hggsp_terminale_specialite	01_EDUSCOL_OFFICIEL/LYCEE/TRANSVERSAL_MULTI_NIVEAUX/80_A_VERIFIER/_MULTI_DISCIPLINES/09_AUTRES/2020/dynamiques-territoriales-cooperations-et-tensions-dans-la-mondialisation-pdf-894-96-ko--9e8479e7e6.pdf	https://eduscol.education.gouv.fr/5799/programmes-et-ressources-en-histoire-geographie-voie-gt	12	CLEARED	OFFICIAL_SNAPSHOT_NETWORK_UNVERIFIABLE	NONE_DETECTED	false	PENDING	PENDING	PENDING	PENDING	PENDING	PENDING	PENDING	PENDING	PENDING	PENDING	PENDING	PENDING
a1133cef135e8a7eccc15009678dbc5cc8b9be22c2d2f8be2e6bb9c86c6454ee	v4	rag_nexus_svt_premiere_specialite,rag_nexus_svt_terminale_specialite	01_EDUSCOL_OFFICIEL/LYCEE/SECONDE/SVT/04_EVALUATIONS_EXAMENS/2026/lettre-edunum-svt-n-40-mars-2026--a1133cef13.pdf	https://eduscol.education.gouv.fr/4542/sciences-de-la-vie-et-de-la-terre	16	CLEARED	OFFICIAL_SNAPSHOT_NETWORK_UNVERIFIABLE	confidential_or_internal:p4,reproduction_or_third_party:p13	false	PENDING	PENDING	PENDING	PENDING	PENDING	PENDING	PENDING	PENDING	PENDING	PENDING	PENDING	PENDING
a2601ac6614c61b60d6ebaf6c7be0adf507ce479470c87475543ea44c4b42f92	v4	rag_nexus_ses_terminale_specialite	01_EDUSCOL_OFFICIEL/LYCEE/TRANSVERSAL_MULTI_NIVEAUX/80_A_VERIFIER/SES/03_RESSOURCES_ACCOMPAGNEMENT/2020/comment-lutter-contre-le-chomage-pdf-617-31-ko--a2601ac661.pdf	https://eduscol.education.gouv.fr/5838/programmes-et-ressources-en-sciences-economiques-et-sociales-voie-gt	18	CLEARED	OFFICIAL_SNAPSHOT_NETWORK_UNVERIFIABLE	NONE_DETECTED	false	PENDING	PENDING	PENDING	PENDING	PENDING	PENDING	PENDING	PENDING	PENDING	PENDING	PENDING	PENDING
a288fe8b982827d02adcf3dce69a291ff91c24d963e49d1f152a994d2ceca172	v5	rag_nexus_hggsp_premiere_specialite,rag_nexus_hggsp_terminale_specialite	01_EDUSCOL_OFFICIEL/LYCEE/PREMIERE/HGGSP/01_PROGRAMMES_OFFICIELS/2019/premiere-technologique-bo-special-n-1-du-22-janvier-2019-pdf-226-33-ko--a288fe8b98.pdf	https://eduscol.education.gouv.fr/5799/programmes-et-ressources-en-histoire-geographie-voie-gt	16	CLEARED	OFFICIAL_SNAPSHOT_NETWORK_UNVERIFIABLE	reproduction_or_third_party:p1,reproduction_or_third_party:p2,reproduction_or_third_party:p3,reproduction_or_third_party:p4,reproduction_or_third_party:p5,reproduction_or_third_party:p6,reproduction_or_third_party:p7,reproduction_or_third_party:p8,reproduction_or_third_party:p9,reproduction_or_third_party:p10,reproduction_or_third_party:p11,reproduction_or_third_party:p12,reproduction_or_third_party:p13,reproduction_or_third_party:p14,reproduction_or_third_party:p15,reproduction_or_third_party:p16	false	PENDING	PENDING	PENDING	PENDING	PENDING	PENDING	PENDING	PENDING	PENDING	PENDING	PENDING	PENDING
a2984fd826a8e39bd58fcc6f585519c45a0b8061e0a187fc0024a1ce1673d888	v4	rag_nexus_hlp_premiere_specialite,rag_nexus_hlp_terminale_specialite	01_EDUSCOL_OFFICIEL/LYCEE/TRANSVERSAL_MULTI_NIVEAUX/80_A_VERIFIER/_MULTI_DISCIPLINES/01_PROGRAMMES_OFFICIELS/2024/theatre-et-dispute-2-pdf-136-04-ko--a2984fd826.pdf	https://eduscol.education.gouv.fr/5793/programmes-et-ressources-en-francais-voie-gt	4	CLEARED	OFFICIAL_SNAPSHOT_NETWORK_UNVERIFIABLE	NONE_DETECTED	false	PENDING	PENDING	PENDING	PENDING	PENDING	PENDING	PENDING	PENDING	PENDING	PENDING	PENDING	PENDING
a33a12a6c4f3206776c834a359a46962aa264f4364ca51e860e41afbe4292470	v4	rag_nexus_hlp_premiere_specialite	01_EDUSCOL_OFFICIEL/LYCEE/PREMIERE/HLP/04_EVALUATIONS_EXAMENS/2020/se-saisir-des-outils-numeriques-d-enregistrement-pour-apprendre-a-faire-des-choix-et-a-les-exprimer-mettre-la-technique-au-service--a33a12a6c4.pdf	https://eduscol.education.gouv.fr/5793/programmes-et-ressources-en-francais-voie-gt	4	CLEARED	OFFICIAL_SNAPSHOT_NETWORK_UNVERIFIABLE	NONE_DETECTED	false	PENDING	PENDING	PENDING	PENDING	PENDING	PENDING	PENDING	PENDING	PENDING	PENDING	PENDING	PENDING
a4dc34896af5d27a62a2f580815084aaf978a9288e10a0c2307ec6b9a83166dc	v4	rag_nexus_svt_premiere_specialite,rag_nexus_svt_terminale_specialite	01_EDUSCOL_OFFICIEL/LYCEE/SECONDE/SVT/06_GUIDES/2025/guide-conditions-d-enseignement-pour-les-sciences-de-la-vie-et-de-la-terre-au-college-et-au-lycee--a4dc34896a.pdf	https://eduscol.education.gouv.fr/5835/programmes-et-ressources-en-sciences-de-la-vie-et-de-la-terre-voie-gt	120	CLEARED	OFFICIAL_SNAPSHOT_NETWORK_UNVERIFIABLE	reproduction_or_third_party:p108	false	PENDING	PENDING	PENDING	PENDING	PENDING	PENDING	PENDING	PENDING	PENDING	PENDING	PENDING	PENDING
a6b1b1887ae77dc8f0a0cfe8ad97c8577ac276093278ea9e8b1d87bc17d040ac	v4	rag_nexus_hlp_premiere_specialite,rag_nexus_hlp_terminale_specialite	01_EDUSCOL_OFFICIEL/LYCEE/TRANSVERSAL_MULTI_NIVEAUX/80_A_VERIFIER/_MULTI_DISCIPLINES/01_PROGRAMMES_OFFICIELS/2023/travailler-l-oral-en-etudiant-mes-forets-pdf-144-37-ko--a6b1b1887a.pdf	https://eduscol.education.gouv.fr/5793/programmes-et-ressources-en-francais-voie-gt	4	CLEARED	OFFICIAL_SNAPSHOT_NETWORK_UNVERIFIABLE	NONE_DETECTED	false	PENDING	PENDING	PENDING	PENDING	PENDING	PENDING	PENDING	PENDING	PENDING	PENDING	PENDING	PENDING
a76478f060cb0b75d72a27b0f6da185bfcbeec20a49f5358a3661220705dd8f0	v5	rag_nexus_hggsp_premiere_specialite,rag_nexus_hggsp_terminale_specialite	01_EDUSCOL_OFFICIEL/LYCEE/TRANSVERSAL_MULTI_NIVEAUX/80_A_VERIFIER/HGGSP/03_RESSOURCES_ACCOMPAGNEMENT/2023/l-environnement-entre-exploitation-et-protection-un-enjeu-planetaire-pdf-610-13-ko--a76478f060.pdf	https://eduscol.education.gouv.fr/5802/programmes-et-ressources-en-histoire-geographie-geopolitique-et-sciences-politiques-voie-g	57	CLEARED	OFFICIAL_SNAPSHOT_NETWORK_UNVERIFIABLE	NONE_DETECTED	false	PENDING	PENDING	PENDING	PENDING	PENDING	PENDING	PENDING	PENDING	PENDING	PENDING	PENDING	PENDING
a7aa8d3753d202f387d02cd22731f409962b536576b5da4b678d3eb904e67880	v4	rag_nexus_hlp_premiere_specialite	01_EDUSCOL_OFFICIEL/LYCEE/PREMIERE/HLP/04_EVALUATIONS_EXAMENS/2020/s-organiser-pour-un-enseignement-de-l-oral-donnant-corps-a-la-lecture-des-eleves--a7aa8d3753.pdf	https://eduscol.education.gouv.fr/5793/programmes-et-ressources-en-francais-voie-gt	2	CLEARED	OFFICIAL_SNAPSHOT_NETWORK_UNVERIFIABLE	NONE_DETECTED	false	PENDING	PENDING	PENDING	PENDING	PENDING	PENDING	PENDING	PENDING	PENDING	PENDING	PENDING	PENDING
a96e0f4b3b2d13528dc69f91ec01f26c81bfd17901306bd9bfa8841894233910	v4	rag_nexus_hlp_premiere_specialite	01_EDUSCOL_OFFICIEL/LYCEE/TRANSVERSAL_MULTI_NIVEAUX/10_ACTUEL_CONFIRME/_MULTI_DISCIPLINES/04_EVALUATIONS_EXAMENS/2019/les-attendus-des-epreuves-et-elements-d-evaluation-pdf-115-94-ko--a96e0f4b3b.pdf	https://eduscol.education.gouv.fr/5805/programmes-et-ressources-en-humanites-litterature-et-philosophie-voie-g	2	CLEARED	OFFICIAL_SNAPSHOT_NETWORK_UNVERIFIABLE	NONE_DETECTED	false	PENDING	PENDING	PENDING	PENDING	PENDING	PENDING	PENDING	PENDING	PENDING	PENDING	PENDING	PENDING
a9bb598aea037a96580c81cbeb358e01e89e7a5d0ebac55bcb907d8b9c83c33b	v4	rag_nexus_dgemc_terminale_option	01_EDUSCOL_OFFICIEL/LYCEE/TRANSVERSAL_MULTI_NIVEAUX/80_A_VERIFIER/DGEMC/09_AUTRES/2021/la-constitution-du-4-octobre-1958-la-protection-des-droits-et-des-libertes--a9bb598aea.pdf	https://eduscol.education.gouv.fr/6150/ressources-pour-l-etude-de-la-constitution	18	CLEARED	OFFICIAL_SNAPSHOT_NETWORK_UNVERIFIABLE	NONE_DETECTED	false	PENDING	PENDING	PENDING	PENDING	PENDING	PENDING	PENDING	PENDING	PENDING	PENDING	PENDING	PENDING
a9edd58b4136b57e5c06ef807feec27c490f551285f63e2729b5f7e04b5c3ad0	v4	rag_nexus_hlp_premiere_specialite,rag_nexus_hlp_terminale_specialite	01_EDUSCOL_OFFICIEL/LYCEE/TRANSVERSAL_MULTI_NIVEAUX/80_A_VERIFIER/_MULTI_DISCIPLINES/01_PROGRAMMES_OFFICIELS/2024/acceder-aux-dispositions-en-vigueur-a-compter-de-la-session-2024-concernant-l-epreuve-terminale-pdf-208-71-ko--a9edd58b41.pdf	https://eduscol.education.gouv.fr/5805/programmes-et-ressources-en-humanites-litterature-et-philosophie-voie-g	3	CLEARED	OFFICIAL_SNAPSHOT_NETWORK_UNVERIFIABLE	NONE_DETECTED	false	PENDING	PENDING	PENDING	PENDING	PENDING	PENDING	PENDING	PENDING	PENDING	PENDING	PENDING	PENDING
aa09447740e35e7ab6e2c9caf25c2786a8a0446ae7803b64d163f5b9000fd4f1	v4	rag_nexus_svt_terminale_specialite	01_EDUSCOL_OFFICIEL/LYCEE/SECONDE/SVT/04_EVALUATIONS_EXAMENS/2021/l-atp-comme-source-d-energie-jeu-de-role-et-conviction-oratoire-pdf-903-63-ko--aa09447740.pdf	https://eduscol.education.gouv.fr/5835/programmes-et-ressources-en-sciences-de-la-vie-et-de-la-terre-voie-gt	8	CLEARED	OFFICIAL_SNAPSHOT_NETWORK_UNVERIFIABLE	NONE_DETECTED	false	PENDING	PENDING	PENDING	PENDING	PENDING	PENDING	PENDING	PENDING	PENDING	PENDING	PENDING	PENDING
aaa6558cdb71efc9c4c7a7c089247c268d7c22b7fda42c0d54de85dfc1373dcf	v4	rag_nexus_ses_terminale_specialite	01_EDUSCOL_OFFICIEL/LYCEE/TRANSVERSAL_MULTI_NIVEAUX/80_A_VERIFIER/SES/03_RESSOURCES_ACCOMPAGNEMENT/2020/comment-expliquer-les-crises-financieres-et-reguler-le-systeme-financier-pdf-495-65-ko--aaa6558cdb.pdf	https://eduscol.education.gouv.fr/5838/programmes-et-ressources-en-sciences-economiques-et-sociales-voie-gt	14	CLEARED	OFFICIAL_SNAPSHOT_NETWORK_UNVERIFIABLE	NONE_DETECTED	false	PENDING	PENDING	PENDING	PENDING	PENDING	PENDING	PENDING	PENDING	PENDING	PENDING	PENDING	PENDING
aaafaeacd849b4d5a68b0b277cea251aea0ca7cc22a40874118f66f836b00ff7	v4	rag_nexus_ses_premiere_specialite	01_EDUSCOL_OFFICIEL/LYCEE/TRANSVERSAL_MULTI_NIVEAUX/80_A_VERIFIER/SES/03_RESSOURCES_ACCOMPAGNEMENT/2019/comment-se-forme-et-s-exprime-l-opinion-publique-pdf-267-5-ko--aaafaeacd8.pdf	https://eduscol.education.gouv.fr/5838/programmes-et-ressources-en-sciences-economiques-et-sociales-voie-gt	7	CLEARED	OFFICIAL_SNAPSHOT_NETWORK_UNVERIFIABLE	NONE_DETECTED	false	PENDING	PENDING	PENDING	PENDING	PENDING	PENDING	PENDING	PENDING	PENDING	PENDING	PENDING	PENDING
ab9b97062cc3e6965abe02c56cf5cfdda5e6bb549428fbd3a7a5a10b826255d7	v4	rag_nexus_svt_terminale_specialite	01_EDUSCOL_OFFICIEL/LYCEE/SECONDE/SVT/01_PROGRAMMES_OFFICIELS/2020/simclimat-un-modele-numerique-de-climat-pdf-758-17-ko--ab9b97062c.pdf	https://eduscol.education.gouv.fr/5835/programmes-et-ressources-en-sciences-de-la-vie-et-de-la-terre-voie-gt	9	CLEARED	OFFICIAL_SNAPSHOT_NETWORK_UNVERIFIABLE	NONE_DETECTED	false	PENDING	PENDING	PENDING	PENDING	PENDING	PENDING	PENDING	PENDING	PENDING	PENDING	PENDING	PENDING
ac4b61f423d2c8d05006a392423a5c4d0338647f3ad579015cd775af0b0295ad	v5	rag_nexus_hggsp_terminale_specialite	01_EDUSCOL_OFFICIEL/LYCEE/TRANSVERSAL_MULTI_NIVEAUX/80_A_VERIFIER/_MULTI_DISCIPLINES/03_RESSOURCES_ACCOMPAGNEMENT/2020/la-france-et-ses-regions-dans-l-union-europeenne-et-dans-la-mondialisation-lignes-de-force-et-recompositions-pdf-1-53-mo--ac4b61f423.pdf	https://eduscol.education.gouv.fr/5799/programmes-et-ressources-en-histoire-geographie-voie-gt	9	CLEARED	OFFICIAL_SNAPSHOT_NETWORK_UNVERIFIABLE	NONE_DETECTED	false	PENDING	PENDING	PENDING	PENDING	PENDING	PENDING	PENDING	PENDING	PENDING	PENDING	PENDING	PENDING
acffa72d962f5acb2f53f4a28d0699c7cc365b3a054410ca99236cb68c5aefd7	v4	rag_nexus_svt_terminale_specialite	01_EDUSCOL_OFFICIEL/LYCEE/SECONDE/SVT/01_PROGRAMMES_OFFICIELS/2020/argumenter-a-l-oral-sur-les-actions-pour-faire-face-au-changement-climatique-pdf-210-87-ko--acffa72d96.pdf	https://eduscol.education.gouv.fr/5835/programmes-et-ressources-en-sciences-de-la-vie-et-de-la-terre-voie-gt	11	CLEARED	OFFICIAL_SNAPSHOT_NETWORK_UNVERIFIABLE	reproduction_or_third_party:p3	false	PENDING	PENDING	PENDING	PENDING	PENDING	PENDING	PENDING	PENDING	PENDING	PENDING	PENDING	PENDING
ae43e89ffb0bfdf20cd222de4bd5b8098b77d766af47a590a0ce9d5d81b14fef	v5	rag_nexus_hggsp_premiere_specialite,rag_nexus_hggsp_terminale_specialite	01_EDUSCOL_OFFICIEL/LYCEE/TERMINALE/HGGSP/03_RESSOURCES_ACCOMPAGNEMENT/2025/la-ressource-pour-la-classe-terminale-generale-la-france-au-cameroun-une-guerre-de-decolonisation-en-afrique-centrale-pdf-436-82-k--ae43e89ffb.pdf	https://eduscol.education.gouv.fr/5799/programmes-et-ressources-en-histoire-geographie-voie-gt	6	CLEARED	OFFICIAL_SNAPSHOT_NETWORK_UNVERIFIABLE	NONE_DETECTED	false	PENDING	PENDING	PENDING	PENDING	PENDING	PENDING	PENDING	PENDING	PENDING	PENDING	PENDING	PENDING
ae5710d4a3594fc5af9c3b95140359747095487730438769483a1427dd30e6c5	v4	rag_nexus_svt_premiere_specialite	01_EDUSCOL_OFFICIEL/LYCEE/SECONDE/SVT/04_EVALUATIONS_EXAMENS/2021/l-equilibre-dynamique-d-un-ecosysteme-jeu-de-role-et-conviction-oratoire-pdf-135-97-ko--ae5710d4a3.pdf	https://eduscol.education.gouv.fr/5835/programmes-et-ressources-en-sciences-de-la-vie-et-de-la-terre-voie-gt	6	CLEARED	OFFICIAL_SNAPSHOT_NETWORK_UNVERIFIABLE	NONE_DETECTED	false	PENDING	PENDING	PENDING	PENDING	PENDING	PENDING	PENDING	PENDING	PENDING	PENDING	PENDING	PENDING
af3eaa9c37d902063bcdb6a35d1973307c78f1bbb58ee3aec0b6c56770b05ac8	v4	rag_nexus_hlp_premiere_specialite	01_EDUSCOL_OFFICIEL/LYCEE/PREMIERE/FRANCAIS/01_PROGRAMMES_OFFICIELS/2020/comprendre-les-enjeux-de-l-enseignement-du-francais-en-classe-de-premiere--af3eaa9c37.pdf	https://eduscol.education.gouv.fr/5793/programmes-et-ressources-en-francais-voie-gt	5	CLEARED	OFFICIAL_SNAPSHOT_NETWORK_UNVERIFIABLE	NONE_DETECTED	false	PENDING	PENDING	PENDING	PENDING	PENDING	PENDING	PENDING	PENDING	PENDING	PENDING	PENDING	PENDING
af890443badd9932ad3cbb41ed408b11009425af9c85237c60202fe932e64add	v4	rag_nexus_hlp_premiere_specialite,rag_nexus_hlp_terminale_specialite	01_EDUSCOL_OFFICIEL/LYCEE/TRANSVERSAL_MULTI_NIVEAUX/80_A_VERIFIER/_MULTI_DISCIPLINES/01_PROGRAMMES_OFFICIELS/2023/mes-forets-l-uvre-le-parcours-la-poesie-la-nature-l-intime-pdf-201-44-ko--af890443ba.pdf	https://eduscol.education.gouv.fr/5793/programmes-et-ressources-en-francais-voie-gt	2	CLEARED	OFFICIAL_SNAPSHOT_NETWORK_UNVERIFIABLE	NONE_DETECTED	false	PENDING	PENDING	PENDING	PENDING	PENDING	PENDING	PENDING	PENDING	PENDING	PENDING	PENDING	PENDING
afe6914e5fe541927ea47b2ddaa0d10e28ea0052c9f17da27d65e864d89f07b8	v4	rag_nexus_hlp_premiere_specialite,rag_nexus_hlp_terminale_specialite	01_EDUSCOL_OFFICIEL/LYCEE/TRANSVERSAL_MULTI_NIVEAUX/80_A_VERIFIER/_MULTI_DISCIPLINES/03_RESSOURCES_ACCOMPAGNEMENT/2025/la-ressource-sur-la-forme-d-une-piece-son-esthetique-de-la-fantaisie-fiche-4-pdf-141-77-ko--afe6914e5f.pdf	https://eduscol.education.gouv.fr/5793/programmes-et-ressources-en-francais-voie-gt	7	CLEARED	OFFICIAL_SNAPSHOT_NETWORK_UNVERIFIABLE	NONE_DETECTED	false	PENDING	PENDING	PENDING	PENDING	PENDING	PENDING	PENDING	PENDING	PENDING	PENDING	PENDING	PENDING
b01714547d98f31c594999fe6aaaf46f2299d7ea33a384d2d83becdb35a85cc2	v5	rag_nexus_hggsp_premiere_specialite	01_EDUSCOL_OFFICIEL/LYCEE/TRANSVERSAL_MULTI_NIVEAUX/80_A_VERIFIER/_MULTI_DISCIPLINES/03_RESSOURCES_ACCOMPAGNEMENT/2019/une-diversification-des-espaces-et-des-acteurs-de-la-production-pdf-371-48-ko--b01714547d.pdf	https://eduscol.education.gouv.fr/5799/programmes-et-ressources-en-histoire-geographie-voie-gt	11	CLEARED	OFFICIAL_SNAPSHOT_NETWORK_UNVERIFIABLE	NONE_DETECTED	false	PENDING	PENDING	PENDING	PENDING	PENDING	PENDING	PENDING	PENDING	PENDING	PENDING	PENDING	PENDING
b22cb6812e2ee65e2fe6d040039a90972e3b39f076561ecda078192298d406f3	v4	rag_nexus_nsi_terminale_specialite	01_EDUSCOL_OFFICIEL/LYCEE/TRANSVERSAL_MULTI_NIVEAUX/80_A_VERIFIER/NSI/09_AUTRES/2021/generalites-sur-les-graphes-pdf-452-42-ko--b22cb6812e.pdf	https://eduscol.education.gouv.fr/5823/programmes-et-ressources-en-numerique-et-sciences-informatiques-voie-g	12	CLEARED	OFFICIAL_SNAPSHOT_NETWORK_UNVERIFIABLE	NONE_DETECTED	false	PENDING	PENDING	PENDING	PENDING	PENDING	PENDING	PENDING	PENDING	PENDING	PENDING	PENDING	PENDING
b27cef1fec864ea8e6b9dc90210ba39c44be5de40f5db6fc663d84f6fba37d64	v4	rag_nexus_nsi_premiere_specialite,rag_nexus_nsi_terminale_specialite	01_EDUSCOL_OFFICIEL/LYCEE/TRANSVERSAL_MULTI_NIVEAUX/80_A_VERIFIER/NSI/07_DIAPORAMAS_SUPPORTS/2019/un-cas-concret-pdf-527-39-ko--b27cef1fec.pdf	https://eduscol.education.gouv.fr/5823/programmes-et-ressources-en-numerique-et-sciences-informatiques-voie-g	6	CLEARED	OFFICIAL_SNAPSHOT_NETWORK_UNVERIFIABLE	NONE_DETECTED	false	PENDING	PENDING	PENDING	PENDING	PENDING	PENDING	PENDING	PENDING	PENDING	PENDING	PENDING	PENDING
b2b3b880a65aba2e708b8b5cc04cab6e61ba5e3b8fcddba72a51f90533d4cd3d	v4	rag_nexus_hlp_premiere_specialite,rag_nexus_hlp_terminale_specialite	01_EDUSCOL_OFFICIEL/LYCEE/TRANSVERSAL_MULTI_NIVEAUX/80_A_VERIFIER/_MULTI_DISCIPLINES/07_DIAPORAMAS_SUPPORTS/2023/sept-images-de-l-edition-lecou-complement-de-la-ressource-balzac-et-la-question-de-l-image-au-format-pdf-pdf-719-54-ko--b2b3b880a6.pdf	https://eduscol.education.gouv.fr/5793/programmes-et-ressources-en-francais-voie-gt	8	CLEARED	OFFICIAL_SNAPSHOT_NETWORK_UNVERIFIABLE	reproduction_or_third_party:p2,reproduction_or_third_party:p3,reproduction_or_third_party:p4,reproduction_or_third_party:p5,reproduction_or_third_party:p6,reproduction_or_third_party:p7,reproduction_or_third_party:p8	false	PENDING	PENDING	PENDING	PENDING	PENDING	PENDING	PENDING	PENDING	PENDING	PENDING	PENDING	PENDING
b51fdf6b1dede7bd216d553c8106827b3f9f5b4aab0280ecb2001550d81a19ee	v4	rag_nexus_nsi_premiere_specialite,rag_nexus_nsi_terminale_specialite	01_EDUSCOL_OFFICIEL/LYCEE/TRANSVERSAL_MULTI_NIVEAUX/80_A_VERIFIER/NSI/04_EVALUATIONS_EXAMENS/2023/sujet-a-pdf-244-75-ko--b51fdf6b1d.pdf	https://eduscol.education.gouv.fr/5823/programmes-et-ressources-en-numerique-et-sciences-informatiques-voie-g	14	CLEARED	OFFICIAL_SNAPSHOT_NETWORK_UNVERIFIABLE	NONE_DETECTED	false	PENDING	PENDING	PENDING	PENDING	PENDING	PENDING	PENDING	PENDING	PENDING	PENDING	PENDING	PENDING
b54b6422d0eb2fb906e6ad6c79a2e95e6cae00e3fa113da5f7499eee4cc53ae7	v4	rag_nexus_hlp_premiere_specialite,rag_nexus_hlp_terminale_specialite	01_EDUSCOL_OFFICIEL/LYCEE/SECONDE/HLP/01_PROGRAMMES_OFFICIELS/2021/seconde-generale-et-technologique-bo-special-n-1-du-22-janvier-2019-modifie-en-2020-pdf-275-51-ko--b54b6422d0.pdf	https://eduscol.education.gouv.fr/sites/default/files/document/04-annexe1francais2ebomodifiepdf-69834.pdf	13	CLEARED	OFFICIAL_SNAPSHOT_NETWORK_UNVERIFIABLE	reproduction_or_third_party:p1,reproduction_or_third_party:p2,reproduction_or_third_party:p3,reproduction_or_third_party:p4,reproduction_or_third_party:p5,reproduction_or_third_party:p6,reproduction_or_third_party:p7,reproduction_or_third_party:p8,reproduction_or_third_party:p9,reproduction_or_third_party:p10,reproduction_or_third_party:p11,reproduction_or_third_party:p12,reproduction_or_third_party:p13	false	PENDING	PENDING	PENDING	PENDING	PENDING	PENDING	PENDING	PENDING	PENDING	PENDING	PENDING	PENDING
b7f4b80a0b1518522a2168ba7725fe9935cebe8abc9581962a89ea4a4d213d6b	v4	rag_nexus_nsi_premiere_specialite,rag_nexus_nsi_terminale_specialite	01_EDUSCOL_OFFICIEL/LYCEE/TRANSVERSAL_MULTI_NIVEAUX/80_A_VERIFIER/NSI/07_DIAPORAMAS_SUPPORTS/2020/recherche-dichotomique-pdf-154-65-ko--b7f4b80a0b.pdf	https://eduscol.education.gouv.fr/5823/programmes-et-ressources-en-numerique-et-sciences-informatiques-voie-g	5	CLEARED	OFFICIAL_SNAPSHOT_NETWORK_UNVERIFIABLE	NONE_DETECTED	false	PENDING	PENDING	PENDING	PENDING	PENDING	PENDING	PENDING	PENDING	PENDING	PENDING	PENDING	PENDING
b81201b857c67e4e928a079cfe9d5b9b402537d0101bfccc730465631d5e8376	v4	rag_nexus_hlp_premiere_specialite,rag_nexus_hlp_terminale_specialite	01_EDUSCOL_OFFICIEL/LYCEE/TRANSVERSAL_MULTI_NIVEAUX/10_ACTUEL_CONFIRME/_MULTI_DISCIPLINES/01_PROGRAMMES_OFFICIELS/2023/choix-de-textes-pour-le-parcours-emancipations-creatrices-pdf-154-1-ko--b81201b857.pdf	https://eduscol.education.gouv.fr/5793/programmes-et-ressources-en-francais-voie-gt	7	CLEARED	OFFICIAL_SNAPSHOT_NETWORK_UNVERIFIABLE	NONE_DETECTED	false	PENDING	PENDING	PENDING	PENDING	PENDING	PENDING	PENDING	PENDING	PENDING	PENDING	PENDING	PENDING
b826be9b151801ff936a29859b36b68cd2febca6870dca8e9dd842894f83dd80	v4	rag_nexus_nsi_premiere_specialite,rag_nexus_nsi_terminale_specialite	01_EDUSCOL_OFFICIEL/LYCEE/PREMIERE/NSI/07_DIAPORAMAS_SUPPORTS/2019/representation-des-entiers-relatifs-pdf-142-45-ko--b826be9b15.pdf	https://eduscol.education.gouv.fr/5823/programmes-et-ressources-en-numerique-et-sciences-informatiques-voie-g	5	CLEARED	OFFICIAL_SNAPSHOT_NETWORK_UNVERIFIABLE	NONE_DETECTED	false	PENDING	PENDING	PENDING	PENDING	PENDING	PENDING	PENDING	PENDING	PENDING	PENDING	PENDING	PENDING
b88b5c685ec05d44b0c22d64f491443759fc0f544fe9ad33e626fb6cc29bf65a	v4	rag_nexus_hlp_premiere_specialite,rag_nexus_hlp_terminale_specialite	01_EDUSCOL_OFFICIEL/LYCEE/TRANSVERSAL_MULTI_NIVEAUX/10_ACTUEL_CONFIRME/_MULTI_DISCIPLINES/01_PROGRAMMES_OFFICIELS/2021/premieres-generale-et-technologique-bo-special-n-1-du-22-janvier-2019-modifie-en-2020-pdf-279-4-ko--b88b5c685e.pdf	https://eduscol.education.gouv.fr/sites/default/files/document/04annexe2francais1egtbomodifiepdf-69837.pdf	14	CLEARED	OFFICIAL_SNAPSHOT_NETWORK_UNVERIFIABLE	reproduction_or_third_party:p1,reproduction_or_third_party:p2,reproduction_or_third_party:p3,reproduction_or_third_party:p4,reproduction_or_third_party:p5,reproduction_or_third_party:p6,reproduction_or_third_party:p7,reproduction_or_third_party:p8,reproduction_or_third_party:p9,reproduction_or_third_party:p10,reproduction_or_third_party:p11,reproduction_or_third_party:p12,reproduction_or_third_party:p13,reproduction_or_third_party:p14	false	PENDING	PENDING	PENDING	PENDING	PENDING	PENDING	PENDING	PENDING	PENDING	PENDING	PENDING	PENDING
b8ff5e625242cf7c6062ca576ba30efe18471b272f68fe0023b90b0a9247435d	v5	rag_nexus_hggsp_premiere_specialite,rag_nexus_hggsp_terminale_specialite	01_EDUSCOL_OFFICIEL/LYCEE/TRANSVERSAL_MULTI_NIVEAUX/80_A_VERIFIER/HGGSP/03_RESSOURCES_ACCOMPAGNEMENT/2024/l-enjeu-de-la-connaissance-pdf-511-12-ko--b8ff5e6252.pdf	https://eduscol.education.gouv.fr/5802/programmes-et-ressources-en-histoire-geographie-geopolitique-et-sciences-politiques-voie-g	42	CLEARED	OFFICIAL_SNAPSHOT_NETWORK_UNVERIFIABLE	NONE_DETECTED	false	PENDING	PENDING	PENDING	PENDING	PENDING	PENDING	PENDING	PENDING	PENDING	PENDING	PENDING	PENDING
ba4338fc39ab0bcd81bd1c3870f9fece6493942900ae2153e03e7873df505fa5	v4	rag_nexus_hlp_premiere_specialite	01_EDUSCOL_OFFICIEL/LYCEE/TRANSVERSAL_MULTI_NIVEAUX/80_A_VERIFIER/_MULTI_DISCIPLINES/07_DIAPORAMAS_SUPPORTS/2019/explication-exemple-de-mise-en-uvre--ba4338fc39.pdf	https://eduscol.education.gouv.fr/5793/programmes-et-ressources-en-francais-voie-gt	5	CLEARED	OFFICIAL_SNAPSHOT_NETWORK_UNVERIFIABLE	NONE_DETECTED	false	PENDING	PENDING	PENDING	PENDING	PENDING	PENDING	PENDING	PENDING	PENDING	PENDING	PENDING	PENDING
ba9710a110b7c9f4ebed80bcd04ec8e388b7090a26e553b3b593acf1e1d67b63	v4	rag_nexus_hlp_premiere_specialite,rag_nexus_hlp_terminale_specialite	01_EDUSCOL_OFFICIEL/LYCEE/TRANSVERSAL_MULTI_NIVEAUX/20_TRANSITION_OU_ACTUEL/_MULTI_DISCIPLINES/01_PROGRAMMES_OFFICIELS/2026/voie-generale-chretien-de-troyes-le-chevalier-de-la-charrette-edition-bilingue-parcours-le-roman-et-l-invention-de-l-amour-pdf-91--ba9710a110.pdf	https://eduscol.education.gouv.fr/5793/programmes-et-ressources-en-francais-voie-gt	2	CLEARED	OFFICIAL_SNAPSHOT_NETWORK_UNVERIFIABLE	NONE_DETECTED	false	PENDING	PENDING	PENDING	PENDING	PENDING	PENDING	PENDING	PENDING	PENDING	PENDING	PENDING	PENDING
bb05c76e427d8404506ff8aa13c6cc4bb37ebe511beaa255c50e6670f8b8e67e	v4	rag_nexus_hlp_premiere_specialite,rag_nexus_hlp_terminale_specialite	01_EDUSCOL_OFFICIEL/LYCEE/TRANSVERSAL_MULTI_NIVEAUX/20_TRANSITION_OU_ACTUEL/_MULTI_DISCIPLINES/01_PROGRAMMES_OFFICIELS/2026/voie-technologique-chretien-de-troyes-le-chevalier-de-la-charrette-edition-bilingue-parcours-heroisme-et-amour-pdf-90-36-ko--bb05c76e42.pdf	https://eduscol.education.gouv.fr/5793/programmes-et-ressources-en-francais-voie-gt	2	CLEARED	OFFICIAL_SNAPSHOT_NETWORK_UNVERIFIABLE	NONE_DETECTED	false	PENDING	PENDING	PENDING	PENDING	PENDING	PENDING	PENDING	PENDING	PENDING	PENDING	PENDING	PENDING
bcd367580db1b1a228d0655dee9c3d463680d9c9a5c5fcd400f283e3d0e79619	v4	rag_nexus_ses_premiere_specialite,rag_nexus_ses_terminale_specialite	01_EDUSCOL_OFFICIEL/LYCEE/TRANSVERSAL_MULTI_NIVEAUX/80_A_VERIFIER/SES/03_RESSOURCES_ACCOMPAGNEMENT/2025/comment-la-socialisation-contribue-t-elle-a-expliquer-les-differences-de-comportement-des-individus-pdf-219-09-ko--bcd367580d.pdf	https://eduscol.education.gouv.fr/5838/programmes-et-ressources-en-sciences-economiques-et-sociales-voie-gt	11	CLEARED	OFFICIAL_SNAPSHOT_NETWORK_UNVERIFIABLE	NONE_DETECTED	false	PENDING	PENDING	PENDING	PENDING	PENDING	PENDING	PENDING	PENDING	PENDING	PENDING	PENDING	PENDING
bce945c221de929f175d2a4adc9703b3a4945a1c535263aca128554446024be0	v4	rag_nexus_dgemc_terminale_option	01_EDUSCOL_OFFICIEL/LYCEE/TRANSVERSAL_MULTI_NIVEAUX/80_A_VERIFIER/DGEMC/06_GUIDES/2022/lettre-edunum-histoire-geographie-n-51--bce945c221.pdf	https://eduscol.education.gouv.fr/6660/ressources-pedagogiques-pour-mieux-connaitre-l-europe	8	CLEARED	OFFICIAL_SNAPSHOT_NETWORK_UNVERIFIABLE	NONE_DETECTED	false	PENDING	PENDING	PENDING	PENDING	PENDING	PENDING	PENDING	PENDING	PENDING	PENDING	PENDING	PENDING
c1e6b395b9dfebd81c5b9f7ffd77579a6f65a7b44e7208e054aea97ca6a603e7	v4	rag_nexus_hlp_premiere_specialite,rag_nexus_hlp_terminale_specialite	01_EDUSCOL_OFFICIEL/LYCEE/TRANSVERSAL_MULTI_NIVEAUX/80_A_VERIFIER/_MULTI_DISCIPLINES/01_PROGRAMMES_OFFICIELS/2024/mes-forets-et-la-poesie-de-la-nature-etude-comparee-pdf-145-72-ko--c1e6b395b9.pdf	https://eduscol.education.gouv.fr/5793/programmes-et-ressources-en-francais-voie-gt	8	CLEARED	OFFICIAL_SNAPSHOT_NETWORK_UNVERIFIABLE	NONE_DETECTED	false	PENDING	PENDING	PENDING	PENDING	PENDING	PENDING	PENDING	PENDING	PENDING	PENDING	PENDING	PENDING
c2eccccaa1113c97750878935c46ebfe4da42b8d3f3d358b92b8d582d72cabec	v5	rag_nexus_hggsp_premiere_specialite,rag_nexus_hggsp_terminale_specialite	01_EDUSCOL_OFFICIEL/LYCEE/TERMINALE/HGGSP/01_PROGRAMMES_OFFICIELS/2019/terminale-technologique-bo-special-n-8-du-25-juillet-2019-pdf-314-84-ko--c2eccccaa1.pdf	https://eduscol.education.gouv.fr/5799/programmes-et-ressources-en-histoire-geographie-voie-gt	13	CLEARED	OFFICIAL_SNAPSHOT_NETWORK_UNVERIFIABLE	reproduction_or_third_party:p1,reproduction_or_third_party:p2,reproduction_or_third_party:p3,reproduction_or_third_party:p4,reproduction_or_third_party:p5,reproduction_or_third_party:p6,reproduction_or_third_party:p7,reproduction_or_third_party:p8,reproduction_or_third_party:p9,reproduction_or_third_party:p10,reproduction_or_third_party:p11,reproduction_or_third_party:p12,reproduction_or_third_party:p13	false	PENDING	PENDING	PENDING	PENDING	PENDING	PENDING	PENDING	PENDING	PENDING	PENDING	PENDING	PENDING
c457195d78009475a3a9d021a36c9f5fbbcda0b1390af79430a63ea07c259ffc	v5	rag_nexus_hggsp_premiere_specialite	01_EDUSCOL_OFFICIEL/LYCEE/TRANSVERSAL_MULTI_NIVEAUX/80_A_VERIFIER/_MULTI_DISCIPLINES/09_AUTRES/2020/les-espaces-ruraux-une-multifonctionnalite-toujours-plus-marquee-pdf-198-72-ko--c457195d78.pdf	https://eduscol.education.gouv.fr/5799/programmes-et-ressources-en-histoire-geographie-voie-gt	8	CLEARED	OFFICIAL_SNAPSHOT_NETWORK_UNVERIFIABLE	NONE_DETECTED	false	PENDING	PENDING	PENDING	PENDING	PENDING	PENDING	PENDING	PENDING	PENDING	PENDING	PENDING	PENDING
c5bac2ab5072178f7e76c0098cb22b8bb32dd78b8164f328fc9867ec5736d784	v5	rag_nexus_hggsp_premiere_specialite,rag_nexus_hggsp_terminale_specialite	01_EDUSCOL_OFFICIEL/LYCEE/TRANSVERSAL_MULTI_NIVEAUX/80_A_VERIFIER/HGGSP/03_RESSOURCES_ACCOMPAGNEMENT/2025/identifier-proteger-et-valoriser-le-patrimoine-enjeux-geopolitiques-pdf-541-83-ko--c5bac2ab50.pdf	https://eduscol.education.gouv.fr/5802/programmes-et-ressources-en-histoire-geographie-geopolitique-et-sciences-politiques-voie-g	44	CLEARED	OFFICIAL_SNAPSHOT_NETWORK_UNVERIFIABLE	NONE_DETECTED	false	PENDING	PENDING	PENDING	PENDING	PENDING	PENDING	PENDING	PENDING	PENDING	PENDING	PENDING	PENDING
c6af1ff6a268086dd12262f93a6c5412dead79ba1b2d8ab2b74ffbffc0fb16ae	v4	rag_nexus_nsi_premiere_specialite,rag_nexus_nsi_terminale_specialite	01_EDUSCOL_OFFICIEL/LYCEE/PREMIERE/NSI/01_PROGRAMMES_OFFICIELS/2019/p-uplets-nommes-et-dictionnaires-pdf-158-82-ko--c6af1ff6a2.pdf	https://eduscol.education.gouv.fr/5823/programmes-et-ressources-en-numerique-et-sciences-informatiques-voie-g	8	CLEARED	OFFICIAL_SNAPSHOT_NETWORK_UNVERIFIABLE	NONE_DETECTED	false	PENDING	PENDING	PENDING	PENDING	PENDING	PENDING	PENDING	PENDING	PENDING	PENDING	PENDING	PENDING
c6f6325b0fd1096e4d1980b49066fc04e46d45d7152ca97951a5d8ee308d9ba7	v4	rag_nexus_hlp_premiere_specialite,rag_nexus_hlp_terminale_specialite	01_EDUSCOL_OFFICIEL/LYCEE/TRANSVERSAL_MULTI_NIVEAUX/80_A_VERIFIER/_MULTI_DISCIPLINES/01_PROGRAMMES_OFFICIELS/2025/francoise-de-graffigny-lettres-d-une-peruvienne-parcours-un-nouvel-univers-s-est-offert-a-mes-yeux-pdf-108-13-ko--c6f6325b0f.pdf	https://eduscol.education.gouv.fr/5793/programmes-et-ressources-en-francais-voie-gt	3	CLEARED	OFFICIAL_SNAPSHOT_NETWORK_UNVERIFIABLE	NONE_DETECTED	false	PENDING	PENDING	PENDING	PENDING	PENDING	PENDING	PENDING	PENDING	PENDING	PENDING	PENDING	PENDING
c9c42a940d44eb01f132cc8533237c8aed877be94c05746b9bad7f7227de0cc5	v4	rag_nexus_hlp_premiere_specialite,rag_nexus_hlp_terminale_specialite	01_EDUSCOL_OFFICIEL/LYCEE/TRANSVERSAL_MULTI_NIVEAUX/80_A_VERIFIER/_MULTI_DISCIPLINES/03_RESSOURCES_ACCOMPAGNEMENT/2026/les-entretiens-des-astres-a-la-pensee-recit-d-une-revolution-pdf-154-01-ko--c9c42a940d.pdf	https://eduscol.education.gouv.fr/5793/programmes-et-ressources-en-francais-voie-gt	10	CLEARED	OFFICIAL_SNAPSHOT_NETWORK_UNVERIFIABLE	NONE_DETECTED	false	PENDING	PENDING	PENDING	PENDING	PENDING	PENDING	PENDING	PENDING	PENDING	PENDING	PENDING	PENDING
ca9fd35fd9b1691d381d9dc605865f7ea6533dd62366e2846f4f1d80fb0af2cb	v4	rag_nexus_ses_premiere_specialite,rag_nexus_ses_terminale_specialite	01_EDUSCOL_OFFICIEL/LYCEE/TRANSVERSAL_MULTI_NIVEAUX/80_A_VERIFIER/SES/03_RESSOURCES_ACCOMPAGNEMENT/2023/premiere-quel-est-le-lien-entre-la-fragilite-financiere-le-surendettement-et-le-risque-d-exclusion-sociale-pdf-532-99-ko--ca9fd35fd9.pdf	https://eduscol.education.gouv.fr/5838/programmes-et-ressources-en-sciences-economiques-et-sociales-voie-gt	10	CLEARED	OFFICIAL_SNAPSHOT_NETWORK_UNVERIFIABLE	NONE_DETECTED	false	PENDING	PENDING	PENDING	PENDING	PENDING	PENDING	PENDING	PENDING	PENDING	PENDING	PENDING	PENDING
cbc5415887bdad979236635b07645938e0792f0bc1bfad653e43de54830a51d0	v4	rag_nexus_hlp_premiere_specialite	01_EDUSCOL_OFFICIEL/LYCEE/PREMIERE/HLP/03_RESSOURCES_ACCOMPAGNEMENT/2021/groupement-de-textes-n-1-il-faut-que-la-parole-brule-pdf-126-38-ko--cbc5415887.pdf	https://eduscol.education.gouv.fr/5805/programmes-et-ressources-en-humanites-litterature-et-philosophie-voie-g	6	CLEARED	OFFICIAL_SNAPSHOT_NETWORK_UNVERIFIABLE	NONE_DETECTED	false	PENDING	PENDING	PENDING	PENDING	PENDING	PENDING	PENDING	PENDING	PENDING	PENDING	PENDING	PENDING
ce5d291cbba2dfe07911618a1fcacd58be8056a476a3aa659e115d2bd50e0255	v4	rag_nexus_hlp_terminale_specialite	01_EDUSCOL_OFFICIEL/LYCEE/TERMINALE/FRANCAIS/05_ANNALES_SUJETS_CORRIGES/2020/sujet-zero-n-3-commente-le-grand-combat-d-henri-michaux-pdf-125-44-ko--ce5d291cbb.pdf	https://eduscol.education.gouv.fr/5805/programmes-et-ressources-en-humanites-litterature-et-philosophie-voie-g	5	CLEARED	OFFICIAL_SNAPSHOT_NETWORK_UNVERIFIABLE	NONE_DETECTED	false	PENDING	PENDING	PENDING	PENDING	PENDING	PENDING	PENDING	PENDING	PENDING	PENDING	PENDING	PENDING
cef9d77b41dd2f384de04eeea7bbfb8c06d7a227edb0f266759c46fe1cef3139	v4	rag_nexus_hlp_premiere_specialite,rag_nexus_hlp_terminale_specialite	01_EDUSCOL_OFFICIEL/LYCEE/TRANSVERSAL_MULTI_NIVEAUX/80_A_VERIFIER/_MULTI_DISCIPLINES/03_RESSOURCES_ACCOMPAGNEMENT/2025/le-gout-de-la-science-parcours-dans-les-entretiens-sur-la-pluralite-des-mondes-de-fontenelle-pdf-588-4-ko--cef9d77b41.pdf	https://eduscol.education.gouv.fr/5793/programmes-et-ressources-en-francais-voie-gt	62	CLEARED	OFFICIAL_SNAPSHOT_NETWORK_UNVERIFIABLE	reproduction_or_third_party:p51	false	PENDING	PENDING	PENDING	PENDING	PENDING	PENDING	PENDING	PENDING	PENDING	PENDING	PENDING	PENDING
d056b7ce1d0151e0c18a94f55cedeaee00e1725876b179671a53dc1af71f4938	v4	rag_nexus_hlp_premiere_specialite,rag_nexus_hlp_terminale_specialite	01_EDUSCOL_OFFICIEL/LYCEE/TRANSVERSAL_MULTI_NIVEAUX/80_A_VERIFIER/_MULTI_DISCIPLINES/01_PROGRAMMES_OFFICIELS/2024/reecritures-de-corneille-pdf-198-91-ko--d056b7ce1d.pdf	https://eduscol.education.gouv.fr/5793/programmes-et-ressources-en-francais-voie-gt	8	CLEARED	OFFICIAL_SNAPSHOT_NETWORK_UNVERIFIABLE	NONE_DETECTED	false	PENDING	PENDING	PENDING	PENDING	PENDING	PENDING	PENDING	PENDING	PENDING	PENDING	PENDING	PENDING
d05da0bb13bdad4745e0310f24bdab1bcd7df5bfa0a99fbc7ae4238898e220b2	v4	rag_nexus_nsi_terminale_specialite	01_EDUSCOL_OFFICIEL/LYCEE/TRANSVERSAL_MULTI_NIVEAUX/80_A_VERIFIER/NSI/03_RESSOURCES_ACCOMPAGNEMENT/2021/securisation-des-communications-pdf-874-59-ko--d05da0bb13.pdf	https://eduscol.education.gouv.fr/5823/programmes-et-ressources-en-numerique-et-sciences-informatiques-voie-g	12	DETECTED_REVIEWED_ACCEPTED	OFFICIAL_SNAPSHOT_NETWORK_UNVERIFIABLE	NONE_DETECTED	false	PENDING	PENDING	PENDING	PENDING	PENDING	PENDING	PENDING	PENDING	PENDING	PENDING	PENDING	PENDING
d0b3f386a7cd65409702d0614bf7610c692c70aebfc1b022e0722aea0c068e74	v4	rag_nexus_hlp_premiere_specialite,rag_nexus_hlp_terminale_specialite	01_EDUSCOL_OFFICIEL/LYCEE/TRANSVERSAL_MULTI_NIVEAUX/80_A_VERIFIER/_MULTI_DISCIPLINES/01_PROGRAMMES_OFFICIELS/2024/le-menteur-mensonge-et-comedie-les-multiples-visages-du-mensonge-pdf-132-24-ko--d0b3f386a7.pdf	https://eduscol.education.gouv.fr/5793/programmes-et-ressources-en-francais-voie-gt	5	CLEARED	OFFICIAL_SNAPSHOT_NETWORK_UNVERIFIABLE	NONE_DETECTED	false	PENDING	PENDING	PENDING	PENDING	PENDING	PENDING	PENDING	PENDING	PENDING	PENDING	PENDING	PENDING
d0ebbd83f4578c0e0f69c80128c1afd4cf0d93500d42f24ca3e7255d8b444679	v4	rag_nexus_nsi_terminale_specialite	01_EDUSCOL_OFFICIEL/LYCEE/TRANSVERSAL_MULTI_NIVEAUX/80_A_VERIFIER/NSI/07_DIAPORAMAS_SUPPORTS/2021/implantation-des-arbres-binaires-de-recherche-a-l-aide-de-la-pool-pdf-368-54-ko--d0ebbd83f4.pdf	https://eduscol.education.gouv.fr/5823/programmes-et-ressources-en-numerique-et-sciences-informatiques-voie-g	15	CLEARED	OFFICIAL_SNAPSHOT_NETWORK_UNVERIFIABLE	NONE_DETECTED	false	PENDING	PENDING	PENDING	PENDING	PENDING	PENDING	PENDING	PENDING	PENDING	PENDING	PENDING	PENDING
d22bdad4ec497c898a5ce3047e8150d3539505520c5852805ea73b50835bd860	v4	rag_nexus_hlp_premiere_specialite	01_EDUSCOL_OFFICIEL/LYCEE/PREMIERE/HLP/04_EVALUATIONS_EXAMENS/2019/exemple-pour-une-classe-de-premiere-avec-questions-de-grammaire--d22bdad4ec.pdf	https://eduscol.education.gouv.fr/5793/programmes-et-ressources-en-francais-voie-gt	7	CLEARED	OFFICIAL_SNAPSHOT_NETWORK_UNVERIFIABLE	NONE_DETECTED	false	PENDING	PENDING	PENDING	PENDING	PENDING	PENDING	PENDING	PENDING	PENDING	PENDING	PENDING	PENDING
d271b5ae5aa15bc0ef4c9e7da050d3b78b19ad079a259db4379247f674759c52	v5	rag_nexus_hggsp_premiere_specialite,rag_nexus_hggsp_terminale_specialite	01_EDUSCOL_OFFICIEL/LYCEE/TERMINALE/HGGSP/03_RESSOURCES_ACCOMPAGNEMENT/2025/la-ressource-enseigner-la-participation-des-juifs-a-l-histoire-de-france-pdf-7-92-mo--d271b5ae5a.pdf	https://eduscol.education.gouv.fr/5802/programmes-et-ressources-en-histoire-geographie-geopolitique-et-sciences-politiques-voie-g	36	CLEARED	OFFICIAL_SNAPSHOT_NETWORK_UNVERIFIABLE	reproduction_or_third_party:p35	false	PENDING	PENDING	PENDING	PENDING	PENDING	PENDING	PENDING	PENDING	PENDING	PENDING	PENDING	PENDING
d2cbd06f2e8099d9080f17f3abb5b0fc90460b86b3c11f808b99daa01f77f897	v4	rag_nexus_svt_terminale_specialite	01_EDUSCOL_OFFICIEL/LYCEE/TRANSVERSAL_MULTI_NIVEAUX/10_ACTUEL_CONFIRME/SVT/01_PROGRAMMES_OFFICIELS/2019/specialite-svt-de-terminale-generale-bo-special-n-8-du-25-juillet-2019-pdf-455-06-ko--d2cbd06f2e.pdf	https://eduscol.education.gouv.fr/sites/default/files/document/spe252annexe1159114pdf-82881.pdf	27	CLEARED	OFFICIAL_SNAPSHOT_NETWORK_UNVERIFIABLE	reproduction_or_third_party:p1,reproduction_or_third_party:p2,reproduction_or_third_party:p3,reproduction_or_third_party:p4,reproduction_or_third_party:p5,reproduction_or_third_party:p6,reproduction_or_third_party:p7,reproduction_or_third_party:p8,reproduction_or_third_party:p9,reproduction_or_third_party:p10,reproduction_or_third_party:p11,reproduction_or_third_party:p12,reproduction_or_third_party:p13,reproduction_or_third_party:p14,reproduction_or_third_party:p15,reproduction_or_third_party:p16,reproduction_or_third_party:p17,reproduction_or_third_party:p18,reproduction_or_third_party:p19,reproduction_or_third_party:p20,reproduction_or_third_party:p21,reproduction_or_third_party:p22,reproduction_or_third_party:p23,reproduction_or_third_party:p24,reproduction_or_third_party:p25,reproduction_or_third_party:p26,reproduction_or_third_party:p27	false	PENDING	PENDING	PENDING	PENDING	PENDING	PENDING	PENDING	PENDING	PENDING	PENDING	PENDING	PENDING
d3d16eb28582b1fd999be4f290c0b2c32e8d26defdf83b4ba88dd079bc3f4dc9	v4	rag_nexus_hlp_premiere_specialite,rag_nexus_hlp_terminale_specialite	01_EDUSCOL_OFFICIEL/LYCEE/TRANSVERSAL_MULTI_NIVEAUX/20_TRANSITION_OU_ACTUEL/_MULTI_DISCIPLINES/01_PROGRAMMES_OFFICIELS/2026/voie-generale-emile-zola-pot-bouille-parcours-devoiler-les-rouages-de-la-societe-pdf-104-61-ko--d3d16eb285.pdf	https://eduscol.education.gouv.fr/5793/programmes-et-ressources-en-francais-voie-gt	3	CLEARED	OFFICIAL_SNAPSHOT_NETWORK_UNVERIFIABLE	NONE_DETECTED	false	PENDING	PENDING	PENDING	PENDING	PENDING	PENDING	PENDING	PENDING	PENDING	PENDING	PENDING	PENDING
d5333d2aa4c07c6d1d52c5b0b75eae03acd880b983a0fed74c23672b23328f06	v4	rag_nexus_ses_premiere_specialite,rag_nexus_ses_terminale_specialite	01_EDUSCOL_OFFICIEL/LYCEE/TRANSVERSAL_MULTI_NIVEAUX/80_A_VERIFIER/SES/03_RESSOURCES_ACCOMPAGNEMENT/2023/terminale-la-politique-monetaire-peut-elle-contribuer-a-verdir-l-economie-pdf-802-49-ko--d5333d2aa4.pdf	https://eduscol.education.gouv.fr/5838/programmes-et-ressources-en-sciences-economiques-et-sociales-voie-gt	16	CLEARED	OFFICIAL_SNAPSHOT_NETWORK_UNVERIFIABLE	NONE_DETECTED	false	PENDING	PENDING	PENDING	PENDING	PENDING	PENDING	PENDING	PENDING	PENDING	PENDING	PENDING	PENDING
d5383995988f9669949777f189fcf55dfb74d37de230bcc20d6089196a19cfa1	v5	rag_nexus_hggsp_premiere_specialite,rag_nexus_hggsp_terminale_specialite	01_EDUSCOL_OFFICIEL/LYCEE/PREMIERE/HGGSP/04_EVALUATIONS_EXAMENS/2019/specialite-histoire-geographie-geopolitique-et-sciences-politiques-en-premiere-bo-special-n-1-du-22-janvier-2019-pdf-191-51-ko--d538399598.pdf	https://eduscol.education.gouv.fr/5802/programmes-et-ressources-en-histoire-geographie-geopolitique-et-sciences-politiques-voie-g	9	CLEARED	OFFICIAL_SNAPSHOT_NETWORK_UNVERIFIABLE	reproduction_or_third_party:p1,reproduction_or_third_party:p2,reproduction_or_third_party:p3,reproduction_or_third_party:p4,reproduction_or_third_party:p5,reproduction_or_third_party:p6,reproduction_or_third_party:p7,reproduction_or_third_party:p8,reproduction_or_third_party:p9	false	PENDING	PENDING	PENDING	PENDING	PENDING	PENDING	PENDING	PENDING	PENDING	PENDING	PENDING	PENDING
d55e07e0278c717609a63bd968b63dcc8c16f6f0cc8426ba97e542a2d6ebe68a	v4	rag_nexus_hlp_premiere_specialite,rag_nexus_hlp_terminale_specialite	01_EDUSCOL_OFFICIEL/LYCEE/TRANSVERSAL_MULTI_NIVEAUX/80_A_VERIFIER/_MULTI_DISCIPLINES/01_PROGRAMMES_OFFICIELS/2024/le-menteur-mensonge-et-comedie-la-verite-du-mensonge-pdf-170-07-ko--d55e07e027.pdf	https://eduscol.education.gouv.fr/5793/programmes-et-ressources-en-francais-voie-gt	7	CLEARED	OFFICIAL_SNAPSHOT_NETWORK_UNVERIFIABLE	NONE_DETECTED	false	PENDING	PENDING	PENDING	PENDING	PENDING	PENDING	PENDING	PENDING	PENDING	PENDING	PENDING	PENDING
d604d6a97323968ad6efca34cc1debc4e857a5cc2ef916df7ce9e95df181feef	v4	rag_nexus_hlp_premiere_specialite	01_EDUSCOL_OFFICIEL/LYCEE/PREMIERE/HLP/09_AUTRES/2019/exemple-pour-une-classe-de-premiere-technologique--d604d6a973.pdf	https://eduscol.education.gouv.fr/5793/programmes-et-ressources-en-francais-voie-gt	5	CLEARED	OFFICIAL_SNAPSHOT_NETWORK_UNVERIFIABLE	NONE_DETECTED	false	PENDING	PENDING	PENDING	PENDING	PENDING	PENDING	PENDING	PENDING	PENDING	PENDING	PENDING	PENDING
d653aded882a487ae98c38d28ab15b59b3b66964b816efa2867bfb18f29e378a	v4	rag_nexus_hlp_premiere_specialite,rag_nexus_hlp_terminale_specialite	01_EDUSCOL_OFFICIEL/LYCEE/TRANSVERSAL_MULTI_NIVEAUX/80_A_VERIFIER/_MULTI_DISCIPLINES/01_PROGRAMMES_OFFICIELS/2025/lire-se-representer-creer-pdf-174-16-ko--d653aded88.pdf	https://eduscol.education.gouv.fr/5793/programmes-et-ressources-en-francais-voie-gt	6	CLEARED	OFFICIAL_SNAPSHOT_NETWORK_UNVERIFIABLE	NONE_DETECTED	false	PENDING	PENDING	PENDING	PENDING	PENDING	PENDING	PENDING	PENDING	PENDING	PENDING	PENDING	PENDING
d69598e3c162b0fbd49ceae704dcca347d792f738d13eb2164454452888f3af6	v4	rag_nexus_ses_premiere_specialite,rag_nexus_ses_terminale_specialite	01_EDUSCOL_OFFICIEL/LYCEE/TRANSVERSAL_MULTI_NIVEAUX/80_A_VERIFIER/SES/03_RESSOURCES_ACCOMPAGNEMENT/2023/premiere-quel-financement-des-agents-economiques-en-periode-de-crise-pdf-1-46-mo--d69598e3c1.pdf	https://eduscol.education.gouv.fr/5838/programmes-et-ressources-en-sciences-economiques-et-sociales-voie-gt	14	CLEARED	OFFICIAL_SNAPSHOT_NETWORK_UNVERIFIABLE	NONE_DETECTED	false	PENDING	PENDING	PENDING	PENDING	PENDING	PENDING	PENDING	PENDING	PENDING	PENDING	PENDING	PENDING
d6a420b6eb491da8b167598f0926856bf3cb1f96f4a13d810cf818a88c31722a	v4	rag_nexus_hlp_premiere_specialite,rag_nexus_hlp_terminale_specialite	01_EDUSCOL_OFFICIEL/LYCEE/TRANSVERSAL_MULTI_NIVEAUX/80_A_VERIFIER/_MULTI_DISCIPLINES/01_PROGRAMMES_OFFICIELS/2023/ecrire-pour-s-emanciper-pdf-256-78-ko--d6a420b6eb.pdf	https://eduscol.education.gouv.fr/5793/programmes-et-ressources-en-francais-voie-gt	4	CLEARED	OFFICIAL_SNAPSHOT_NETWORK_UNVERIFIABLE	NONE_DETECTED	false	PENDING	PENDING	PENDING	PENDING	PENDING	PENDING	PENDING	PENDING	PENDING	PENDING	PENDING	PENDING
d9079f79992de3dbce0b238423d7f8a87273fcce74f8aa5bb17e25dc7dcd528a	v4	rag_nexus_hlp_premiere_specialite	01_EDUSCOL_OFFICIEL/LYCEE/PREMIERE/FRANCAIS/01_PROGRAMMES_OFFICIELS/2020/les-attendus-d-une-prestation-d-eleve-aux-eaf-en-explication-de-texte--d9079f7999.pdf	https://eduscol.education.gouv.fr/5793/programmes-et-ressources-en-francais-voie-gt	5	CLEARED	OFFICIAL_SNAPSHOT_NETWORK_UNVERIFIABLE	NONE_DETECTED	false	PENDING	PENDING	PENDING	PENDING	PENDING	PENDING	PENDING	PENDING	PENDING	PENDING	PENDING	PENDING
dbdf2a37a879c1c43b32fe27783d5f9932d1ff3095b2f9d88c9693610ef1b77e	v5	rag_nexus_hggsp_premiere_specialite,rag_nexus_hggsp_terminale_specialite	01_EDUSCOL_OFFICIEL/LYCEE/TRANSVERSAL_MULTI_NIVEAUX/80_A_VERIFIER/_MULTI_DISCIPLINES/09_AUTRES/2022/les-transformations-politiques-et-sociales-de-la-france-de-1848-a-1870-pdf-801-67-ko--dbdf2a37a8.pdf	https://eduscol.education.gouv.fr/5799/programmes-et-ressources-en-histoire-geographie-voie-gt	13	CLEARED	OFFICIAL_SNAPSHOT_NETWORK_UNVERIFIABLE	NONE_DETECTED	false	PENDING	PENDING	PENDING	PENDING	PENDING	PENDING	PENDING	PENDING	PENDING	PENDING	PENDING	PENDING
dfcc78f0d6a9d1122c839cc39e9e384bb71f49b42f05075f3534869b0a7bea6b	v4	rag_nexus_hlp_premiere_specialite,rag_nexus_hlp_terminale_specialite	01_EDUSCOL_OFFICIEL/LYCEE/TRANSVERSAL_MULTI_NIVEAUX/80_A_VERIFIER/_MULTI_DISCIPLINES/01_PROGRAMMES_OFFICIELS/2019/propositions-de-sujets-avec-un-support-question--dfcc78f0d6.pdf	https://eduscol.education.gouv.fr/5793/programmes-et-ressources-en-francais-voie-gt	33	CLEARED	OFFICIAL_SNAPSHOT_NETWORK_UNVERIFIABLE	NONE_DETECTED	false	PENDING	PENDING	PENDING	PENDING	PENDING	PENDING	PENDING	PENDING	PENDING	PENDING	PENDING	PENDING
e0c09c8e021de8b6932ab37be9519d5709c1068b86fe40f77da78d836ab909ef	v4	rag_nexus_svt_terminale_specialite	01_EDUSCOL_OFFICIEL/LYCEE/SECONDE/SVT/04_EVALUATIONS_EXAMENS/2021/l-insuffisance-surrenalienne-au-service-de-la-comprehension-de-l-axe-hypothalamohypophysocorticosurrenalien-dans-la-phase-de-resis--e0c09c8e02.pdf	https://eduscol.education.gouv.fr/5835/programmes-et-ressources-en-sciences-de-la-vie-et-de-la-terre-voie-gt	26	CLEARED	OFFICIAL_SNAPSHOT_NETWORK_UNVERIFIABLE	NONE_DETECTED	false	PENDING	PENDING	PENDING	PENDING	PENDING	PENDING	PENDING	PENDING	PENDING	PENDING	PENDING	PENDING
e1309f6255fbbc93d554c71b0ab2e98d176d27870edd15432d1b48a614d57294	v4	rag_nexus_svt_terminale_specialite	01_EDUSCOL_OFFICIEL/LYCEE/SECONDE/SVT/04_EVALUATIONS_EXAMENS/2020/trajectoires-et-strategies-d-attenuation-pdf-1-43-mo--e1309f6255.pdf	https://eduscol.education.gouv.fr/5835/programmes-et-ressources-en-sciences-de-la-vie-et-de-la-terre-voie-gt	17	DETECTED_REVIEWED_ACCEPTED	OFFICIAL_SNAPSHOT_NETWORK_UNVERIFIABLE	NONE_DETECTED	false	PENDING	PENDING	PENDING	PENDING	PENDING	PENDING	PENDING	PENDING	PENDING	PENDING	PENDING	PENDING
e20a163eb24d6a6d1b5e602887e8c6cd6c6f74e76f7b8ae1f798da6346100712	v4	rag_nexus_nsi_terminale_specialite	01_EDUSCOL_OFFICIEL/LYCEE/TERMINALE/NSI/07_DIAPORAMAS_SUPPORTS/2021/vocabulaire-de-la-programmation-objet-pdf-260-45-ko--e20a163eb2.pdf	https://eduscol.education.gouv.fr/5823/programmes-et-ressources-en-numerique-et-sciences-informatiques-voie-g	10	CLEARED	OFFICIAL_SNAPSHOT_NETWORK_UNVERIFIABLE	NONE_DETECTED	false	PENDING	PENDING	PENDING	PENDING	PENDING	PENDING	PENDING	PENDING	PENDING	PENDING	PENDING	PENDING
e20b73d10c46a2e681422756b7f981911d752fe8ae3721db4c0156a099070bdc	v4	rag_nexus_nsi_premiere_specialite,rag_nexus_nsi_terminale_specialite	01_EDUSCOL_OFFICIEL/LYCEE/PREMIERE/NSI/07_DIAPORAMAS_SUPPORTS/2019/representation-des-entiers-naturels-pdf-167-2-ko--e20b73d10c.pdf	https://eduscol.education.gouv.fr/5823/programmes-et-ressources-en-numerique-et-sciences-informatiques-voie-g	8	DETECTED_REVIEWED_ACCEPTED	OFFICIAL_SNAPSHOT_NETWORK_UNVERIFIABLE	NONE_DETECTED	false	PENDING	PENDING	PENDING	PENDING	PENDING	PENDING	PENDING	PENDING	PENDING	PENDING	PENDING	PENDING
e2ccc24fdbb1ff2a4cdf2fb9545b636d0591e4d22027e29bd32e367370f14401	v4	rag_nexus_ses_premiere_specialite,rag_nexus_ses_terminale_specialite	01_EDUSCOL_OFFICIEL/LYCEE/TRANSVERSAL_MULTI_NIVEAUX/80_A_VERIFIER/SES/03_RESSOURCES_ACCOMPAGNEMENT/2025/quels-sont-les-sources-et-les-defis-de-la-croissance-economique-pdf-353-97-ko--e2ccc24fdb.pdf	https://eduscol.education.gouv.fr/5838/programmes-et-ressources-en-sciences-economiques-et-sociales-voie-gt	13	CLEARED	OFFICIAL_SNAPSHOT_NETWORK_UNVERIFIABLE	NONE_DETECTED	false	PENDING	PENDING	PENDING	PENDING	PENDING	PENDING	PENDING	PENDING	PENDING	PENDING	PENDING	PENDING
e34d4b98c7567622889ee50407e9042f12554b31d1c6f5ed413f4cfcf8d32b87	v4	rag_nexus_hlp_premiere_specialite	01_EDUSCOL_OFFICIEL/LYCEE/TRANSVERSAL_MULTI_NIVEAUX/10_ACTUEL_CONFIRME/_MULTI_DISCIPLINES/04_EVALUATIONS_EXAMENS/2021/questions-d-evaluation-exercices-et-travaux-en-classe-partie-philosophie-pdf-160-68-ko--e34d4b98c7.pdf	https://eduscol.education.gouv.fr/5805/programmes-et-ressources-en-humanites-litterature-et-philosophie-voie-g	7	CLEARED	OFFICIAL_SNAPSHOT_NETWORK_UNVERIFIABLE	NONE_DETECTED	false	PENDING	PENDING	PENDING	PENDING	PENDING	PENDING	PENDING	PENDING	PENDING	PENDING	PENDING	PENDING
e351cede38793ec81892a2434fd6ba397c745a8dcc50bb56bcd9f86f2f89f6e9	v4	rag_nexus_hlp_premiere_specialite,rag_nexus_hlp_terminale_specialite	01_EDUSCOL_OFFICIEL/LYCEE/TRANSVERSAL_MULTI_NIVEAUX/80_A_VERIFIER/_MULTI_DISCIPLINES/03_RESSOURCES_ACCOMPAGNEMENT/2025/la-ressource-sur-la-forme-d-une-piece-la-maniere-dont-musset-fait-jouer-ensemble-le-c-ur-et-la-parole-fiche-3-pdf-130-94-ko--e351cede38.pdf	https://eduscol.education.gouv.fr/5793/programmes-et-ressources-en-francais-voie-gt	6	CLEARED	OFFICIAL_SNAPSHOT_NETWORK_UNVERIFIABLE	NONE_DETECTED	false	PENDING	PENDING	PENDING	PENDING	PENDING	PENDING	PENDING	PENDING	PENDING	PENDING	PENDING	PENDING
e3d153b233903bc20751437c4fc76728c0b58107802f88b6b1755acac5c2a0a7	v4	rag_nexus_hlp_premiere_specialite	01_EDUSCOL_OFFICIEL/LYCEE/TRANSVERSAL_MULTI_NIVEAUX/80_A_VERIFIER/_MULTI_DISCIPLINES/09_AUTRES/2019/exemple-de-corpus-pour-le-cercle-de-lecture--e3d153b233.pdf	https://eduscol.education.gouv.fr/5793/programmes-et-ressources-en-francais-voie-gt	7	CLEARED	OFFICIAL_SNAPSHOT_NETWORK_UNVERIFIABLE	NONE_DETECTED	false	PENDING	PENDING	PENDING	PENDING	PENDING	PENDING	PENDING	PENDING	PENDING	PENDING	PENDING	PENDING
e404ff947c3454abba84df66a01f9e6f875cf83f03796acf4bd1d12e1876880d	v4	rag_nexus_hlp_premiere_specialite,rag_nexus_hlp_terminale_specialite	01_EDUSCOL_OFFICIEL/LYCEE/TRANSVERSAL_MULTI_NIVEAUX/80_A_VERIFIER/_MULTI_DISCIPLINES/01_PROGRAMMES_OFFICIELS/2023/travailler-l-ecrit-avec-mes-forets-pdf-178-04-ko--e404ff947c.pdf	https://eduscol.education.gouv.fr/5793/programmes-et-ressources-en-francais-voie-gt	4	CLEARED	OFFICIAL_SNAPSHOT_NETWORK_UNVERIFIABLE	NONE_DETECTED	false	PENDING	PENDING	PENDING	PENDING	PENDING	PENDING	PENDING	PENDING	PENDING	PENDING	PENDING	PENDING
e40ccdafb9623c4642249eb68cf5a83a24da0ed3c05a658efe6b846a780dfc23	v4	rag_nexus_svt_terminale_specialite	01_EDUSCOL_OFFICIEL/LYCEE/SECONDE/SVT/09_AUTRES/2020/reconstituer-une-histoire-geologique-demarches-et-problematisation-pdf-237-68-ko--e40ccdafb9.pdf	https://eduscol.education.gouv.fr/5835/programmes-et-ressources-en-sciences-de-la-vie-et-de-la-terre-voie-gt	8	CLEARED	OFFICIAL_SNAPSHOT_NETWORK_UNVERIFIABLE	NONE_DETECTED	false	PENDING	PENDING	PENDING	PENDING	PENDING	PENDING	PENDING	PENDING	PENDING	PENDING	PENDING	PENDING
e5076a88905521c6756a3cf943a7ac522e0f98f7c8a669f7301707e9bb4dc513	v4	rag_nexus_ses_terminale_specialite	01_EDUSCOL_OFFICIEL/LYCEE/TRANSVERSAL_MULTI_NIVEAUX/80_A_VERIFIER/SES/03_RESSOURCES_ACCOMPAGNEMENT/2020/quels-sont-les-fondements-du-commerce-international-et-de-l-internationalisation-de-la-production-pdf-443-17-ko--e5076a8890.pdf	https://eduscol.education.gouv.fr/5838/programmes-et-ressources-en-sciences-economiques-et-sociales-voie-gt	20	CLEARED	OFFICIAL_SNAPSHOT_NETWORK_UNVERIFIABLE	NONE_DETECTED	false	PENDING	PENDING	PENDING	PENDING	PENDING	PENDING	PENDING	PENDING	PENDING	PENDING	PENDING	PENDING
e57dc041b1eb7ce7d68ecf8a3adde8613eba65dc8472d0747c93cb341346765e	v4	rag_nexus_hlp_premiere_specialite,rag_nexus_hlp_terminale_specialite	01_EDUSCOL_OFFICIEL/LYCEE/PREMIERE/FRANCAIS/01_PROGRAMMES_OFFICIELS/2019/specialite-hlp-en-premiere-bo-special-n-1-du-22-janvier-2019-pdf-239-21-ko--e57dc041b1.pdf	https://eduscol.education.gouv.fr/5805/programmes-et-ressources-en-humanites-litterature-et-philosophie-voie-g	8	CLEARED	OFFICIAL_SNAPSHOT_NETWORK_UNVERIFIABLE	reproduction_or_third_party:p1,reproduction_or_third_party:p2,reproduction_or_third_party:p3,reproduction_or_third_party:p4,reproduction_or_third_party:p5,reproduction_or_third_party:p6,reproduction_or_third_party:p7,reproduction_or_third_party:p8	false	PENDING	PENDING	PENDING	PENDING	PENDING	PENDING	PENDING	PENDING	PENDING	PENDING	PENDING	PENDING
e58d59edbfbe2a04f34a2c10a04151255931edbace1019cf0271942b1e30c33d	v4	rag_nexus_ses_premiere_specialite,rag_nexus_ses_terminale_specialite	01_EDUSCOL_OFFICIEL/LYCEE/TRANSVERSAL_MULTI_NIVEAUX/80_A_VERIFIER/SES/04_EVALUATIONS_EXAMENS/2023/terminale-faut-il-relocaliser-les-activites-economiques-pdf-757-82-ko--e58d59edbf.pdf	https://eduscol.education.gouv.fr/5838/programmes-et-ressources-en-sciences-economiques-et-sociales-voie-gt	11	CLEARED	OFFICIAL_SNAPSHOT_NETWORK_UNVERIFIABLE	reproduction_or_third_party:p8	false	PENDING	PENDING	PENDING	PENDING	PENDING	PENDING	PENDING	PENDING	PENDING	PENDING	PENDING	PENDING
e591a87aee633ca3b2593e2d4fd5b183e518ebe0f9d4861e4cdfe0f494f39439	v4	rag_nexus_dgemc_terminale_option	01_EDUSCOL_OFFICIEL/LYCEE/TRANSVERSAL_MULTI_NIVEAUX/10_ACTUEL_CONFIRME/DGEMC/01_PROGRAMMES_OFFICIELS/2023/telechargez-le-programme-de-dgemc-en-terminales-generale-et-technologique-pdf-930-41-ko--e591a87aee.pdf	https://eduscol.education.gouv.fr/sites/default/files/document/annexeprogrammedgemcmodifiepdf-84138.pdf	16	CLEARED	OFFICIAL_SNAPSHOT_NETWORK_UNVERIFIABLE	reproduction_or_third_party:p1,reproduction_or_third_party:p2,reproduction_or_third_party:p3,reproduction_or_third_party:p4,reproduction_or_third_party:p5,reproduction_or_third_party:p6,reproduction_or_third_party:p7,reproduction_or_third_party:p8,reproduction_or_third_party:p9,reproduction_or_third_party:p10,reproduction_or_third_party:p11,reproduction_or_third_party:p12,reproduction_or_third_party:p13,reproduction_or_third_party:p14,reproduction_or_third_party:p15,reproduction_or_third_party:p16	false	PENDING	PENDING	PENDING	PENDING	PENDING	PENDING	PENDING	PENDING	PENDING	PENDING	PENDING	PENDING
e665756e63cd5c67b641e31d05c78a4ea74d399cfe1f766ea91a2b6665097f4a	v4	rag_nexus_hlp_premiere_specialite,rag_nexus_hlp_terminale_specialite	01_EDUSCOL_OFFICIEL/LYCEE/TRANSVERSAL_MULTI_NIVEAUX/80_A_VERIFIER/_MULTI_DISCIPLINES/09_AUTRES/2019/exploitation-du-groupement-de-textes-complementaires--e665756e63.pdf	https://eduscol.education.gouv.fr/5793/programmes-et-ressources-en-francais-voie-gt	3	CLEARED	OFFICIAL_SNAPSHOT_NETWORK_UNVERIFIABLE	NONE_DETECTED	false	PENDING	PENDING	PENDING	PENDING	PENDING	PENDING	PENDING	PENDING	PENDING	PENDING	PENDING	PENDING
e67615ce8aca84a793f14c008df87279ad9afa7e3f7c18cdf04daae12f89e977	v4	rag_nexus_ses_premiere_specialite,rag_nexus_ses_terminale_specialite	01_EDUSCOL_OFFICIEL/LYCEE/SECONDE/SES/05_ANNALES_SUJETS_CORRIGES/2025/affiche-cadre-d-usage-de-l-ia-en-education--e67615ce8a.pdf	https://eduscol.education.gouv.fr/6702/les-intelligences-artificielles-et-leurs-usages-en-education	1	CLEARED	OFFICIAL_SNAPSHOT_NETWORK_UNVERIFIABLE	confidential_or_internal:p1	false	PENDING	PENDING	PENDING	PENDING	PENDING	PENDING	PENDING	PENDING	PENDING	PENDING	PENDING	PENDING
e6e79fca2c18efec668e5d89873fc8781ae85b31703d42e4a911cac46dc31917	v4	rag_nexus_nsi_terminale_specialite	01_EDUSCOL_OFFICIEL/LYCEE/TRANSVERSAL_MULTI_NIVEAUX/80_A_VERIFIER/NSI/03_RESSOURCES_ACCOMPAGNEMENT/2021/arbres-binaires-de-recherche-pdf-239-28-ko--e6e79fca2c.pdf	https://eduscol.education.gouv.fr/5823/programmes-et-ressources-en-numerique-et-sciences-informatiques-voie-g	5	CLEARED	OFFICIAL_SNAPSHOT_NETWORK_UNVERIFIABLE	NONE_DETECTED	false	PENDING	PENDING	PENDING	PENDING	PENDING	PENDING	PENDING	PENDING	PENDING	PENDING	PENDING	PENDING
e73a4c95064ead324a3f07a177169761e71ab1503c36d1e92b06fcbb5dec3966	v4	rag_nexus_hlp_premiere_specialite,rag_nexus_hlp_terminale_specialite	01_EDUSCOL_OFFICIEL/LYCEE/TRANSVERSAL_MULTI_NIVEAUX/80_A_VERIFIER/_MULTI_DISCIPLINES/01_PROGRAMMES_OFFICIELS/2024/texte-et-representation-pdf-223-54-ko--e73a4c9506.pdf	https://eduscol.education.gouv.fr/5793/programmes-et-ressources-en-francais-voie-gt	8	CLEARED	OFFICIAL_SNAPSHOT_NETWORK_UNVERIFIABLE	NONE_DETECTED	false	PENDING	PENDING	PENDING	PENDING	PENDING	PENDING	PENDING	PENDING	PENDING	PENDING	PENDING	PENDING
e772ccd8d680588dcd898c2e10fd7603fa540027b4140f3c4318fc5d90badf8e	v4	rag_nexus_hlp_premiere_specialite	01_EDUSCOL_OFFICIEL/LYCEE/PREMIERE/HLP/03_RESSOURCES_ACCOMPAGNEMENT/2021/une-rhetorique-a-fonds-multiples-jeux-et-enjeux-de-la-parole-en-quatre-etudes-pdf-167-39-ko--e772ccd8d6.pdf	https://eduscol.education.gouv.fr/5805/programmes-et-ressources-en-humanites-litterature-et-philosophie-voie-g	12	CLEARED	OFFICIAL_SNAPSHOT_NETWORK_UNVERIFIABLE	NONE_DETECTED	false	PENDING	PENDING	PENDING	PENDING	PENDING	PENDING	PENDING	PENDING	PENDING	PENDING	PENDING	PENDING
e80d76b74cbb5823d638ab67e56922c495d7282b983b33993e5664fc66bf61ff	v4	rag_nexus_dgemc_terminale_option	01_EDUSCOL_OFFICIEL/LYCEE/TRANSVERSAL_MULTI_NIVEAUX/80_A_VERIFIER/DGEMC/09_AUTRES/2025/la-place-de-l-europe-et-de-l-union-europeenne-ue-dans-les-programmes-d-enseignement-pdf-258-18-ko--e80d76b74c.pdf	https://eduscol.education.gouv.fr/6660/ressources-pedagogiques-pour-mieux-connaitre-l-europe	15	CLEARED	OFFICIAL_SNAPSHOT_NETWORK_UNVERIFIABLE	NONE_DETECTED	false	PENDING	PENDING	PENDING	PENDING	PENDING	PENDING	PENDING	PENDING	PENDING	PENDING	PENDING	PENDING
e888540f4698020c2b324573101cff3573cbfb6cdd0eb59a71da5313a42acfc9	v4	rag_nexus_hlp_premiere_specialite	01_EDUSCOL_OFFICIEL/LYCEE/TRANSVERSAL_MULTI_NIVEAUX/10_ACTUEL_CONFIRME/_MULTI_DISCIPLINES/01_PROGRAMMES_OFFICIELS/2019/introduction-a-l-enseignement-humanites-litterature-et-philosophie-pdf-126-03-ko--e888540f46.pdf	https://eduscol.education.gouv.fr/5805/programmes-et-ressources-en-humanites-litterature-et-philosophie-voie-g	4	CLEARED	OFFICIAL_SNAPSHOT_NETWORK_UNVERIFIABLE	NONE_DETECTED	false	PENDING	PENDING	PENDING	PENDING	PENDING	PENDING	PENDING	PENDING	PENDING	PENDING	PENDING	PENDING
e89c1f14273c36a004ab6a563af26210400d5fb147f42a76da9f448375f80d6c	v4	rag_nexus_ses_premiere_specialite	01_EDUSCOL_OFFICIEL/LYCEE/TRANSVERSAL_MULTI_NIVEAUX/80_A_VERIFIER/SES/03_RESSOURCES_ACCOMPAGNEMENT/2019/comment-les-agents-economiques-se-financent-ils-pdf-357-14-ko--e89c1f1427.pdf	https://eduscol.education.gouv.fr/5838/programmes-et-ressources-en-sciences-economiques-et-sociales-voie-gt	7	CLEARED	OFFICIAL_SNAPSHOT_NETWORK_UNVERIFIABLE	NONE_DETECTED	false	PENDING	PENDING	PENDING	PENDING	PENDING	PENDING	PENDING	PENDING	PENDING	PENDING	PENDING	PENDING
e8eb4be88578d123c356c18cc6bc7f76fae5485a77a7807f9d9ec02db46b3b1c	v5	rag_nexus_hggsp_premiere_specialite	01_EDUSCOL_OFFICIEL/LYCEE/TRANSVERSAL_MULTI_NIVEAUX/80_A_VERIFIER/_MULTI_DISCIPLINES/09_AUTRES/2020/la-chine-des-recompositions-spatiales-multiples-pdf-592-16-ko--e8eb4be885.pdf	https://eduscol.education.gouv.fr/5799/programmes-et-ressources-en-histoire-geographie-voie-gt	9	CLEARED	OFFICIAL_SNAPSHOT_NETWORK_UNVERIFIABLE	NONE_DETECTED	false	PENDING	PENDING	PENDING	PENDING	PENDING	PENDING	PENDING	PENDING	PENDING	PENDING	PENDING	PENDING
e93a6ce5299140c298d25a0563f81970183159d23fcca4612f15c7a5e837e3f9	v5	rag_nexus_hggsp_premiere_specialite,rag_nexus_hggsp_terminale_specialite	01_EDUSCOL_OFFICIEL/LYCEE/TRANSVERSAL_MULTI_NIVEAUX/80_A_VERIFIER/_MULTI_DISCIPLINES/09_AUTRES/2023/du-monde-bipolaire-au-monde-multipolaire-pdf-268-68-ko--e93a6ce529.pdf	https://eduscol.education.gouv.fr/5799/programmes-et-ressources-en-histoire-geographie-voie-gt	18	CLEARED	OFFICIAL_SNAPSHOT_NETWORK_UNVERIFIABLE	NONE_DETECTED	false	PENDING	PENDING	PENDING	PENDING	PENDING	PENDING	PENDING	PENDING	PENDING	PENDING	PENDING	PENDING
e97609b9e1f294168390b949d1b37a862869a71b40d3be5ed1d24ecab8d1c8f1	v4	rag_nexus_hlp_premiere_specialite,rag_nexus_hlp_terminale_specialite	01_EDUSCOL_OFFICIEL/LYCEE/TRANSVERSAL_MULTI_NIVEAUX/80_A_VERIFIER/_MULTI_DISCIPLINES/01_PROGRAMMES_OFFICIELS/2026/les-entretiens-sur-la-pluralite-des-mondes-lire-pour-s-approprier-l-uvre-et-le-parcours-pdf-294-64-ko--e97609b9e1.pdf	https://eduscol.education.gouv.fr/5793/programmes-et-ressources-en-francais-voie-gt	12	CLEARED	OFFICIAL_SNAPSHOT_NETWORK_UNVERIFIABLE	NONE_DETECTED	false	PENDING	PENDING	PENDING	PENDING	PENDING	PENDING	PENDING	PENDING	PENDING	PENDING	PENDING	PENDING
e9eb05e1a4ca41be7a1b75ac8854eb82d7ac9b8d85d2c507da47e545b7f94c42	v4	rag_nexus_svt_premiere_specialite,rag_nexus_svt_terminale_specialite	01_EDUSCOL_OFFICIEL/LYCEE/TRANSVERSAL_MULTI_NIVEAUX/80_A_VERIFIER/SVT/01_PROGRAMMES_OFFICIELS/2021/le-grand-orateur-en-svt-argumentation-orale-pdf-174-34-ko--e9eb05e1a4.pdf	https://eduscol.education.gouv.fr/5835/programmes-et-ressources-en-sciences-de-la-vie-et-de-la-terre-voie-gt	9	CLEARED	OFFICIAL_SNAPSHOT_NETWORK_UNVERIFIABLE	NONE_DETECTED	false	PENDING	PENDING	PENDING	PENDING	PENDING	PENDING	PENDING	PENDING	PENDING	PENDING	PENDING	PENDING
eb41272a7a574bdb64c8547982892dadf1bd1324895d5b4a1e206de2493b9b1d	v4	rag_nexus_hlp_premiere_specialite,rag_nexus_hlp_terminale_specialite	01_EDUSCOL_OFFICIEL/LYCEE/TRANSVERSAL_MULTI_NIVEAUX/10_ACTUEL_CONFIRME/_MULTI_DISCIPLINES/01_PROGRAMMES_OFFICIELS/2023/deux-groupements-de-textes-pour-le-parcours-raison-et-sentiments-pdf-156-12-ko--eb41272a7a.pdf	https://eduscol.education.gouv.fr/5793/programmes-et-ressources-en-francais-voie-gt	7	CLEARED	OFFICIAL_SNAPSHOT_NETWORK_UNVERIFIABLE	NONE_DETECTED	false	PENDING	PENDING	PENDING	PENDING	PENDING	PENDING	PENDING	PENDING	PENDING	PENDING	PENDING	PENDING
ebaf31091950beba0b6ae5302a2df27256fa793c65fcfdbebd53334ff199b87c	v4	rag_nexus_hlp_premiere_specialite,rag_nexus_hlp_terminale_specialite	01_EDUSCOL_OFFICIEL/LYCEE/TRANSVERSAL_MULTI_NIVEAUX/80_A_VERIFIER/_MULTI_DISCIPLINES/03_RESSOURCES_ACCOMPAGNEMENT/2025/entrer-dans-le-discours-de-la-servitude-volontaire-de-la-boetie-par-la-decouverte-de-son-contexte-et-de-sa-reception-pdf-230-05-ko--ebaf310919.pdf	https://eduscol.education.gouv.fr/5793/programmes-et-ressources-en-francais-voie-gt	8	CLEARED	OFFICIAL_SNAPSHOT_NETWORK_UNVERIFIABLE	NONE_DETECTED	false	PENDING	PENDING	PENDING	PENDING	PENDING	PENDING	PENDING	PENDING	PENDING	PENDING	PENDING	PENDING
ebbda34a1b2e05d979bbf81a28e0d95a457d2672bce1f5519dfbc741bbe3a441	v4	rag_nexus_hlp_premiere_specialite,rag_nexus_hlp_terminale_specialite	01_EDUSCOL_OFFICIEL/LYCEE/TRANSVERSAL_MULTI_NIVEAUX/80_A_VERIFIER/_MULTI_DISCIPLINES/01_PROGRAMMES_OFFICIELS/2024/parcours-theatre-et-dispute-lectures-cursives-et-corpus-pdf-210-8-ko--ebbda34a1b.pdf	https://eduscol.education.gouv.fr/5793/programmes-et-ressources-en-francais-voie-gt	6	CLEARED	OFFICIAL_SNAPSHOT_NETWORK_UNVERIFIABLE	NONE_DETECTED	false	PENDING	PENDING	PENDING	PENDING	PENDING	PENDING	PENDING	PENDING	PENDING	PENDING	PENDING	PENDING
ebe2d96d24600df85e16b67f7185657026e4b1c59010216cbfd99bf657048544	v4	rag_nexus_dgemc_terminale_option	01_EDUSCOL_OFFICIEL/LYCEE/TRANSVERSAL_MULTI_NIVEAUX/20_TRANSITION_OU_ACTUEL/DGEMC/09_AUTRES/2026/reglement-2026-2027-pdf-202-78-ko--ebe2d96d24.pdf	https://eduscol.education.gouv.fr/6162/initiadroit-et-la-coupe-nationale-des-eleves-citoyens	4	DETECTED_REVIEWED_ACCEPTED	OFFICIAL_SNAPSHOT_NETWORK_UNVERIFIABLE	NONE_DETECTED	false	PENDING	PENDING	PENDING	PENDING	PENDING	PENDING	PENDING	PENDING	PENDING	PENDING	PENDING	PENDING
ed2784baa49214dea462e177c23132c78866b8d5615e0dcd8cf1a9df7f49a9c5	v4	rag_nexus_svt_premiere_specialite,rag_nexus_svt_terminale_specialite	01_EDUSCOL_OFFICIEL/LYCEE/SECONDE/SVT/01_PROGRAMMES_OFFICIELS/2019/seconde-generale-et-technologique-bo-special-n-1-du-22-janvier-2019-pdf-314-33-ko--ed2784baa4.pdf	https://eduscol.education.gouv.fr/5835/programmes-et-ressources-en-sciences-de-la-vie-et-de-la-terre-voie-gt	16	CLEARED	OFFICIAL_SNAPSHOT_NETWORK_UNVERIFIABLE	reproduction_or_third_party:p1,reproduction_or_third_party:p2,reproduction_or_third_party:p3,reproduction_or_third_party:p4,reproduction_or_third_party:p5,reproduction_or_third_party:p6,reproduction_or_third_party:p7,reproduction_or_third_party:p8,reproduction_or_third_party:p9,reproduction_or_third_party:p10,reproduction_or_third_party:p11,reproduction_or_third_party:p12,reproduction_or_third_party:p13,reproduction_or_third_party:p14,reproduction_or_third_party:p15,reproduction_or_third_party:p16	false	PENDING	PENDING	PENDING	PENDING	PENDING	PENDING	PENDING	PENDING	PENDING	PENDING	PENDING	PENDING
ed41fbe5317c8a33bfd9349f55af1328eb81230150b081e4d51c2c9987e3adc4	v4	rag_nexus_svt_terminale_specialite	01_EDUSCOL_OFFICIEL/LYCEE/SECONDE/SVT/04_EVALUATIONS_EXAMENS/2020/communiquer-par-un-poster-scientifique-la-domestication-des-plantes-pdf-830-9-ko--ed41fbe531.pdf	https://eduscol.education.gouv.fr/5835/programmes-et-ressources-en-sciences-de-la-vie-et-de-la-terre-voie-gt	13	CLEARED	OFFICIAL_SNAPSHOT_NETWORK_UNVERIFIABLE	NONE_DETECTED	false	PENDING	PENDING	PENDING	PENDING	PENDING	PENDING	PENDING	PENDING	PENDING	PENDING	PENDING	PENDING
ed6ba52c8077488fbebec89ec460b7253bc69ea745516895d31f337b05e47eda	v4	rag_nexus_hlp_premiere_specialite,rag_nexus_hlp_terminale_specialite	01_EDUSCOL_OFFICIEL/LYCEE/TRANSVERSAL_MULTI_NIVEAUX/80_A_VERIFIER/_MULTI_DISCIPLINES/01_PROGRAMMES_OFFICIELS/2024/proposition-de-groupement-de-textes-corpus-1-pdf-136-28-ko--ed6ba52c80.pdf	https://eduscol.education.gouv.fr/5793/programmes-et-ressources-en-francais-voie-gt	5	CLEARED	OFFICIAL_SNAPSHOT_NETWORK_UNVERIFIABLE	NONE_DETECTED	false	PENDING	PENDING	PENDING	PENDING	PENDING	PENDING	PENDING	PENDING	PENDING	PENDING	PENDING	PENDING
eed43caa3dc449950ae18fc4ac95230a2125afcc0ae9387a88ada958a2367bc1	v4	rag_nexus_ses_terminale_specialite	01_EDUSCOL_OFFICIEL/LYCEE/TRANSVERSAL_MULTI_NIVEAUX/80_A_VERIFIER/SES/03_RESSOURCES_ACCOMPAGNEMENT/2020/comment-expliquer-l-engagement-politique-dans-les-societes-democratiques-pdf-175-ko--eed43caa3d.pdf	https://eduscol.education.gouv.fr/5838/programmes-et-ressources-en-sciences-economiques-et-sociales-voie-gt	10	CLEARED	OFFICIAL_SNAPSHOT_NETWORK_UNVERIFIABLE	NONE_DETECTED	false	PENDING	PENDING	PENDING	PENDING	PENDING	PENDING	PENDING	PENDING	PENDING	PENDING	PENDING	PENDING
f0a7b8af3a16e9777d6f05bbc75a52db6cb1f1abd627b9590349cf9b238d4134	v4	rag_nexus_dgemc_terminale_option	01_EDUSCOL_OFFICIEL/LYCEE/TRANSVERSAL_MULTI_NIVEAUX/80_A_VERIFIER/DGEMC/03_RESSOURCES_ACCOMPAGNEMENT/2021/pistes-pedagogiques-pour-le-lycee-pdf-600-54-ko--f0a7b8af3a.pdf	https://eduscol.education.gouv.fr/6660/ressources-pedagogiques-pour-mieux-connaitre-l-europe	8	CLEARED	OFFICIAL_SNAPSHOT_NETWORK_UNVERIFIABLE	NONE_DETECTED	false	PENDING	PENDING	PENDING	PENDING	PENDING	PENDING	PENDING	PENDING	PENDING	PENDING	PENDING	PENDING
f1adebff9abb216e601e1eeac23e9fba8c6fadf49d8eaa65401630baa1967948	v4	rag_nexus_dgemc_terminale_option	01_EDUSCOL_OFFICIEL/LYCEE/TRANSVERSAL_MULTI_NIVEAUX/80_A_VERIFIER/DGEMC/03_RESSOURCES_ACCOMPAGNEMENT/2021/pistes-pedagogiques-pour-le-college-pdf-596-72-ko--f1adebff9a.pdf	https://eduscol.education.gouv.fr/6660/ressources-pedagogiques-pour-mieux-connaitre-l-europe	7	CLEARED	OFFICIAL_SNAPSHOT_NETWORK_UNVERIFIABLE	NONE_DETECTED	false	PENDING	PENDING	PENDING	PENDING	PENDING	PENDING	PENDING	PENDING	PENDING	PENDING	PENDING	PENDING
f1d361e561614a7f3e46ca4cd1c5435d45b02b3b7fd1040b29c1ebd463af259a	v4	rag_nexus_hlp_premiere_specialite,rag_nexus_hlp_terminale_specialite	01_EDUSCOL_OFFICIEL/LYCEE/TRANSVERSAL_MULTI_NIVEAUX/80_A_VERIFIER/_MULTI_DISCIPLINES/01_PROGRAMMES_OFFICIELS/2024/pour-un-oui-ou-pour-un-non-de-nathalie-sarraute-l-uvre-le-parcours-parcours-theatre-et-dispute-pdf-141-97-ko--f1d361e561.pdf	https://eduscol.education.gouv.fr/5793/programmes-et-ressources-en-francais-voie-gt	3	CLEARED	OFFICIAL_SNAPSHOT_NETWORK_UNVERIFIABLE	NONE_DETECTED	false	PENDING	PENDING	PENDING	PENDING	PENDING	PENDING	PENDING	PENDING	PENDING	PENDING	PENDING	PENDING
f21c80ab3aaa9084fe631f7c38d6ca1451f77c529f8ab2d62296817741bf8963	v4	rag_nexus_nsi_premiere_specialite,rag_nexus_nsi_terminale_specialite	01_EDUSCOL_OFFICIEL/LYCEE/PREMIERE/NSI/07_DIAPORAMAS_SUPPORTS/2019/manipulation-de-tables-avec-la-bibliotheque-pandas-pdf-146-17-ko--f21c80ab3a.pdf	https://eduscol.education.gouv.fr/5823/programmes-et-ressources-en-numerique-et-sciences-informatiques-voie-g	5	DETECTED_REVIEWED_ACCEPTED	OFFICIAL_SNAPSHOT_NETWORK_UNVERIFIABLE	NONE_DETECTED	false	PENDING	PENDING	PENDING	PENDING	PENDING	PENDING	PENDING	PENDING	PENDING	PENDING	PENDING	PENDING
f2e7754ca576f4a9fe585cf7da0db0adbe1037ca1035fecfefe253c76b60eb7c	v4	rag_nexus_nsi_terminale_specialite	01_EDUSCOL_OFFICIEL/LYCEE/TRANSVERSAL_MULTI_NIVEAUX/80_A_VERIFIER/NSI/09_AUTRES/2021/des-circuits-aux-systemes-sur-puces-questionnaire-pdf-602-29-ko--f2e7754ca5.pdf	https://eduscol.education.gouv.fr/5823/programmes-et-ressources-en-numerique-et-sciences-informatiques-voie-g	7	CLEARED	OFFICIAL_SNAPSHOT_NETWORK_UNVERIFIABLE	NONE_DETECTED	false	PENDING	PENDING	PENDING	PENDING	PENDING	PENDING	PENDING	PENDING	PENDING	PENDING	PENDING	PENDING
f3aeb9b1ccb699f5beba4b6d4aa08e3cce4dab5f21daae01e3ee0f30816d468b	v5	rag_nexus_hggsp_premiere_specialite,rag_nexus_hggsp_terminale_specialite	01_EDUSCOL_OFFICIEL/LYCEE/TRANSVERSAL_MULTI_NIVEAUX/80_A_VERIFIER/_MULTI_DISCIPLINES/09_AUTRES/2024/la-troisieme-republique-un-regime-un-empire-colonial-pdf-229-98-ko--f3aeb9b1cc.pdf	https://eduscol.education.gouv.fr/5799/programmes-et-ressources-en-histoire-geographie-voie-gt	17	CLEARED	OFFICIAL_SNAPSHOT_NETWORK_UNVERIFIABLE	NONE_DETECTED	false	PENDING	PENDING	PENDING	PENDING	PENDING	PENDING	PENDING	PENDING	PENDING	PENDING	PENDING	PENDING
f5516f1bbcaae63e9aeaa833299cf0318769bce2b0eee74007ec0dd72e2c16ca	v4	rag_nexus_nsi_premiere_specialite,rag_nexus_nsi_terminale_specialite	01_EDUSCOL_OFFICIEL/LYCEE/PREMIERE/NSI/07_DIAPORAMAS_SUPPORTS/2020/structures-de-donnees-pdf-443-07-ko--f5516f1bbc.pdf	https://eduscol.education.gouv.fr/5823/programmes-et-ressources-en-numerique-et-sciences-informatiques-voie-g	15	CLEARED	OFFICIAL_SNAPSHOT_NETWORK_UNVERIFIABLE	NONE_DETECTED	false	PENDING	PENDING	PENDING	PENDING	PENDING	PENDING	PENDING	PENDING	PENDING	PENDING	PENDING	PENDING
f61ceb9f4e0887c31f455328ae9771633d760dc3d5bd9a1914e2f77c8288b563	v4	rag_nexus_ses_premiere_specialite,rag_nexus_ses_terminale_specialite	01_EDUSCOL_OFFICIEL/LYCEE/SECONDE/SES/01_PROGRAMMES_OFFICIELS/2019/enseignement-commun-de-ses-de-seconde-generale-et-technologique-bo-special-n-1-du-22-janvier-2019-pdf-166-29-ko--f61ceb9f4e.pdf	https://eduscol.education.gouv.fr/5838/programmes-et-ressources-en-sciences-economiques-et-sociales-voie-gt	3	CLEARED	OFFICIAL_SNAPSHOT_NETWORK_UNVERIFIABLE	reproduction_or_third_party:p1,reproduction_or_third_party:p2,reproduction_or_third_party:p3	false	PENDING	PENDING	PENDING	PENDING	PENDING	PENDING	PENDING	PENDING	PENDING	PENDING	PENDING	PENDING
f636ef6038c2379502bae01d5fdf06556aea70500a42b7adf9bd9f3996fe1d13	v4	rag_nexus_nsi_premiere_specialite,rag_nexus_nsi_terminale_specialite	01_EDUSCOL_OFFICIEL/LYCEE/TERMINALE/NSI/03_RESSOURCES_ACCOMPAGNEMENT/2020/calculabilite-et-decidabilite-pdf-433-14-ko--f636ef6038.pdf	https://eduscol.education.gouv.fr/5823/programmes-et-ressources-en-numerique-et-sciences-informatiques-voie-g	7	DETECTED_REVIEWED_ACCEPTED	OFFICIAL_SNAPSHOT_NETWORK_UNVERIFIABLE	NONE_DETECTED	false	PENDING	PENDING	PENDING	PENDING	PENDING	PENDING	PENDING	PENDING	PENDING	PENDING	PENDING	PENDING
f88ee598aaa77e2aa0a9ae1d3f7bf88d73a38e6d3ed4a547c0fa7c801775166b	v4	rag_nexus_hlp_premiere_specialite,rag_nexus_hlp_terminale_specialite	01_EDUSCOL_OFFICIEL/LYCEE/TRANSVERSAL_MULTI_NIVEAUX/80_A_VERIFIER/_MULTI_DISCIPLINES/03_RESSOURCES_ACCOMPAGNEMENT/2025/le-savoir-au-prisme-de-l-imaginaire-dans-les-entretiens-sur-la-pluralite-des-mondes-de-fontenelle-pdf-200-16-ko--f88ee598aa.pdf	https://eduscol.education.gouv.fr/5793/programmes-et-ressources-en-francais-voie-gt	8	CLEARED	OFFICIAL_SNAPSHOT_NETWORK_UNVERIFIABLE	NONE_DETECTED	false	PENDING	PENDING	PENDING	PENDING	PENDING	PENDING	PENDING	PENDING	PENDING	PENDING	PENDING	PENDING
f8a44427a5bd5fb0fb07af5cad59c41cd42d6fee936d7f1fac78d1abb9dc2b26	v4	rag_nexus_hlp_premiere_specialite,rag_nexus_hlp_terminale_specialite	01_EDUSCOL_OFFICIEL/LYCEE/TRANSVERSAL_MULTI_NIVEAUX/80_A_VERIFIER/_MULTI_DISCIPLINES/03_RESSOURCES_ACCOMPAGNEMENT/2026/zilia-nouvelliste-moraliste-philosophe-reportage-sur-la-france-des-lumieres-pdf-159-96-ko--f8a44427a5.pdf	https://eduscol.education.gouv.fr/5793/programmes-et-ressources-en-francais-voie-gt	7	CLEARED	OFFICIAL_SNAPSHOT_NETWORK_UNVERIFIABLE	NONE_DETECTED	false	PENDING	PENDING	PENDING	PENDING	PENDING	PENDING	PENDING	PENDING	PENDING	PENDING	PENDING	PENDING
f8f3beb077415749ccd22048b8dd4011a9bb7156c2f1818cb800056cf13ff606	v4	rag_nexus_nsi_terminale_specialite	01_EDUSCOL_OFFICIEL/LYCEE/TRANSVERSAL_MULTI_NIVEAUX/80_A_VERIFIER/NSI/05_ANNALES_SUJETS_CORRIGES/2021/des-circuits-aux-systemes-sur-puces-corrige-pdf-611-76-ko--f8f3beb077.pdf	https://eduscol.education.gouv.fr/5823/programmes-et-ressources-en-numerique-et-sciences-informatiques-voie-g	8	CLEARED	OFFICIAL_SNAPSHOT_NETWORK_UNVERIFIABLE	NONE_DETECTED	false	PENDING	PENDING	PENDING	PENDING	PENDING	PENDING	PENDING	PENDING	PENDING	PENDING	PENDING	PENDING
faaad0c16d759083d672d420be7838ff68a2f7ba9232d28af53e9008a82d9459	v5	rag_nexus_hggsp_premiere_specialite,rag_nexus_hggsp_terminale_specialite	01_EDUSCOL_OFFICIEL/LYCEE/TERMINALE/HGGSP/03_RESSOURCES_ACCOMPAGNEMENT/2025/la-ressource-pour-la-classe-terminale-technologique-la-france-au-cameroun-une-guerre-de-decolonisation-en-afrique-centrale-pdf-417--faaad0c16d.pdf	https://eduscol.education.gouv.fr/5799/programmes-et-ressources-en-histoire-geographie-voie-gt	4	CLEARED	OFFICIAL_SNAPSHOT_NETWORK_UNVERIFIABLE	NONE_DETECTED	false	PENDING	PENDING	PENDING	PENDING	PENDING	PENDING	PENDING	PENDING	PENDING	PENDING	PENDING	PENDING
fb89457f3bb84300cee45d5ad833fb7d8f44dc1f5b43a7a760487faac3ddae00	v4	rag_nexus_nsi_terminale_specialite	01_EDUSCOL_OFFICIEL/LYCEE/TERMINALE/NSI/03_RESSOURCES_ACCOMPAGNEMENT/2021/recursivite-pdf-1-21-mo--fb89457f3b.pdf	https://eduscol.education.gouv.fr/5823/programmes-et-ressources-en-numerique-et-sciences-informatiques-voie-g	22	CLEARED	OFFICIAL_SNAPSHOT_NETWORK_UNVERIFIABLE	NONE_DETECTED	false	PENDING	PENDING	PENDING	PENDING	PENDING	PENDING	PENDING	PENDING	PENDING	PENDING	PENDING	PENDING
fc4de5d107a8939d227fca9c718cfc6814db1fe936d98032d4269ce44fc2531d	v4	rag_nexus_hlp_premiere_specialite,rag_nexus_hlp_terminale_specialite	01_EDUSCOL_OFFICIEL/LYCEE/TRANSVERSAL_MULTI_NIVEAUX/80_A_VERIFIER/_MULTI_DISCIPLINES/01_PROGRAMMES_OFFICIELS/2023/mes-forets-la-forme-d-un-livre-2-pdf-169-47-ko--fc4de5d107.pdf	https://eduscol.education.gouv.fr/5793/programmes-et-ressources-en-francais-voie-gt	6	CLEARED	OFFICIAL_SNAPSHOT_NETWORK_UNVERIFIABLE	NONE_DETECTED	false	PENDING	PENDING	PENDING	PENDING	PENDING	PENDING	PENDING	PENDING	PENDING	PENDING	PENDING	PENDING
fc7a8b53bc7bbcd95e213cfa41fcfa7477e581a7f0eef93891e6b4d4f6071776	v5	rag_nexus_hggsp_terminale_specialite	01_EDUSCOL_OFFICIEL/LYCEE/TRANSVERSAL_MULTI_NIVEAUX/80_A_VERIFIER/_MULTI_DISCIPLINES/09_AUTRES/2021/le-monde-l-europe-et-la-france-depuis-les-annees-1990-entre-cooperations-et-conflits-pdf-270-48-ko--fc7a8b53bc.pdf	https://eduscol.education.gouv.fr/5799/programmes-et-ressources-en-histoire-geographie-voie-gt	20	CLEARED	OFFICIAL_SNAPSHOT_NETWORK_UNVERIFIABLE	NONE_DETECTED	false	PENDING	PENDING	PENDING	PENDING	PENDING	PENDING	PENDING	PENDING	PENDING	PENDING	PENDING	PENDING
fdf819bda428b70a8e7409e0bb67d72dafad0aebace0c209dc1c05a2fabfa49f	v4	rag_nexus_hlp_premiere_specialite	01_EDUSCOL_OFFICIEL/LYCEE/TRANSVERSAL_MULTI_NIVEAUX/80_A_VERIFIER/_MULTI_DISCIPLINES/09_AUTRES/2019/exemple-de-groupement-de-textes-complementaires--fdf819bda4.pdf	https://eduscol.education.gouv.fr/5793/programmes-et-ressources-en-francais-voie-gt	10	CLEARED	OFFICIAL_SNAPSHOT_NETWORK_UNVERIFIABLE	NONE_DETECTED	false	PENDING	PENDING	PENDING	PENDING	PENDING	PENDING	PENDING	PENDING	PENDING	PENDING	PENDING	PENDING
fe1d26535eedee3f1bc44920595faaf9a9b4aae732ebff3854d75d4177c2b202	v4	rag_nexus_nsi_premiere_specialite,rag_nexus_nsi_terminale_specialite	01_EDUSCOL_OFFICIEL/LYCEE/TRANSVERSAL_MULTI_NIVEAUX/80_A_VERIFIER/NSI/01_PROGRAMMES_OFFICIELS/2019/mise-au-point-de-programmes-testes-pdf-147-73-ko--fe1d26535e.pdf	https://eduscol.education.gouv.fr/5823/programmes-et-ressources-en-numerique-et-sciences-informatiques-voie-g	5	CLEARED	OFFICIAL_SNAPSHOT_NETWORK_UNVERIFIABLE	NONE_DETECTED	false	PENDING	PENDING	PENDING	PENDING	PENDING	PENDING	PENDING	PENDING	PENDING	PENDING	PENDING	PENDING
fecd8e381166f2f98f991c89b6674aa1ff1791c320675347ed07264623701090	v4	rag_nexus_nsi_terminale_specialite	01_EDUSCOL_OFFICIEL/LYCEE/TRANSVERSAL_MULTI_NIVEAUX/80_A_VERIFIER/NSI/03_RESSOURCES_ACCOMPAGNEMENT/2022/protocoles-rip-et-ospf-pdf-383-58-ko--fecd8e3811.pdf	https://eduscol.education.gouv.fr/5823/programmes-et-ressources-en-numerique-et-sciences-informatiques-voie-g	10	CLEARED	OFFICIAL_SNAPSHOT_NETWORK_UNVERIFIABLE	NONE_DETECTED	false	PENDING	PENDING	PENDING	PENDING	PENDING	PENDING	PENDING	PENDING	PENDING	PENDING	PENDING	PENDING
fedb0951e4f1aa715ea1ca5b766da4467cc5c07733f448c1e972961a21f0c5c7	v5	rag_nexus_hggsp_premiere_specialite	01_EDUSCOL_OFFICIEL/LYCEE/TRANSVERSAL_MULTI_NIVEAUX/80_A_VERIFIER/_MULTI_DISCIPLINES/03_RESSOURCES_ACCOMPAGNEMENT/2020/la-chine-des-recompositions-spatiales-multiples-pdf-484-4-ko--fedb0951e4.pdf	https://eduscol.education.gouv.fr/5799/programmes-et-ressources-en-histoire-geographie-voie-gt	12	CLEARED	OFFICIAL_SNAPSHOT_NETWORK_UNVERIFIABLE	NONE_DETECTED	false	PENDING	PENDING	PENDING	PENDING	PENDING	PENDING	PENDING	PENDING	PENDING	PENDING	PENDING	PENDING
ffc628e67b99bbcf4fd7a8cafc96619973e6e459ce263632d1cccd1be4ec2c91	v4	rag_nexus_svt_terminale_specialite	01_EDUSCOL_OFFICIEL/LYCEE/SECONDE/SVT/03_RESSOURCES_ACCOMPAGNEMENT/2020/utiliser-une-base-de-donnees-paleontologique-pour-reconstituer-des-variations-climatiques-passees-paleobiology-database-pdf-1-31-m--ffc628e67b.pdf	https://eduscol.education.gouv.fr/5835/programmes-et-ressources-en-sciences-de-la-vie-et-de-la-terre-voie-gt	15	CLEARED	OFFICIAL_SNAPSHOT_NETWORK_UNVERIFIABLE	NONE_DETECTED	false	PENDING	PENDING	PENDING	PENDING	PENDING	PENDING	PENDING	PENDING	PENDING	PENDING	PENDING	PENDING
